"path","bytes","sha256"
".gitattributes","293","fb6a90ee4bce73beb71c2c31ab9e63965616511e26562789bfeed47cc685e3db"
".gitignore","888","ef1d0fb33c41f17e4f835028375db788da4e4e5f743ad2f82e2bbb07d34ffcfd"
".vscode/launch.json","30176","eb7f58557b4d2d4d6cc899de7a85b07d9dc33ffdbdaad0b6b934572601cdae2f"
"assets/mujoco/tabletop_wx250s_scene.xml","3335","31ff0e99a698e0887aca6690405b82176f5ff491b80763f4fe762e54faaaa606"
"data/action_profile_bank/action_profile_bank_proprio_v2.jsonl","44663","ca7e018b2cd76d36b03928413a77219af37b83a1aad7d22500f205877fa2b619"
"data/action_profile_bank/action_profile_bank_proprio_v2.npz","2997687","9e00bbba4d24a3f265538ea2dd6046ebb9520d5cf3999914987d53f21984a70e"
"data/action_profile_bank/action_profile_bank_proprio_v2_summary.json","1621","f384d23440ae0286a5a3e1fbe5960154bc110ee2590706e933c5c9b52366426e"
"data/action_profile_bank/action_profile_bank_v1.jsonl","35852","36d5e999878a09c1688975e7857b6de9d000545fd951a8d24ed34db407e638c6"
"data/action_profile_bank/action_profile_bank_v1.npz","2408424","9321f0d207371ff86d1e0dc8ffc050aa016022cf47463978bf2e3aee6227c1ac"
"data/action_profile_bank/action_profile_bank_v1_summary.json","986","a5121f853a190d94afd6868f78fd44b652d6ee237d5b4f1151c452c9d0612dc0"
"data/clip_recovery_bank/clip_recovery_bank_multitask_v2.jsonl","18245","d61ccdf89b09120f1f966b5fa1a98ed9837b819fabdf66d0cb5322dbcec292e3"
"data/clip_recovery_bank/clip_recovery_bank_multitask_v2.npz","1541431","69b011b64c27376eaca04c4e72a16a7d00e5ea46283803dc328f3bed62417be9"
"data/clip_recovery_bank/clip_recovery_bank_multitask_v2_heldout.jsonl","23165","b4b276ccb596a7c53a70ed85cce19f6ec8893a08217d29661b6d8fdd3ac0b90a"
"data/clip_recovery_bank/clip_recovery_bank_multitask_v2_heldout.npz","1952427","9cd11b57840638b314a94322f80e019491799a23fe58e7777879ce01f5b94c73"
"data/clip_recovery_bank/clip_recovery_bank_multitask_v2_heldout_summary.json","849","c3fd9daa9bf02a78a623559fdff4a9b46ac20cf84a0058949c0a930fcfebe9cd"
"data/clip_recovery_bank/clip_recovery_bank_multitask_v2_summary.json","833","9a8eefefc95f94d6781bd75ab5b150e896c86da4aa0033a56b13612eac6345a7"
"data/clip_recovery_bank/clip_recovery_bank_supplement_v1.jsonl","18250","ea870f81d8ebb5a42335a125a78b842de41a9b80450a13d881051050730ee4cc"
"data/clip_recovery_bank/clip_recovery_bank_supplement_v1.npz","1537278","a58dec50595d7a2a474b5866db22443b9c266375bf849d612f08c024258a2842"
"data/clip_recovery_bank/clip_recovery_bank_supplement_v1_summary.json","684","0b3edbea5dfc5b9a331a1e48dcebebf14889cb32f30779f4683f30527008c96b"
"data/clip_recovery_bank/clip_recovery_bank_v1.jsonl","18235","cdc7ddf67376ff41619f76df90a9683d67f48130516bd777e69f9115f63be030"
"data/clip_recovery_bank/clip_recovery_bank_v1.npz","1538189","fa9dc800191363dbe67d79fe6ec528dc675d427da9d860171eceb81996205f1e"
"data/clip_recovery_bank/clip_recovery_bank_v1_summary.json","662","f7879eb32d7386852f3a36ebe1037c3629018f6322ac3cc6c419ad3ff4179043"
"data/clip_recovery_bank/clip_recovery_multitask_training_v2.npz","5908752","314d2ff23442ace60bb315c09c4ec14aab34293c997e5202e8e0f87b6470f00f"
"data/clip_recovery_bank/clip_recovery_multitask_training_v2_summary.json","1319","aa6cf44f1a4c64d9820acbc48bca8c663da69ca47519aea49402028e170c8b68"
"data/clip_recovery_bank/clip_recovery_training_v1.npz","3071381","22e1e07bcd95e7b891178910b12eaf10d113514c1d32725ae8116abbb9332364"
"data/clip_recovery_bank/clip_recovery_training_v1_summary.json","506","abc691fc923263226df7e37e534b0f64a1a29b3ca8060872c1f1713ae1271e36"
"data/contact_phase_pairs/contact_phase_pairs_calibration_v1/metadata.jsonl","8331","758734d3da6d4ea8aa183239065ac5b59904751f6bf8b8acbd319f71787e976e"
"data/contact_phase_pairs/contact_phase_pairs_calibration_v1/states/trial_00000_success_place_blue_cube_blue_pad_seed_5000.npz","139815","4b961a8d39279db3e8a1af3f69e1fcfe5a2ba4a5d6b54bcd525a81988fbe63d6"
"data/contact_phase_pairs/contact_phase_pairs_calibration_v1/states/trial_00001_stress_place_blue_cube_blue_pad_seed_5000.npz","139778","2223bdec6698dbbab4a54c3be70e4b428a1fd38cd7b29b0b067e1181e67300f9"
"data/contact_phase_pairs/contact_phase_pairs_calibration_v1/states/trial_00002_success_place_blue_cube_red_pad_seed_5100.npz","138115","1321102895bb6e0af04b5d241f5ec6f7437b12aeb529432dfec2d2439d8fe23e"
"data/contact_phase_pairs/contact_phase_pairs_calibration_v1/states/trial_00003_stress_place_blue_cube_red_pad_seed_5100.npz","138288","c3ff580b639ed11d5f326816bfae89edde94400afb2d11144699f57c43d414f0"
"data/contact_phase_pairs/contact_phase_pairs_calibration_v1/states/trial_00004_success_place_red_cube_red_pad_seed_5200.npz","142417","88c05d013a1537a83020a317ed49d770d49d65fa0a7048076a5352f1b8b57a01"
"data/contact_phase_pairs/contact_phase_pairs_calibration_v1/states/trial_00005_stress_place_red_cube_red_pad_seed_5200.npz","142541","49c7f5fc1921127dddc16fc73a469587d8c2f7c636eefa4ecc611d9f2ed3ba3b"
"data/contact_phase_pairs/contact_phase_pairs_calibration_v1/states/trial_00006_success_move_leftmost_cube_to_bowl_seed_5300.npz","142547","b2bc3843801ff02ee0b6cfff9354a779fba2b65b95a6cfbabe53954a8e98d5d9"
"data/contact_phase_pairs/contact_phase_pairs_calibration_v1/states/trial_00007_stress_move_leftmost_cube_to_bowl_seed_5300.npz","142481","38fb1f9155e94ec002c26900a93018fa0d3605d278548bf84b0e7bdd26d73766"
"data/contact_phase_pairs/contact_phase_pairs_calibration_v1/summary.json","473","fb89711724e505d25ae2c3651102dbe452b9b5fe0b0f89d6c7747897361b5ffb"
"data/contact_phase_pairs/contact_phase_pairs_stress_calibration_v2/metadata.jsonl","8326","6e73f2212d3f524b989b95b572719437c747d11d2af09ce2c927bd2a6fe5f723"
"data/contact_phase_pairs/contact_phase_pairs_stress_calibration_v2/states/trial_00000_success_place_blue_cube_blue_pad_seed_5000.npz","139815","4b961a8d39279db3e8a1af3f69e1fcfe5a2ba4a5d6b54bcd525a81988fbe63d6"
"data/contact_phase_pairs/contact_phase_pairs_stress_calibration_v2/states/trial_00001_stress_place_blue_cube_blue_pad_seed_5000.npz","139655","65f0f538ae3aabc25833b1faf553831b07965049108ce89ff6b0ff2c8a293822"
"data/contact_phase_pairs/contact_phase_pairs_stress_calibration_v2/states/trial_00002_success_place_blue_cube_red_pad_seed_5100.npz","138115","1321102895bb6e0af04b5d241f5ec6f7437b12aeb529432dfec2d2439d8fe23e"
"data/contact_phase_pairs/contact_phase_pairs_stress_calibration_v2/states/trial_00003_stress_place_blue_cube_red_pad_seed_5100.npz","138239","886eba777df62fde6b158af427f4e9a4fb04ed4cd9db38883607aa928c618cf0"
"data/contact_phase_pairs/contact_phase_pairs_stress_calibration_v2/states/trial_00004_success_place_red_cube_red_pad_seed_5200.npz","142417","88c05d013a1537a83020a317ed49d770d49d65fa0a7048076a5352f1b8b57a01"
"data/contact_phase_pairs/contact_phase_pairs_stress_calibration_v2/states/trial_00005_stress_place_red_cube_red_pad_seed_5200.npz","142569","fa90e4abb4375737b3794e145f0fed6fb7d11442123d119e2c106788f3e2c707"
"data/contact_phase_pairs/contact_phase_pairs_stress_calibration_v2/states/trial_00006_success_move_leftmost_cube_to_bowl_seed_5300.npz","142547","b2bc3843801ff02ee0b6cfff9354a779fba2b65b95a6cfbabe53954a8e98d5d9"
"data/contact_phase_pairs/contact_phase_pairs_stress_calibration_v2/states/trial_00007_stress_move_leftmost_cube_to_bowl_seed_5300.npz","142241","6a2691722f152576c4344012dc4d2d029c18f2aefbc5b11edac93496b5a369bc"
"data/contact_phase_pairs/contact_phase_pairs_stress_calibration_v2/summary.json","473","d2a495c913492e6afd619f12adc4a649e882d93f0dab343c08adf92969faab98"
"data/contact_phase_pairs/contact_phase_pairs_stress_calibration_v3/metadata.jsonl","8326","6e73f2212d3f524b989b95b572719437c747d11d2af09ce2c927bd2a6fe5f723"
"data/contact_phase_pairs/contact_phase_pairs_stress_calibration_v3/states/trial_00000_success_place_blue_cube_blue_pad_seed_5000.npz","139815","4b961a8d39279db3e8a1af3f69e1fcfe5a2ba4a5d6b54bcd525a81988fbe63d6"
"data/contact_phase_pairs/contact_phase_pairs_stress_calibration_v3/states/trial_00001_stress_place_blue_cube_blue_pad_seed_5000.npz","139655","65f0f538ae3aabc25833b1faf553831b07965049108ce89ff6b0ff2c8a293822"
"data/contact_phase_pairs/contact_phase_pairs_stress_calibration_v3/states/trial_00002_success_place_blue_cube_red_pad_seed_5100.npz","138115","1321102895bb6e0af04b5d241f5ec6f7437b12aeb529432dfec2d2439d8fe23e"
"data/contact_phase_pairs/contact_phase_pairs_stress_calibration_v3/states/trial_00003_stress_place_blue_cube_red_pad_seed_5100.npz","138239","886eba777df62fde6b158af427f4e9a4fb04ed4cd9db38883607aa928c618cf0"
"data/contact_phase_pairs/contact_phase_pairs_stress_calibration_v3/states/trial_00004_success_place_red_cube_red_pad_seed_5200.npz","142417","88c05d013a1537a83020a317ed49d770d49d65fa0a7048076a5352f1b8b57a01"
"data/contact_phase_pairs/contact_phase_pairs_stress_calibration_v3/states/trial_00005_stress_place_red_cube_red_pad_seed_5200.npz","142569","fa90e4abb4375737b3794e145f0fed6fb7d11442123d119e2c106788f3e2c707"
"data/contact_phase_pairs/contact_phase_pairs_stress_calibration_v3/states/trial_00006_success_move_leftmost_cube_to_bowl_seed_5300.npz","142547","b2bc3843801ff02ee0b6cfff9354a779fba2b65b95a6cfbabe53954a8e98d5d9"
"data/contact_phase_pairs/contact_phase_pairs_stress_calibration_v3/states/trial_00007_stress_move_leftmost_cube_to_bowl_seed_5300.npz","142241","6a2691722f152576c4344012dc4d2d029c18f2aefbc5b11edac93496b5a369bc"
"data/contact_phase_pairs/contact_phase_pairs_stress_calibration_v3/summary.json","473","d2a495c913492e6afd619f12adc4a649e882d93f0dab343c08adf92969faab98"
"data/contact_phase_pairs/contact_phase_pairs_v2_20260729/metadata.jsonl","35477","1282db068cbed164d7f612f8e01a7c323462a265d4c27d8ae2ba1abf100fbe0e"
"data/contact_phase_pairs/contact_phase_pairs_v2_20260729/states/trial_00000_nominal_place_blue_cube_blue_pad_seed_7000.npz","142278","129db3ae94c9e81074a3eea0e3b88c5a10529e31d247d37e439dc4e0eecb27ab"
"data/contact_phase_pairs/contact_phase_pairs_v2_20260729/states/trial_00001_stress_place_blue_cube_blue_pad_seed_7000.npz","142044","314410f663599135acfbfd8e5ceeb80d91c618031438d25522447ef9571cad45"
"data/contact_phase_pairs/contact_phase_pairs_v2_20260729/states/trial_00002_nominal_place_blue_cube_blue_pad_seed_7001.npz","140625","ca06b540f583d75195a9e29a87867e2d4d90cc0a689f9eb75bdac4a322d18613"
"data/contact_phase_pairs/contact_phase_pairs_v2_20260729/states/trial_00003_stress_place_blue_cube_blue_pad_seed_7001.npz","140285","b0b3262503054b4e2015ce396f5666d0fd0222e606916ad9731f4b833ef059ea"
"data/contact_phase_pairs/contact_phase_pairs_v2_20260729/states/trial_00004_nominal_place_blue_cube_blue_pad_seed_7002.npz","142698","753919ffcfe44266ec9bf77992ed37473802b768ae456512d4c910aa8dbb4dbc"
"data/contact_phase_pairs/contact_phase_pairs_v2_20260729/states/trial_00005_stress_place_blue_cube_blue_pad_seed_7002.npz","143347","4f2c5c10f5d54b5a2db27c8ef73e072da54cfecf47d86be13950ffcc4a36d79c"
"data/contact_phase_pairs/contact_phase_pairs_v2_20260729/states/trial_00006_nominal_place_blue_cube_blue_pad_seed_7003.npz","140129","e04c689bc71f2be6491e843b8cbf5183086e37cd4678309ca8bb44530adf18a3"
"data/contact_phase_pairs/contact_phase_pairs_v2_20260729/states/trial_00007_stress_place_blue_cube_blue_pad_seed_7003.npz","140262","e004b3ed325db6d64893ccefbdd227e810d388181c2b7279d1c7c86e2be691fb"
"data/contact_phase_pairs/contact_phase_pairs_v2_20260729/states/trial_00008_nominal_place_blue_cube_blue_pad_seed_7004.npz","139588","150c1d510445f78d1a629c08dbc2a18fbbd81bca6fd3b5ecd0d6644aab6f35b6"
"data/contact_phase_pairs/contact_phase_pairs_v2_20260729/states/trial_00009_stress_place_blue_cube_blue_pad_seed_7004.npz","139494","b3b2c6a9fbeeb980984ebb56f93d256e27212abf7644740da4f9ad2849fc518e"
"data/contact_phase_pairs/contact_phase_pairs_v2_20260729/states/trial_00010_nominal_place_blue_cube_blue_pad_seed_7005.npz","139361","cc878724ce9bdfe1390656c6dbdebc501349f6cea6cb5612b2264c511355897b"
"data/contact_phase_pairs/contact_phase_pairs_v2_20260729/states/trial_00011_stress_place_blue_cube_blue_pad_seed_7005.npz","139504","83d8bd74dac832fe891db0dca1fedc541c8bb8aac4330952935892c24be2ed62"
"data/contact_phase_pairs/contact_phase_pairs_v2_20260729/states/trial_00012_nominal_place_blue_cube_blue_pad_seed_7006.npz","139997","50997af6eb95634e6f94ac27563300efc20a3baeae49cfc4706ea731e0ec3950"
"data/contact_phase_pairs/contact_phase_pairs_v2_20260729/states/trial_00013_stress_place_blue_cube_blue_pad_seed_7006.npz","139572","777b2ff62ed171f1d758cb25f8a3b836d681e441e6f2e07a8cf69a022cff5315"
"data/contact_phase_pairs/contact_phase_pairs_v2_20260729/states/trial_00014_nominal_place_blue_cube_blue_pad_seed_7007.npz","142586","987cdd6ff7674d33c601df6ac1b9fbe34590f2ca5f78158cf079345e080c1d1b"
"data/contact_phase_pairs/contact_phase_pairs_v2_20260729/states/trial_00015_stress_place_blue_cube_blue_pad_seed_7007.npz","142741","670c42689758ba0eb196d12282f534e97d50d6ba4cee259fb32485059441531b"
"data/contact_phase_pairs/contact_phase_pairs_v2_20260729/states/trial_00016_nominal_place_blue_cube_blue_pad_seed_7008.npz","141748","cd2db294a6e3314481b8eab898bf0ab951ff5eedabaa5d04d642384a21f003e3"
"data/contact_phase_pairs/contact_phase_pairs_v2_20260729/states/trial_00017_stress_place_blue_cube_blue_pad_seed_7008.npz","141447","1a62bc848318627883f2283e6fc7be482bbf9ce4d844e6e35632bbe85ee23a38"
"data/contact_phase_pairs/contact_phase_pairs_v2_20260729/states/trial_00018_nominal_place_blue_cube_blue_pad_seed_7009.npz","138804","be6f7aaa722146082ca5755ecb79f2a39a9e05c39087eabd138086bc386776e0"
"data/contact_phase_pairs/contact_phase_pairs_v2_20260729/states/trial_00019_stress_place_blue_cube_blue_pad_seed_7009.npz","138752","3c30f6522643ff497f55812404df095a5b3f6db79ccf1e2c2c0a67df8df9b03d"
"data/contact_phase_pairs/contact_phase_pairs_v2_20260729/states/trial_00020_nominal_place_blue_cube_blue_pad_seed_7010.npz","142193","c0294d92dbaba564bda33d8eaee16578261cd83089bde61779b2b150dcd8119e"
"data/contact_phase_pairs/contact_phase_pairs_v2_20260729/states/trial_00021_stress_place_blue_cube_blue_pad_seed_7010.npz","142153","381c02eff089885b9066873aa7e0ddb7356f00a3f8ffbe4c40e1be2ce2f3f031"
"data/contact_phase_pairs/contact_phase_pairs_v2_20260729/states/trial_00022_nominal_place_blue_cube_blue_pad_seed_7011.npz","139559","e7687562f829348e62484f0774a1c9b11ae15897fdab1a560b82eda12c00c352"
"data/contact_phase_pairs/contact_phase_pairs_v2_20260729/states/trial_00023_stress_place_blue_cube_blue_pad_seed_7011.npz","138941","4dd41da0249ac6cf8e8def161ea26ebc9c6d3aa7b6c80bc9b6754c380559ca4e"
"data/contact_phase_pairs/contact_phase_pairs_v2_20260729/states/trial_00024_nominal_place_blue_cube_blue_pad_seed_7012.npz","143921","c461703086b714abcf26215425e91362eb1f82d3606dfd51dcf9a86af0f52172"
"data/contact_phase_pairs/contact_phase_pairs_v2_20260729/states/trial_00025_stress_place_blue_cube_blue_pad_seed_7012.npz","143923","c41792bf694f9bb1e79f0d4dafc4db3673d4a522242df7bc56f3db49491878c4"
"data/contact_phase_pairs/contact_phase_pairs_v2_20260729/states/trial_00026_nominal_place_blue_cube_blue_pad_seed_7013.npz","141022","787de49021e2ee0f11e401999c37a63d83f2aaee89bfa095d7057c715c0ec459"
"data/contact_phase_pairs/contact_phase_pairs_v2_20260729/states/trial_00027_stress_place_blue_cube_blue_pad_seed_7013.npz","140762","c4b010e8b2a70d60720137586672521805a4564c05157e5153ef59c5f1554153"
"data/contact_phase_pairs/contact_phase_pairs_v2_20260729/states/trial_00028_nominal_place_blue_cube_blue_pad_seed_7014.npz","141390","2f7655ffd6ad1965efa0fc80d6e89bd5b2ac4b36b3c5cc688fe38eb98388b3d4"
"data/contact_phase_pairs/contact_phase_pairs_v2_20260729/states/trial_00029_stress_place_blue_cube_blue_pad_seed_7014.npz","141645","d0cce26de2516f8948baf9909c114c07eaa8c86c8b0ffc9c810259945b4c3e11"
"data/contact_phase_pairs/contact_phase_pairs_v2_20260729/states/trial_00030_nominal_place_blue_cube_blue_pad_seed_7015.npz","139273","b7afc2651427907a65e50fef82b15ad8dda78dcf242bebd71195d03223170166"
"data/contact_phase_pairs/contact_phase_pairs_v2_20260729/states/trial_00031_stress_place_blue_cube_blue_pad_seed_7015.npz","139524","e4bde18dfb8d99bcf65c5b365df055cf8d20ca7005d2c2191162cefa0341a341"
"data/contact_phase_pairs/contact_phase_pairs_v2_20260729/states/trial_00032_nominal_place_blue_cube_blue_pad_seed_7016.npz","140816","cf70e2d1c937f14580105ff9e3ea79d252b3db2198f7e964d4c0db2a696c1ccf"
"data/contact_phase_pairs/contact_phase_pairs_v2_20260729/states/trial_00033_stress_place_blue_cube_blue_pad_seed_7016.npz","140941","3e213b8447df26c171b22dbd36ecbb7552e40c15bfa212da00f25ca083bd3e6a"
"data/contact_phase_pairs/contact_phase_pairs_v2_preflight/metadata.jsonl","8326","dec95dd8d7747f955d4fa24223347dd3f2707cf82d628dddc4108dd405732cbc"
"data/contact_phase_pairs/contact_phase_pairs_v2_preflight/states/trial_00000_nominal_place_blue_cube_blue_pad_seed_6000.npz","140437","22ffa47900101f66234a5081bec82f01ad3a88dcfd29139ae8f5fb0d1b6d4bc7"
"data/contact_phase_pairs/contact_phase_pairs_v2_preflight/states/trial_00001_stress_place_blue_cube_blue_pad_seed_6000.npz","140337","2e8417dfbcb5dd275f52c71f2b38e87c54540922af88aa32d09225e7a1b08d16"
"data/contact_phase_pairs/contact_phase_pairs_v2_preflight/states/trial_00002_nominal_place_blue_cube_red_pad_seed_6100.npz","144077","b8d3be7f2228c02ecc48578b5711460d3b5edc163effbfe1f90e84255bdf9771"
"data/contact_phase_pairs/contact_phase_pairs_v2_preflight/states/trial_00003_stress_place_blue_cube_red_pad_seed_6100.npz","143914","950c030bfb27367e212737912831f496c99793cd3a88dd2440226b10e024fb5a"
"data/contact_phase_pairs/contact_phase_pairs_v2_preflight/states/trial_00004_nominal_place_red_cube_red_pad_seed_6200.npz","139300","20c48d3cdddc078611b1932c6e7d770aabfcc0dfcda3ddc2eac75aadbbcef5c3"
"data/contact_phase_pairs/contact_phase_pairs_v2_preflight/states/trial_00005_stress_place_red_cube_red_pad_seed_6200.npz","139343","20c16fa69a7adfa5343fbfad130a352df9241d14bd3d30479dd88bc2d06ea09c"
"data/contact_phase_pairs/contact_phase_pairs_v2_preflight/states/trial_00006_nominal_move_leftmost_cube_to_bowl_seed_6300.npz","139667","e04a07b923de5bd43e8daec2ef3a53aa984e3590918cb0fa38ed4d39a814daa8"
"data/contact_phase_pairs/contact_phase_pairs_v2_preflight/states/trial_00007_stress_move_leftmost_cube_to_bowl_seed_6300.npz","139319","14529b31573d096c1de10273861874939952d2e67acefa1dd54fdbeec1cbb5cd"
"data/contact_phase_pairs/contact_phase_pairs_v2_preflight/summary.json","473","6493bd70a7ee30cf5bb4647aff7cd56f217b8b9cfca43f8cabf240244a6d0b37"
"data/contact_phase_pairs/contact_phase_pairs_v2_preflight/validation.json","1294","30b3c1c7d8f8b06161d2ce9ea98f3eb048a6418e3e4f7949695ec225d64c5e19"
"data/contact_phase_pairs/contact_phase_pairs_v3_20260729/metadata.jsonl","208324","8aabc1b65e4a181c02f47149e4d43c0b116982b5d2118470c0405fe1a88c41ff"
"data/contact_phase_pairs/contact_phase_pairs_v3_20260729/states/trial_00000_nominal_place_blue_cube_blue_pad_seed_9000.npz","142559","b3db8fb984357397bb50fdbf4116c5a8231aa9a3b9dc745520a9c54b999b6d37"
"data/contact_phase_pairs/contact_phase_pairs_v3_20260729/states/trial_00001_stress_place_blue_cube_blue_pad_seed_9000.npz","142547","85d6445dbc58f74c3b43b36cc81946b0ef2aab08ced66eb355db156fd62f00e9"
"data/contact_phase_pairs/contact_phase_pairs_v3_20260729/states/trial_00002_nominal_place_blue_cube_blue_pad_seed_9001.npz","138592","61ac5b686cc1ce6504ce3fdbe7177376794d2d9ffff853d6f7cc21d0f890e3b7"
"data/contact_phase_pairs/contact_phase_pairs_v3_20260729/states/trial_00003_stress_place_blue_cube_blue_pad_seed_9001.npz","138414","9eee2c9c7bb2eabf3b08322006a1c6ea7a1ad88713511c99739c99de2f2d3c5e"
"data/contact_phase_pairs/contact_phase_pairs_v3_20260729/states/trial_00004_nominal_place_blue_cube_blue_pad_seed_9002.npz","139596","322c1a847ee83eba26a75231600fd3a6bfe49c755d1fefeadc09a0da13a7b30b"
"data/contact_phase_pairs/contact_phase_pairs_v3_20260729/states/trial_00005_stress_place_blue_cube_blue_pad_seed_9002.npz","139819","3e960938b9222011939de9d3bdfaae343a33ecc31d4457f433afee4b51797583"
"data/contact_phase_pairs/contact_phase_pairs_v3_20260729/states/trial_00006_nominal_place_blue_cube_blue_pad_seed_9003.npz","139555","0e68038f95d164d45e46a6832c962a5b9d159c79e10da85363922e176a92fead"
"data/contact_phase_pairs/contact_phase_pairs_v3_20260729/states/trial_00007_stress_place_blue_cube_blue_pad_seed_9003.npz","139339","d42316e321ada82b469c2b19aca4fa2d43608e3dcaf9959ce4f59ead2d1bbd7a"
"data/contact_phase_pairs/contact_phase_pairs_v3_20260729/states/trial_00008_nominal_place_blue_cube_blue_pad_seed_9004.npz","137220","d1bee73c0a07117b0b7dcccb75ab558d7ed331afa07e9feb3fd198b02e3d4ca6"
"data/contact_phase_pairs/contact_phase_pairs_v3_20260729/states/trial_00009_stress_place_blue_cube_blue_pad_seed_9004.npz","136580","5c2bcfaffafb56f0f8b2e40d069512068307a76600546ec28b0f643f24f1cab6"
"data/contact_phase_pairs/contact_phase_pairs_v3_20260729/states/trial_00010_nominal_place_blue_cube_blue_pad_seed_9005.npz","138738","a021db98af9c87ecf33616655978868df8766a6378158a0d95a5b82955a287ee"
"data/contact_phase_pairs/contact_phase_pairs_v3_20260729/states/trial_00011_stress_place_blue_cube_blue_pad_seed_9005.npz","138676","af888d33c42127deb395e529db70cd7a9ed809f24ba2a04a0320e50ee163436b"
"data/contact_phase_pairs/contact_phase_pairs_v3_20260729/states/trial_00012_nominal_place_blue_cube_blue_pad_seed_9006.npz","141608","9598d9d72c8fd190ab8966e22522a6a3fa4f35339c5b27a04df078586b15dbe9"
"data/contact_phase_pairs/contact_phase_pairs_v3_20260729/states/trial_00013_stress_place_blue_cube_blue_pad_seed_9006.npz","141513","5078bb8cfb98c42ab772756fb9f27131c43736afd8b06cb2c82337a6aca823db"
"data/contact_phase_pairs/contact_phase_pairs_v3_20260729/states/trial_00014_nominal_place_blue_cube_blue_pad_seed_9007.npz","137841","32834adc350a53ad8110e708f042baa251939c708f557df705c34259943c5ef2"
"data/contact_phase_pairs/contact_phase_pairs_v3_20260729/states/trial_00015_stress_place_blue_cube_blue_pad_seed_9007.npz","138054","bae66a5fac19bbd5822e87d8785b37fce7bdd52073ab5ccfc8f49bb11e323473"
"data/contact_phase_pairs/contact_phase_pairs_v3_20260729/states/trial_00016_nominal_place_blue_cube_blue_pad_seed_9008.npz","140030","0cf5ff56b32191b0964f34f5cf332120431fbc371a7a8c7ee36e914bc992016e"
"data/contact_phase_pairs/contact_phase_pairs_v3_20260729/states/trial_00017_stress_place_blue_cube_blue_pad_seed_9008.npz","140033","3689d005e3ff3532ba17b07b3017b2d618376ea5d8e2424d6e3c9e715b69fe92"
"data/contact_phase_pairs/contact_phase_pairs_v3_20260729/states/trial_00018_nominal_place_blue_cube_blue_pad_seed_9009.npz","137075","08661c52547878335c2db1722d58af8f16e6d3c10d29fe22ed5c2ffbfd9d7bd0"
"data/contact_phase_pairs/contact_phase_pairs_v3_20260729/states/trial_00019_stress_place_blue_cube_blue_pad_seed_9009.npz","136619","6a342cfcbe1f84881b456a12875f449d28aa93502df80724bf6be3da485fc5af"
"data/contact_phase_pairs/contact_phase_pairs_v3_20260729/states/trial_00020_nominal_place_blue_cube_blue_pad_seed_9010.npz","141210","4f43eb1b286563cb2fb00d800a893cfef9d94f6f6f512593934a4a396f4c47a7"
"data/contact_phase_pairs/contact_phase_pairs_v3_20260729/states/trial_00021_stress_place_blue_cube_blue_pad_seed_9010.npz","141941","b1900008f22883276b18b34b676422ebfffca1898f731e7142ea7d8faa70469d"
"data/contact_phase_pairs/contact_phase_pairs_v3_20260729/states/trial_00022_nominal_place_blue_cube_blue_pad_seed_9011.npz","140292","92b277f7fb244dae35b9d4bf1016514a500b5788480d1986892075e2ee493892"
"data/contact_phase_pairs/contact_phase_pairs_v3_20260729/states/trial_00023_stress_place_blue_cube_blue_pad_seed_9011.npz","140439","37d2a27ec45edf65acdf419ca7c9df910726186a46d5f17feebfc3877c0643f5"
"data/contact_phase_pairs/contact_phase_pairs_v3_20260729/states/trial_00024_nominal_place_blue_cube_blue_pad_seed_9012.npz","139589","cbd5a5c27d0633233416016637d9b8ebc3e750bd71ce961046d343087b303f4f"
"data/contact_phase_pairs/contact_phase_pairs_v3_20260729/states/trial_00025_stress_place_blue_cube_blue_pad_seed_9012.npz","139243","5155fdca4d04c0de9d6353e8ac40e3f449296d560ee362c7844761b661620a77"
"data/contact_phase_pairs/contact_phase_pairs_v3_20260729/states/trial_00026_nominal_place_blue_cube_blue_pad_seed_9013.npz","141217","ef433fc683e3cbac956feaf6182111075aaa2d8c5e69edd8754cefd36a1041bf"
"data/contact_phase_pairs/contact_phase_pairs_v3_20260729/states/trial_00027_stress_place_blue_cube_blue_pad_seed_9013.npz","141293","ff5a573074e7fc7b7d3640babfdb85988f621989d598cbd335739955a1a454e8"
"data/contact_phase_pairs/contact_phase_pairs_v3_20260729/states/trial_00028_nominal_place_blue_cube_blue_pad_seed_9014.npz","140416","e1ef0a8a4bf386b9b9ab4895892fa7da1af85b1fcf7e2ae5a2cc5127669138f4"
"data/contact_phase_pairs/contact_phase_pairs_v3_20260729/states/trial_00029_stress_place_blue_cube_blue_pad_seed_9014.npz","140357","eb97f28b46f253f508d995f092f03ab49e87871a4c8b5d5943469a9402495d3a"
"data/contact_phase_pairs/contact_phase_pairs_v3_20260729/states/trial_00030_nominal_place_blue_cube_blue_pad_seed_9015.npz","137991","5e34d3ca7b6b8cd70d3ddd04ae008a36ed050da66991f990b084fe211d744cb1"
"data/contact_phase_pairs/contact_phase_pairs_v3_20260729/states/trial_00031_stress_place_blue_cube_blue_pad_seed_9015.npz","138130","1e307934f2e76ecd4d15425438217e5da83b5d22fb977852e0af9ad0da6a701a"
"data/contact_phase_pairs/contact_phase_pairs_v3_20260729/states/trial_00032_nominal_place_blue_cube_blue_pad_seed_9016.npz","142249","d5c4cea1f617ba8c095014c6418101fdd8b19be78f33b9ea7eb8048c15a9f751"
"data/contact_phase_pairs/contact_phase_pairs_v3_20260729/states/trial_00033_stress_place_blue_cube_blue_pad_seed_9016.npz","141683","ce5dcb754d06dbb9c3e57117e1d5f9501c2c87143ebb1c6f5702ef5792bddee6"
"data/contact_phase_pairs/contact_phase_pairs_v3_20260729/states/trial_00034_nominal_place_blue_cube_blue_pad_seed_9017.npz","139129","8e7be57651b2ca0bb23f7682c4f5c8127adab156765c79833e6775dbfe5e876e"
"data/contact_phase_pairs/contact_phase_pairs_v3_20260729/states/trial_00035_stress_place_blue_cube_blue_pad_seed_9017.npz","139127","16f2688843ca146bced58bdd3081b853fb9795c4b26a8a7d0d1332b71ecc06c5"
"data/contact_phase_pairs/contact_phase_pairs_v3_20260729/states/trial_00036_nominal_place_blue_cube_blue_pad_seed_9018.npz","137591","af0099db99be1facd6c718b4d97d0048fc54bf8ec56fc4ae5f6f06f3485d7306"
"data/contact_phase_pairs/contact_phase_pairs_v3_20260729/states/trial_00037_stress_place_blue_cube_blue_pad_seed_9018.npz","137530","82a642c6b931c8fb18f9c1ecfb025d17abf45aa6a598e2d9f3373ad9e9bb480d"
"data/contact_phase_pairs/contact_phase_pairs_v3_20260729/states/trial_00038_nominal_place_blue_cube_blue_pad_seed_9019.npz","138640","db3a0ed1b6c6f3501d66bc5f1fb52874b11d1d519fbfff03e251498052ae4749"
"data/contact_phase_pairs/contact_phase_pairs_v3_20260729/states/trial_00039_stress_place_blue_cube_blue_pad_seed_9019.npz","138415","2fab42d77a8e8ab0c9f5eef0fd1e011f653333c47dfbf274151479a9654df47d"
"data/contact_phase_pairs/contact_phase_pairs_v3_20260729/states/trial_00040_nominal_place_blue_cube_blue_pad_seed_9020.npz","138114","7e1f9b66373123f499a96a9af52724fdd6b8524c5403db66f23d0c49b5f4f7b4"
"data/contact_phase_pairs/contact_phase_pairs_v3_20260729/states/trial_00041_stress_place_blue_cube_blue_pad_seed_9020.npz","138047","22660ad23383449299e11a2f9abfe14f6761eccc5952b0e15900247e2dbbbf55"
"data/contact_phase_pairs/contact_phase_pairs_v3_20260729/states/trial_00042_nominal_place_blue_cube_blue_pad_seed_9021.npz","141843","45cb2aecb8228140a2f592ac9e450ba2b9dcdfecfb57ab6f3589f1cea9606dec"
"data/contact_phase_pairs/contact_phase_pairs_v3_20260729/states/trial_00043_stress_place_blue_cube_blue_pad_seed_9021.npz","141654","9fc9a2bdd5c56c6390cdd86c1396ee5598a7dfab7655b280eac432db74d5e323"
"data/contact_phase_pairs/contact_phase_pairs_v3_20260729/states/trial_00044_nominal_place_blue_cube_blue_pad_seed_9022.npz","141834","55cd8446febc7c4e29392ec527970e71634002d53498490e1dc1acc309b65d4d"
"data/contact_phase_pairs/contact_phase_pairs_v3_20260729/states/trial_00045_stress_place_blue_cube_blue_pad_seed_9022.npz","141910","9bb5a32ae838ba8206a0d08e0dbafa7f82def688841e5a1d3285005f3dc286c2"
"data/contact_phase_pairs/contact_phase_pairs_v3_20260729/states/trial_00046_nominal_place_blue_cube_blue_pad_seed_9023.npz","139354","e11cfce77a5a63dbe226b9ebdc9f95e0b5b944318c1463aa4481271873f79833"
"data/contact_phase_pairs/contact_phase_pairs_v3_20260729/states/trial_00047_stress_place_blue_cube_blue_pad_seed_9023.npz","139068","13490f4f0d9a1895298c8b0cc3b28c102ebae63aad2d069edd00bb483c322133"
"data/contact_phase_pairs/contact_phase_pairs_v3_20260729/states/trial_00048_nominal_place_blue_cube_blue_pad_seed_9024.npz","141196","12ce337c4c0c256d387d475711896df5d2984401d9e8d727e8bd1404242c34de"
"data/contact_phase_pairs/contact_phase_pairs_v3_20260729/states/trial_00049_stress_place_blue_cube_blue_pad_seed_9024.npz","141393","2c41c3e3f010cb3987702b62171e946d53293a86b33a93f5d1b4d6953aaa7c12"
"data/contact_phase_pairs/contact_phase_pairs_v3_20260729/states/trial_00050_nominal_place_blue_cube_red_pad_seed_9100.npz","140380","328ff8e97ecc24cc948e02bcab71f818d3cd76d9d5f4b3715e71e038b920709c"
"data/contact_phase_pairs/contact_phase_pairs_v3_20260729/states/trial_00051_stress_place_blue_cube_red_pad_seed_9100.npz","140650","964624a051e18723cc22f1b841bd9b7da80f351ac319b76a5edade19d2e68fe6"
"data/contact_phase_pairs/contact_phase_pairs_v3_20260729/states/trial_00052_nominal_place_blue_cube_red_pad_seed_9101.npz","136342","603b8597a188f820816a0405c3fadaa2c3e65d11205c62a1003d4e752efed31e"
"data/contact_phase_pairs/contact_phase_pairs_v3_20260729/states/trial_00053_stress_place_blue_cube_red_pad_seed_9101.npz","136284","5e1faf8363ee0a68b5ef9304fdcbcfd3d8dc17b3d71a92033c1baf4cb84c0474"
"data/contact_phase_pairs/contact_phase_pairs_v3_20260729/states/trial_00054_nominal_place_blue_cube_red_pad_seed_9102.npz","141329","558510f3b3f353e3745176315b852c5701b2c059519496f1c38c55361ef673b5"
"data/contact_phase_pairs/contact_phase_pairs_v3_20260729/states/trial_00055_stress_place_blue_cube_red_pad_seed_9102.npz","140998","872b5b9dbd0116a235bdcf791d2d25d019ec8f0bc6aa49eff86454cd4a06485a"
"data/contact_phase_pairs/contact_phase_pairs_v3_20260729/states/trial_00056_nominal_place_blue_cube_red_pad_seed_9103.npz","140587","502997c2ee8777d35a8b449edb28c4f1b69977b1f140f54028dc312ad8333b14"
"data/contact_phase_pairs/contact_phase_pairs_v3_20260729/states/trial_00057_stress_place_blue_cube_red_pad_seed_9103.npz","140603","64906d01c6a23fe989ba7ceb79c1d99be0ef1f86a4cb934651eb24e8568eb4cb"
"data/contact_phase_pairs/contact_phase_pairs_v3_20260729/states/trial_00058_nominal_place_blue_cube_red_pad_seed_9104.npz","138100","08fe20941b92349648d0fbf1e43ce57bb2719f3204de878ef0b0bd58ae5e3af0"
"data/contact_phase_pairs/contact_phase_pairs_v3_20260729/states/trial_00059_stress_place_blue_cube_red_pad_seed_9104.npz","137930","be7ac411d7dd9a5beab1da4af43648d3b99b6ef8cdf753081ef660be2b34cf58"
"data/contact_phase_pairs/contact_phase_pairs_v3_20260729/states/trial_00060_nominal_place_blue_cube_red_pad_seed_9105.npz","137162","a1ff3d4196400b289ced4b9a774ca53f055101a030ac0b21682b0d1314c98bae"
"data/contact_phase_pairs/contact_phase_pairs_v3_20260729/states/trial_00061_stress_place_blue_cube_red_pad_seed_9105.npz","136889","853215c56908b77d8158fd365b5b4a2670026658a6842a0d5afee4c2b35ee043"
"data/contact_phase_pairs/contact_phase_pairs_v3_20260729/states/trial_00062_nominal_place_blue_cube_red_pad_seed_9106.npz","138916","6b551f7e6d2b4f03eb4a89608b62dc54d8158512a9b94e58a60ebee9502c4c95"
"data/contact_phase_pairs/contact_phase_pairs_v3_20260729/states/trial_00063_stress_place_blue_cube_red_pad_seed_9106.npz","138995","383ed40902c0aefebd9c68b44f9288e7de3684190b278d548ab55c2b48f46d96"
"data/contact_phase_pairs/contact_phase_pairs_v3_20260729/states/trial_00064_nominal_place_blue_cube_red_pad_seed_9107.npz","139805","c3fef41828c3aa057df44f61a86f9794c802d6f6efbd37ee9913964c95e92ddc"
"data/contact_phase_pairs/contact_phase_pairs_v3_20260729/states/trial_00065_stress_place_blue_cube_red_pad_seed_9107.npz","139371","097aa18859585c15d9745d35923223fbb2796a2d377a98fb41c624590f9838de"
"data/contact_phase_pairs/contact_phase_pairs_v3_20260729/states/trial_00066_nominal_place_blue_cube_red_pad_seed_9108.npz","140611","7d9bf23d05ea9571402c4432d18ac1c3f3e617406a7bcd0cf681e10e2ef24beb"
"data/contact_phase_pairs/contact_phase_pairs_v3_20260729/states/trial_00067_stress_place_blue_cube_red_pad_seed_9108.npz","140163","e02897d046281af9695c6772677b08cf0ae1b033bcb6ff169347815496ab9c43"
"data/contact_phase_pairs/contact_phase_pairs_v3_20260729/states/trial_00068_nominal_place_blue_cube_red_pad_seed_9109.npz","138779","1bf5114b667ec76c6db84a917b7ebaccb7709a3afa3b8e38192344addc05bd4a"
"data/contact_phase_pairs/contact_phase_pairs_v3_20260729/states/trial_00069_stress_place_blue_cube_red_pad_seed_9109.npz","139054","a3a9aaa4543a7ca3c72e267e11372a7792fe96943306edeeef4e9fd0bc992ba9"
"data/contact_phase_pairs/contact_phase_pairs_v3_20260729/states/trial_00070_nominal_place_blue_cube_red_pad_seed_9110.npz","136816","fc1951c3639e0ddc434925932fbbce9e466eee3c96721e2093e76fe66b77464d"
"data/contact_phase_pairs/contact_phase_pairs_v3_20260729/states/trial_00071_stress_place_blue_cube_red_pad_seed_9110.npz","136652","4a4b446bbceb5174a8c525f70252fe27590c566bc7ae3da03ccd546c62c2ccce"
"data/contact_phase_pairs/contact_phase_pairs_v3_20260729/states/trial_00072_nominal_place_blue_cube_red_pad_seed_9111.npz","137377","64b3c00f1328495b94c8520d95ef906e56cf67bcf65c5bed4786b857e30a8f0b"
"data/contact_phase_pairs/contact_phase_pairs_v3_20260729/states/trial_00073_stress_place_blue_cube_red_pad_seed_9111.npz","137021","80fe82724af6ea2616947864f58367452554473515b8bd0dcf8829d276ab828c"
"data/contact_phase_pairs/contact_phase_pairs_v3_20260729/states/trial_00074_nominal_place_blue_cube_red_pad_seed_9112.npz","141134","89b7ede5fe5611c8a682ebd704e8873ef8a5d4e075712967e2ca092ccac05f5e"
"data/contact_phase_pairs/contact_phase_pairs_v3_20260729/states/trial_00075_stress_place_blue_cube_red_pad_seed_9112.npz","141300","ced9ff39ac531ebc1c3e187270a1d29e979c05fee5788f8ab97ec8841b1bf20f"
"data/contact_phase_pairs/contact_phase_pairs_v3_20260729/states/trial_00076_nominal_place_blue_cube_red_pad_seed_9113.npz","137640","1abe212456ab58fe2a964eb7db7e9c750045145990ef0868dbe18f519998bbf8"
"data/contact_phase_pairs/contact_phase_pairs_v3_20260729/states/trial_00077_stress_place_blue_cube_red_pad_seed_9113.npz","137627","9fe3a16af1d7d9b707093cb72bb26c758633790df8cb147a5bb7811553b9941e"
"data/contact_phase_pairs/contact_phase_pairs_v3_20260729/states/trial_00078_nominal_place_blue_cube_red_pad_seed_9114.npz","139573","bb9a5bfcb078592436233a8f176fc5cbe48b2f2799533b460ffa768f02fb7c69"
"data/contact_phase_pairs/contact_phase_pairs_v3_20260729/states/trial_00079_stress_place_blue_cube_red_pad_seed_9114.npz","139255","b890737c7f597ccc628a54b4b04576ab9fff1d2662245f79a044fc961ffa9083"
"data/contact_phase_pairs/contact_phase_pairs_v3_20260729/states/trial_00080_nominal_place_blue_cube_red_pad_seed_9115.npz","140361","a50f78a3c45988ab30a1e402b7d8de35dbafc3f21db2577a77e263e6ec2284af"
"data/contact_phase_pairs/contact_phase_pairs_v3_20260729/states/trial_00081_stress_place_blue_cube_red_pad_seed_9115.npz","140723","deb97059376d61bc6ed2a43088a9d0f7fd5ea5b9aaeb2606bbafad2c53aab513"
"data/contact_phase_pairs/contact_phase_pairs_v3_20260729/states/trial_00082_nominal_place_blue_cube_red_pad_seed_9116.npz","139296","a1be7febd60575b7b3f2400131f9745fcd034c7efba5dcb4c78c0476656e5bcc"
"data/contact_phase_pairs/contact_phase_pairs_v3_20260729/states/trial_00083_stress_place_blue_cube_red_pad_seed_9116.npz","139224","1226ff36f190d2fbf4dbaafee59112a78ca5fd530417172bbf9618895fcb1723"
"data/contact_phase_pairs/contact_phase_pairs_v3_20260729/states/trial_00084_nominal_place_blue_cube_red_pad_seed_9117.npz","140816","d13d65f3c6e489ca8ce19887041d61382d27c3691a895abe5283cef4b56a04c4"
"data/contact_phase_pairs/contact_phase_pairs_v3_20260729/states/trial_00085_stress_place_blue_cube_red_pad_seed_9117.npz","140867","a85fae4dcc09dd9a9c889125989e85c2698ffcadf3a381670a3214ef5d91367a"
"data/contact_phase_pairs/contact_phase_pairs_v3_20260729/states/trial_00086_nominal_place_blue_cube_red_pad_seed_9118.npz","137764","ec4b9fcf4a69b76be40e3e81b705a5c8e3f08f357a1fe00178db2193cd62df84"
"data/contact_phase_pairs/contact_phase_pairs_v3_20260729/states/trial_00087_stress_place_blue_cube_red_pad_seed_9118.npz","137759","a373ac6ff8317be3e7aca5b7910c6d68c58ff67628715c1d4d3b1ff914f0db1c"
"data/contact_phase_pairs/contact_phase_pairs_v3_20260729/states/trial_00088_nominal_place_blue_cube_red_pad_seed_9119.npz","140917","3a2d74c5393a91c2afb58c3c86f27e08869c6eb61ca28f172a39b32a1745199a"
"data/contact_phase_pairs/contact_phase_pairs_v3_20260729/states/trial_00089_stress_place_blue_cube_red_pad_seed_9119.npz","141038","54c011b0135e6eb90c05152bf97b7133a4940d276dda4ac50fc07a73d6c656bc"
"data/contact_phase_pairs/contact_phase_pairs_v3_20260729/states/trial_00090_nominal_place_blue_cube_red_pad_seed_9120.npz","141305","35d9c32fdb1c630e15dbc9670988491f9c3c986595f716a2dd7677b6fdd8d18f"
"data/contact_phase_pairs/contact_phase_pairs_v3_20260729/states/trial_00091_stress_place_blue_cube_red_pad_seed_9120.npz","141459","8c76ca1fe5a526a3fd680875a2981b148e5e509d624ee81115093094c0e0fb5c"
"data/contact_phase_pairs/contact_phase_pairs_v3_20260729/states/trial_00092_nominal_place_blue_cube_red_pad_seed_9121.npz","140351","5ed6008b41dc7165cf0562788748301328c74ff31a0cf113f384968d2f47b66c"
"data/contact_phase_pairs/contact_phase_pairs_v3_20260729/states/trial_00093_stress_place_blue_cube_red_pad_seed_9121.npz","140292","be57182ed3263914981f8dcf2dfde0327a09edb6663b8d557bfdcd083d840748"
"data/contact_phase_pairs/contact_phase_pairs_v3_20260729/states/trial_00094_nominal_place_blue_cube_red_pad_seed_9122.npz","138890","fdfd7f37f3f11bb26a4f785a4b52f78df15a013f5590148313b109dce1e6df62"
"data/contact_phase_pairs/contact_phase_pairs_v3_20260729/states/trial_00095_stress_place_blue_cube_red_pad_seed_9122.npz","138588","93363ff60f02ffcf0e609a4b247594bae7f1b23ce2670bf90ab08ecc417ef60c"
"data/contact_phase_pairs/contact_phase_pairs_v3_20260729/states/trial_00096_nominal_place_blue_cube_red_pad_seed_9123.npz","139080","2c6fd8e3604eda6d95bfab1e888d41c5aa97b1666428e1ca1fd1a677364d8e50"
"data/contact_phase_pairs/contact_phase_pairs_v3_20260729/states/trial_00097_stress_place_blue_cube_red_pad_seed_9123.npz","138937","12719a25a316c92cf1776a3c9549b87db7bea1b2109952955473c0962b5eb059"
"data/contact_phase_pairs/contact_phase_pairs_v3_20260729/states/trial_00098_nominal_place_blue_cube_red_pad_seed_9124.npz","138724","ec5e6a3eb68c41c6cd12a2a4c9169c109250128ef1afd721e52fe8a61f3c15ad"
"data/contact_phase_pairs/contact_phase_pairs_v3_20260729/states/trial_00099_stress_place_blue_cube_red_pad_seed_9124.npz","138700","5a7ea7718f1d072fe5c64d2a660e39372d40d0830f5ad6b2ddb1cbe40d69cdbe"
"data/contact_phase_pairs/contact_phase_pairs_v3_20260729/states/trial_00100_nominal_place_red_cube_red_pad_seed_9200.npz","138863","f71d87bbc55562fef5a22b936e98b899b6ebebafc330a3cf622871ba5a1c7a5e"
"data/contact_phase_pairs/contact_phase_pairs_v3_20260729/states/trial_00101_stress_place_red_cube_red_pad_seed_9200.npz","138973","0f04768bd86e0bdcec8c7a637e2c8f4701b5455f300d538a9e13b2c947e5728f"
"data/contact_phase_pairs/contact_phase_pairs_v3_20260729/states/trial_00102_nominal_place_red_cube_red_pad_seed_9201.npz","140441","108f0fed87f19496263a72aa5346a89871d7932d14d9c499fe03c4eb61cb40a3"
"data/contact_phase_pairs/contact_phase_pairs_v3_20260729/states/trial_00103_stress_place_red_cube_red_pad_seed_9201.npz","140913","b26045c86f343f52408403bece042cff6e1bc3209758d5acae80dc710ec4f24a"
"data/contact_phase_pairs/contact_phase_pairs_v3_20260729/states/trial_00104_nominal_place_red_cube_red_pad_seed_9202.npz","140939","ef8c5277370920927129771df39585c26328080140c9a0ea59ad4148fe781920"
"data/contact_phase_pairs/contact_phase_pairs_v3_20260729/states/trial_00105_stress_place_red_cube_red_pad_seed_9202.npz","141254","c451ab5b2d5dea345f07ebf02282286d83404027ad7702fc3647073e57730b8a"
"data/contact_phase_pairs/contact_phase_pairs_v3_20260729/states/trial_00106_nominal_place_red_cube_red_pad_seed_9203.npz","137394","e0e3f7e0ac2944f8979fa15e0d3b9ea9dbbbaf6bb865b7248b7b027e0dbdf37d"
"data/contact_phase_pairs/contact_phase_pairs_v3_20260729/states/trial_00107_stress_place_red_cube_red_pad_seed_9203.npz","137217","a007172e791b9c8247c76dbdc4ea610a4dffd115a0754d85d96d965773be24dc"
"data/contact_phase_pairs/contact_phase_pairs_v3_20260729/states/trial_00108_nominal_place_red_cube_red_pad_seed_9204.npz","140487","900315244879f1ab98b3b72d18be0d1df728ec1e54998bea33f00287d700a4cd"
"data/contact_phase_pairs/contact_phase_pairs_v3_20260729/states/trial_00109_stress_place_red_cube_red_pad_seed_9204.npz","140956","0e477b76f3e23c4b53496db5298c79b3115ebbf61a7527408c595c228613b959"
"data/contact_phase_pairs/contact_phase_pairs_v3_20260729/states/trial_00110_nominal_place_red_cube_red_pad_seed_9205.npz","142248","84a4201c65210a9ada4ebed2937455df130f99d1648ced20a2a770fc08213a2e"
"data/contact_phase_pairs/contact_phase_pairs_v3_20260729/states/trial_00111_stress_place_red_cube_red_pad_seed_9205.npz","142581","ecf7459544b90784945d587e5afb0cac559d8e94a532562e83516b34711497ec"
"data/contact_phase_pairs/contact_phase_pairs_v3_20260729/states/trial_00112_nominal_place_red_cube_red_pad_seed_9206.npz","139736","da8d9bf30d54a057254108c9ee1a43a9578ec7f39832468de3615992769eb394"
"data/contact_phase_pairs/contact_phase_pairs_v3_20260729/states/trial_00113_stress_place_red_cube_red_pad_seed_9206.npz","139924","a1ad2edb64ff72f75bfd50d8e55983e3101158a4a3067447429ab6b530f92a88"
"data/contact_phase_pairs/contact_phase_pairs_v3_20260729/states/trial_00114_nominal_place_red_cube_red_pad_seed_9207.npz","138453","92bd379f67047cfdd053f53cc40fa9061f6aff4970aa3790f5c057bb2fa56111"
"data/contact_phase_pairs/contact_phase_pairs_v3_20260729/states/trial_00115_stress_place_red_cube_red_pad_seed_9207.npz","137944","fb2b8cfb3e5c32a36fcabb06f6b7ecd57bb67efe5188446fa992ebe26681bc98"
"data/contact_phase_pairs/contact_phase_pairs_v3_20260729/states/trial_00116_nominal_place_red_cube_red_pad_seed_9208.npz","140972","7b9d14795e971ed6447bc3c6146067165f865b46b3a129a3e66ca1a98c00f5df"
"data/contact_phase_pairs/contact_phase_pairs_v3_20260729/states/trial_00117_stress_place_red_cube_red_pad_seed_9208.npz","141189","5d226d70ecaaebb291cf17c48e0189f11688e0ca8cb4b6feb79128ae69de0839"
"data/contact_phase_pairs/contact_phase_pairs_v3_20260729/states/trial_00118_nominal_place_red_cube_red_pad_seed_9209.npz","141089","d3dcbe28d0369e5039f5fa8c62d339e5dacc9e94bec190f3bbbc27fc872ef1e0"
"data/contact_phase_pairs/contact_phase_pairs_v3_20260729/states/trial_00119_stress_place_red_cube_red_pad_seed_9209.npz","140723","4ea371a797c2c4afa8f6d71b0f3cc62960a4e7e0df435ff942c2346c903a33ad"
"data/contact_phase_pairs/contact_phase_pairs_v3_20260729/states/trial_00120_nominal_place_red_cube_red_pad_seed_9210.npz","140184","35f57bce8587bbc3fbd9fc961b34488dd26a8783935872376c7b9bc24d4a7a90"
"data/contact_phase_pairs/contact_phase_pairs_v3_20260729/states/trial_00121_stress_place_red_cube_red_pad_seed_9210.npz","140237","4d1f3247385f59f2c0ded12a5a29c6ddd6b9a02d490af7b8526a999672295953"
"data/contact_phase_pairs/contact_phase_pairs_v3_20260729/states/trial_00122_nominal_place_red_cube_red_pad_seed_9211.npz","139657","6affa9f88f1ea8f28553536ba95b009c2bb8b241db2c9b58e2fa80aa73a42b46"
"data/contact_phase_pairs/contact_phase_pairs_v3_20260729/states/trial_00123_stress_place_red_cube_red_pad_seed_9211.npz","140315","8c313bfc750b11d377b5f7a9e768b8d9b36f900bf5fb170098cafbe5d0039c47"
"data/contact_phase_pairs/contact_phase_pairs_v3_20260729/states/trial_00124_nominal_place_red_cube_red_pad_seed_9212.npz","141264","7df9f840f7279ec2387950d5297d04d5f95c976b9e0c58b03ecc4e1d0517c7dc"
"data/contact_phase_pairs/contact_phase_pairs_v3_20260729/states/trial_00125_stress_place_red_cube_red_pad_seed_9212.npz","141127","d3682efb02d50bf249e1c52615e6ba4032a5daf2bbeebff1e0b4814534dd4f64"
"data/contact_phase_pairs/contact_phase_pairs_v3_20260729/states/trial_00126_nominal_place_red_cube_red_pad_seed_9213.npz","139386","7cba95a89630459589a786dc64bc9c13ce8bd4681e571600fbcfb72445f95975"
"data/contact_phase_pairs/contact_phase_pairs_v3_20260729/states/trial_00127_stress_place_red_cube_red_pad_seed_9213.npz","139506","ea5c8beac7d629dc9578d266a828cdab345d7a763f9997d4d70281f437ddcfce"
"data/contact_phase_pairs/contact_phase_pairs_v3_20260729/states/trial_00128_nominal_place_red_cube_red_pad_seed_9214.npz","140781","562e3588b44bfd940b89470978582247fdefd697d6f8e1a28982846d44a5c23d"
"data/contact_phase_pairs/contact_phase_pairs_v3_20260729/states/trial_00129_stress_place_red_cube_red_pad_seed_9214.npz","141537","b6cde32fabc2e39fa4821e4835549bc21d0fa8e7aa8cddb4a36cc17e98c06a06"
"data/contact_phase_pairs/contact_phase_pairs_v3_20260729/states/trial_00130_nominal_place_red_cube_red_pad_seed_9215.npz","140584","c04ac4c6a65d9d48b0790d2e62b8f235027c6a150b41f4015776fa1ed8cd4905"
"data/contact_phase_pairs/contact_phase_pairs_v3_20260729/states/trial_00131_stress_place_red_cube_red_pad_seed_9215.npz","140665","1eab0af2f279f786d33daf4cf22591716262b6d2647b06a01395bd9690ed2988"
"data/contact_phase_pairs/contact_phase_pairs_v3_20260729/states/trial_00132_nominal_place_red_cube_red_pad_seed_9216.npz","138252","945eca347beb107e7bc54909920313aafc9583200e83cfedadd13785eebf967e"
"data/contact_phase_pairs/contact_phase_pairs_v3_20260729/states/trial_00133_stress_place_red_cube_red_pad_seed_9216.npz","137966","ed53513f2e9937ced52683557072e6a56766e9f7ef9e6a3e850b241f06d7fa75"
"data/contact_phase_pairs/contact_phase_pairs_v3_20260729/states/trial_00134_nominal_place_red_cube_red_pad_seed_9217.npz","139207","89d4eeb7326417f73d5cc2395e5d033f648a1c31d5077d52c85eda7ba40110e7"
"data/contact_phase_pairs/contact_phase_pairs_v3_20260729/states/trial_00135_stress_place_red_cube_red_pad_seed_9217.npz","139213","aac37129ca65e6ba5039893b187c6af0ac078affb474896774deb2dc49fcc59e"
"data/contact_phase_pairs/contact_phase_pairs_v3_20260729/states/trial_00136_nominal_place_red_cube_red_pad_seed_9218.npz","138602","865e762ed41f0f9fe1ee2cb8b050cc06fe8b63f3104d1629c2c0a0f433fc088c"
"data/contact_phase_pairs/contact_phase_pairs_v3_20260729/states/trial_00137_stress_place_red_cube_red_pad_seed_9218.npz","138597","ce3fb981aab583af9526b87c9a92c2faa8f265cc9c67f9c89bd2ed005b73f749"
"data/contact_phase_pairs/contact_phase_pairs_v3_20260729/states/trial_00138_nominal_place_red_cube_red_pad_seed_9219.npz","140207","8be9ab82ce0cc80cd8795a56c1a7d14dad1384907095a288f87f1dbbd25f5bc1"
"data/contact_phase_pairs/contact_phase_pairs_v3_20260729/states/trial_00139_stress_place_red_cube_red_pad_seed_9219.npz","140367","9756f7d4b2a9321604ef79e8b2184dd6e7ffd11eddd0355a9fa39d3edd50a714"
"data/contact_phase_pairs/contact_phase_pairs_v3_20260729/states/trial_00140_nominal_place_red_cube_red_pad_seed_9220.npz","137062","45e0733da79da2c61220aeca3499533902dffd9f88bf8b3d3ed1d195e934f908"
"data/contact_phase_pairs/contact_phase_pairs_v3_20260729/states/trial_00141_stress_place_red_cube_red_pad_seed_9220.npz","136763","4bda7818ef3d296377bfbcb3b232efd260bbe2ef4716f4b8cf6f523def2703c6"
"data/contact_phase_pairs/contact_phase_pairs_v3_20260729/states/trial_00142_nominal_place_red_cube_red_pad_seed_9221.npz","138161","2bbb51e063e767389a654927363c6eb34b1850da5c812741e2710d501a6b6e6b"
"data/contact_phase_pairs/contact_phase_pairs_v3_20260729/states/trial_00143_stress_place_red_cube_red_pad_seed_9221.npz","138057","96fe5798151a1df8215febbc8541233eaeb1e88335fb995eaee1c61ead699b7b"
"data/contact_phase_pairs/contact_phase_pairs_v3_20260729/states/trial_00144_nominal_place_red_cube_red_pad_seed_9222.npz","140395","35c2c6085ba48c2cc5be85f9eae0469375a0c07c39788b0201767ba9ba55e4e8"
"data/contact_phase_pairs/contact_phase_pairs_v3_20260729/states/trial_00145_stress_place_red_cube_red_pad_seed_9222.npz","140937","53abf5cd6c2e104cd34ca1bb7070076ea753e08c64618f707fe4a2facaa71dbe"
"data/contact_phase_pairs/contact_phase_pairs_v3_20260729/states/trial_00146_nominal_place_red_cube_red_pad_seed_9223.npz","139354","8fc6835ba51687004c610a3f20e8e38e6b6b6d7f08303120cca4551c11cf83fc"
"data/contact_phase_pairs/contact_phase_pairs_v3_20260729/states/trial_00147_stress_place_red_cube_red_pad_seed_9223.npz","139133","55d6c5ec47ac171850f5f778a46c3da6289a8cc06c904f37e7e0db11e7bd6195"
"data/contact_phase_pairs/contact_phase_pairs_v3_20260729/states/trial_00148_nominal_place_red_cube_red_pad_seed_9224.npz","138656","eac7bb40b90a71fc778fa96dbdef5c78ec5b2075dcfb72f6e85c003f19031926"
"data/contact_phase_pairs/contact_phase_pairs_v3_20260729/states/trial_00149_stress_place_red_cube_red_pad_seed_9224.npz","138186","185558970b6fb64a2c6ef3e2038833418b7c514e04581a944ef39bea0a5ca639"
"data/contact_phase_pairs/contact_phase_pairs_v3_20260729/states/trial_00150_nominal_move_leftmost_cube_to_bowl_seed_9300.npz","139374","7e6bbaa8a6c94644a5351cf0e7496ff95f8baa92eb2b7fa426a708c7429c42ad"
"data/contact_phase_pairs/contact_phase_pairs_v3_20260729/states/trial_00151_stress_move_leftmost_cube_to_bowl_seed_9300.npz","139157","13a69131b8d4062ea98155cacab1c8d30e2fb8cc2a4b4b80b25f5e917c96a3b2"
"data/contact_phase_pairs/contact_phase_pairs_v3_20260729/states/trial_00152_nominal_move_leftmost_cube_to_bowl_seed_9301.npz","138169","af1da3d28e469536266e684bb89b05e646ba8110e36841891fc15fc7926728f5"
"data/contact_phase_pairs/contact_phase_pairs_v3_20260729/states/trial_00153_stress_move_leftmost_cube_to_bowl_seed_9301.npz","138322","485e84e17c0b652c58bae80a617ac5b1d6d6479eb29c76916a20dcd3f2b67dcb"
"data/contact_phase_pairs/contact_phase_pairs_v3_20260729/states/trial_00154_nominal_move_leftmost_cube_to_bowl_seed_9302.npz","137647","1a45d4141cdb3a4eb6ee2963bfb36b7e7aa695ff7d9b5f490f00a9e47f46fdc3"
"data/contact_phase_pairs/contact_phase_pairs_v3_20260729/states/trial_00155_stress_move_leftmost_cube_to_bowl_seed_9302.npz","137582","7d741c4b593304ebb430f03cd00ae6fb135b650dce46be31759cca1acd2d72ef"
"data/contact_phase_pairs/contact_phase_pairs_v3_20260729/states/trial_00156_nominal_move_leftmost_cube_to_bowl_seed_9303.npz","137739","670c626be3f1f565b9c8b3ec3a4f96bd4ef19404debe5265af12d3fb9f2ff40d"
"data/contact_phase_pairs/contact_phase_pairs_v3_20260729/states/trial_00157_stress_move_leftmost_cube_to_bowl_seed_9303.npz","137713","5df161147d9308f461282b687cbdc44b6015fc4ab8a742641ecb3b3a83df9d9c"
"data/contact_phase_pairs/contact_phase_pairs_v3_20260729/states/trial_00158_nominal_move_leftmost_cube_to_bowl_seed_9304.npz","138690","43e9ba554147cce4d9ac6b196c2fe8faa1647e797c8d29a2587ce3c0c3febea3"
"data/contact_phase_pairs/contact_phase_pairs_v3_20260729/states/trial_00159_stress_move_leftmost_cube_to_bowl_seed_9304.npz","138135","16273b68fab6d3e26b40d931348be56c9fab1884c7aa390e1ba5e4642ea889ed"
"data/contact_phase_pairs/contact_phase_pairs_v3_20260729/states/trial_00160_nominal_move_leftmost_cube_to_bowl_seed_9305.npz","138676","6e475988609fe37f2b4e04a7303af2cf4daf5ba1e708e126ced4e59fccd7ffba"
"data/contact_phase_pairs/contact_phase_pairs_v3_20260729/states/trial_00161_stress_move_leftmost_cube_to_bowl_seed_9305.npz","138875","829a06e0aba6a844da3f770eef72d4247b5a92c6eeb13af05c1a5da5632779d5"
"data/contact_phase_pairs/contact_phase_pairs_v3_20260729/states/trial_00162_nominal_move_leftmost_cube_to_bowl_seed_9306.npz","138635","465a15931b99f526bdb2a295421cf0683d6f0ff96ab15e1c25e2370bc831120f"
"data/contact_phase_pairs/contact_phase_pairs_v3_20260729/states/trial_00163_stress_move_leftmost_cube_to_bowl_seed_9306.npz","138181","072e28337b489fda947066394c2dd680252c1a59c67676536ce3e2f4d13b7f2a"
"data/contact_phase_pairs/contact_phase_pairs_v3_20260729/states/trial_00164_nominal_move_leftmost_cube_to_bowl_seed_9307.npz","138921","614cdae73762bc2280d0a1c477367d47d0701d5ff2b694ab8912ed44f37f55e4"
"data/contact_phase_pairs/contact_phase_pairs_v3_20260729/states/trial_00165_stress_move_leftmost_cube_to_bowl_seed_9307.npz","138910","d705d6a690b257b3306ef085c21804d4637466096668af5eedfa14616b9ea19c"
"data/contact_phase_pairs/contact_phase_pairs_v3_20260729/states/trial_00166_nominal_move_leftmost_cube_to_bowl_seed_9308.npz","138291","f1552d5324447772c80a10e0102f4fe7dd3c39167d774404a9bc90ca8d84197b"
"data/contact_phase_pairs/contact_phase_pairs_v3_20260729/states/trial_00167_stress_move_leftmost_cube_to_bowl_seed_9308.npz","137941","c23fd8a35855f5412a7237b7562e88a9af55693e6bd3096d55fc2cbf91de9807"
"data/contact_phase_pairs/contact_phase_pairs_v3_20260729/states/trial_00168_nominal_move_leftmost_cube_to_bowl_seed_9309.npz","138161","3e27655437560a5190f4608b6aeae37c61cb8f459542021156d6d30f533fe92e"
"data/contact_phase_pairs/contact_phase_pairs_v3_20260729/states/trial_00169_stress_move_leftmost_cube_to_bowl_seed_9309.npz","138681","7d302201d38379b9a49fda34f3074a78928ba5e6a5e7b410d74374a194a9d160"
"data/contact_phase_pairs/contact_phase_pairs_v3_20260729/states/trial_00170_nominal_move_leftmost_cube_to_bowl_seed_9310.npz","137854","50d2572464df48f131718bb84d525ae38da3d29e19850d91ca91a9df4390151e"
"data/contact_phase_pairs/contact_phase_pairs_v3_20260729/states/trial_00171_stress_move_leftmost_cube_to_bowl_seed_9310.npz","137768","652817904f1e504e5b843daa0f751003574c54a6ac9d767b885279c11e9fa87f"
"data/contact_phase_pairs/contact_phase_pairs_v3_20260729/states/trial_00172_nominal_move_leftmost_cube_to_bowl_seed_9311.npz","136498","6a83b9be7c00f6ad28adb778777419986399e226050e217cf1d79c9f3383b6b4"
"data/contact_phase_pairs/contact_phase_pairs_v3_20260729/states/trial_00173_stress_move_leftmost_cube_to_bowl_seed_9311.npz","136590","b7cf1f46e3066748584adb5f369093051f787427626367ec03d77a1fb48b7c05"
"data/contact_phase_pairs/contact_phase_pairs_v3_20260729/states/trial_00174_nominal_move_leftmost_cube_to_bowl_seed_9312.npz","138064","3a78e7bd5af10b0f7050c25b7b6151032502aab025251001392e5430b423ba6e"
"data/contact_phase_pairs/contact_phase_pairs_v3_20260729/states/trial_00175_stress_move_leftmost_cube_to_bowl_seed_9312.npz","137884","c7743e13a07fe29eae2268aa11dd5cf2fa487376ca2b1fa8de91df47f99ab552"
"data/contact_phase_pairs/contact_phase_pairs_v3_20260729/states/trial_00176_nominal_move_leftmost_cube_to_bowl_seed_9313.npz","137819","1a687081cd7f691b867f2b8cb5b9020660842e29a820315d25b2e48611bf8f0e"
"data/contact_phase_pairs/contact_phase_pairs_v3_20260729/states/trial_00177_stress_move_leftmost_cube_to_bowl_seed_9313.npz","137367","9d192e5cb550f2f0d706d56e8a0dfa2376ce5e72558e10fa22b791cff992bed6"
"data/contact_phase_pairs/contact_phase_pairs_v3_20260729/states/trial_00178_nominal_move_leftmost_cube_to_bowl_seed_9314.npz","138070","feff7bd2989fc010269c51f36df1ed08a2065e7a86e18b3aff04a60966d9bf61"
"data/contact_phase_pairs/contact_phase_pairs_v3_20260729/states/trial_00179_stress_move_leftmost_cube_to_bowl_seed_9314.npz","138460","2f5db498eca3514f42c46ab9dc803f57c482b4245a45e1b66f99e99087415ffd"
"data/contact_phase_pairs/contact_phase_pairs_v3_20260729/states/trial_00180_nominal_move_leftmost_cube_to_bowl_seed_9315.npz","137676","ac55cdc9110c83fe7d5c8267e31de3f57eacbf0a1ed693f23cca898b8cc4e7c9"
"data/contact_phase_pairs/contact_phase_pairs_v3_20260729/states/trial_00181_stress_move_leftmost_cube_to_bowl_seed_9315.npz","137538","cd3894a1f6c0880616ca5604725bca5370960f49b71ea3c94bd6f1420e7b46cf"
"data/contact_phase_pairs/contact_phase_pairs_v3_20260729/states/trial_00182_nominal_move_leftmost_cube_to_bowl_seed_9316.npz","138570","a542e67d9cbd0a8e724f37eec19a32ce64f9bc32a58d41145b8c3e6e777ee084"
"data/contact_phase_pairs/contact_phase_pairs_v3_20260729/states/trial_00183_stress_move_leftmost_cube_to_bowl_seed_9316.npz","138624","af04f9eb5681739bb99e55e5fa53995d412b2e5ce9b13e21fd2ac2ceee50a68e"
"data/contact_phase_pairs/contact_phase_pairs_v3_20260729/states/trial_00184_nominal_move_leftmost_cube_to_bowl_seed_9317.npz","137945","34bd129e52c2c06c8656a66be95ebc312d0fa9d5ff708aab92f2561fa67cb62a"
"data/contact_phase_pairs/contact_phase_pairs_v3_20260729/states/trial_00185_stress_move_leftmost_cube_to_bowl_seed_9317.npz","137835","dbed802291cfae4ee30067de02cbce7693b181c5573801660ecb3170c80dc025"
"data/contact_phase_pairs/contact_phase_pairs_v3_20260729/states/trial_00186_nominal_move_leftmost_cube_to_bowl_seed_9318.npz","138896","93d06efcc8d7ee4e1690069ee82e6df9f4d7879e8140b74560650e0e9be80736"
"data/contact_phase_pairs/contact_phase_pairs_v3_20260729/states/trial_00187_stress_move_leftmost_cube_to_bowl_seed_9318.npz","138835","1fc8d7528e546e7e54889517f48d670def973b966a624784df58758dc8161f49"
"data/contact_phase_pairs/contact_phase_pairs_v3_20260729/states/trial_00188_nominal_move_leftmost_cube_to_bowl_seed_9319.npz","137373","d85c8e431752f4eba30d48a3391142d9e5610636e3585d3f2a308f577e68d207"
"data/contact_phase_pairs/contact_phase_pairs_v3_20260729/states/trial_00189_stress_move_leftmost_cube_to_bowl_seed_9319.npz","137179","5d1d8f6e819691804b2e34fe6bf263f5fdb952e9bcb35056fa1d81a9ddd31a12"
"data/contact_phase_pairs/contact_phase_pairs_v3_20260729/states/trial_00190_nominal_move_leftmost_cube_to_bowl_seed_9320.npz","139508","4f839d09c5a151defa636c7b9416b1ff740bcb414bd70fff86ccb39d999b714d"
"data/contact_phase_pairs/contact_phase_pairs_v3_20260729/states/trial_00191_stress_move_leftmost_cube_to_bowl_seed_9320.npz","139042","68e4eabc7f61c0ce59c519a7021879aee307a9969366754ae514b3db7f94968a"
"data/contact_phase_pairs/contact_phase_pairs_v3_20260729/states/trial_00192_nominal_move_leftmost_cube_to_bowl_seed_9321.npz","138716","dc8e2646f378a2ba88b048663317572dc25226dbf23b9479769962130c54168d"
"data/contact_phase_pairs/contact_phase_pairs_v3_20260729/states/trial_00193_stress_move_leftmost_cube_to_bowl_seed_9321.npz","138852","792fb361ee4d0d85a663fc2f09e689dcd558ccdefb28522eb8be30fbf3b376f6"
"data/contact_phase_pairs/contact_phase_pairs_v3_20260729/states/trial_00194_nominal_move_leftmost_cube_to_bowl_seed_9322.npz","139410","74bf583b4d85fc2234d33fc3baeb5020f48e5bab4480538c420423a2daf65a53"
"data/contact_phase_pairs/contact_phase_pairs_v3_20260729/states/trial_00195_stress_move_leftmost_cube_to_bowl_seed_9322.npz","139252","ea65781d57639665c038dc32fde1fda89da94bcc16f6a5aafaf16e503af271e8"
"data/contact_phase_pairs/contact_phase_pairs_v3_20260729/states/trial_00196_nominal_move_leftmost_cube_to_bowl_seed_9323.npz","139170","110ee28236562a0567951fb62c2c2018330ea04d3056d160e58471d84d02c3ff"
"data/contact_phase_pairs/contact_phase_pairs_v3_20260729/states/trial_00197_stress_move_leftmost_cube_to_bowl_seed_9323.npz","139059","e565857fe80619ead1902abe89b041c0d1bade086f1b12ce19309f6fe37a52bb"
"data/contact_phase_pairs/contact_phase_pairs_v3_20260729/states/trial_00198_nominal_move_leftmost_cube_to_bowl_seed_9324.npz","137964","528fc2fbdf2d7e4bbba2f132a6bc48c82abf2c40b468a3ed7cb792ec311a0932"
"data/contact_phase_pairs/contact_phase_pairs_v3_20260729/states/trial_00199_stress_move_leftmost_cube_to_bowl_seed_9324.npz","138176","e8f0267e47c8fa8e72a52c22cf8230277b5cd1aac264829fc8933f03a8fdd261"
"data/contact_phase_pairs/contact_phase_pairs_v3_20260729/summary.json","497","9674a12cd03491695a38ede353c572a04212ee916e0044130d7e8fc66654dd76"
"data/contact_phase_pairs/contact_phase_pairs_v3_20260729/validation.json","1325","144b39337f1792380496e61f27034560797dd2724487aa648630d15153a8406b"
"data/contact_phase_pairs/contact_phase_pairs_v3_viewer_preflight/metadata.jsonl","8338","0a61645a793b32333ee0dd3befeb9094775a7e5f4297d016472701efb9f35536"
"data/contact_phase_pairs/contact_phase_pairs_v3_viewer_preflight/states/trial_00000_nominal_place_blue_cube_blue_pad_seed_8000.npz","141329","de0b7e69c2585863b2d87ec994c173a8f5b5e41c28f7a89d905d87a8ee38a901"
"data/contact_phase_pairs/contact_phase_pairs_v3_viewer_preflight/states/trial_00001_stress_place_blue_cube_blue_pad_seed_8000.npz","141557","62e969e3c7eadc0fbc597e0a920cb4fdea6d3b221e0ebc4f553a88fbd1613bef"
"data/contact_phase_pairs/contact_phase_pairs_v3_viewer_preflight/states/trial_00002_nominal_place_blue_cube_red_pad_seed_8100.npz","137237","32c02b4fb2843c3a1b5fce83eecfa4e85bf31dfc23cd0fe9145db838d39dcdd6"
"data/contact_phase_pairs/contact_phase_pairs_v3_viewer_preflight/states/trial_00003_stress_place_blue_cube_red_pad_seed_8100.npz","137114","51838a26b65de4f85e12271d289ef1c50ca5795ffdbfe9aaadc624d46960a861"
"data/contact_phase_pairs/contact_phase_pairs_v3_viewer_preflight/states/trial_00004_nominal_place_red_cube_red_pad_seed_8200.npz","137554","eb323c4991681ad877c88d545b89d33d9c5359fce5df93a571a7581abd6d65a4"
"data/contact_phase_pairs/contact_phase_pairs_v3_viewer_preflight/states/trial_00005_stress_place_red_cube_red_pad_seed_8200.npz","137330","9d4db2ed6612aff2a6af72b147406d51638a41d555f9ba622c962df803658e78"
"data/contact_phase_pairs/contact_phase_pairs_v3_viewer_preflight/states/trial_00006_nominal_move_leftmost_cube_to_bowl_seed_8300.npz","138323","8ee24d10588269f7c2e9447d3f83b32d617dd9c51f681f4348c0354ce9352add"
"data/contact_phase_pairs/contact_phase_pairs_v3_viewer_preflight/states/trial_00007_stress_move_leftmost_cube_to_bowl_seed_8300.npz","138077","0568bf5cbaebe2311b5522c8c44db9128530d1dcce7b37c962b127e8071149d1"
"data/contact_phase_pairs/contact_phase_pairs_v3_viewer_preflight/summary.json","483","a0a9cde218d64f1f5cf0632ef7d47de5780e352f2e3695b8891362f8ab2f3b8a"
"data/contact_phase_pairs/contact_phase_pairs_v3_viewer_preflight/validation.json","1301","1d10bd19dccbe071e4fc3a20cf20fbad20528ca1918d4ab49100c16450ec8984"
"data/contact_profile_sensitivity/diagnostic_recheck_v1.jsonl","4833","9b48cd163558e4b4558e293aefddc9f02b1639fcd7e71fee08a350d7ed03f3ea"
"data/contact_profile_sensitivity/diagnostic_recheck_v1.npz","119478","d67a103759c89b64840603112be00806c5024f357afc1c43c4dee0d5616fbe43"
"data/contact_profile_sensitivity/diagnostic_recheck_v1_summary.json","1341","b6ccacbabd5b677b1c9d631b3d2992920c3c91102da70509071edd4a1a95327a"
"data/contact_profile_sensitivity/exploratory_holdout_diagnosis_v1.jsonl","19463","61606ff931d49b92662f8196796c68f0fbaa49d669e4af809d0c9f49441b3e92"
"data/contact_profile_sensitivity/exploratory_holdout_diagnosis_v1.npz","470603","40d1a7d6db71b4c8558a646eb1f65f922be2064b7c1a90c5f7a5f27b13d52130"
"data/contact_profile_sensitivity/exploratory_holdout_diagnosis_v1_summary.json","1459","f0dbef74090b4a1e4e3871c78389853a41e8bc271a96dbe2d45a732bf06efa10"
"data/contact_profile_sensitivity/gentle_transfer_probe_v1.jsonl","5515","5001af28385bd0d6691b7a8a6bff77dbe60620027a497b7602fafe9327493e55"
"data/contact_profile_sensitivity/gentle_transfer_probe_v1.npz","119497","52e9f82f70da3d675327726c0463deb49f5c4936b75f77344afd9aad4de93be7"
"data/contact_profile_sensitivity/gentle_transfer_probe_v1_summary.json","1405","5fc16087a2caaab9b831011af70649a62bda534a76a4f061881f59ceccaa4789"
"data/contact_profile_sensitivity/leftmost_severe_v1.jsonl","121725","fbd97cdf05e7cf87f992136af020330d365337816d8243c4abaf599d6bcaaf5b"
"data/contact_profile_sensitivity/leftmost_severe_v1.npz","2698940","6031e1a54433dd60ab541534a52515cfe41ee15b1ed87bbbfd3c3d919b6e12e9"
"data/contact_profile_sensitivity/leftmost_severe_v1_summary.json","2264","4fc44ee83eab215990b0802cb0d0e5718c9e6bb6ce67f1ae95d42979547b5709"
"data/contact_profile_sensitivity/smoke_known_failure_v1.jsonl","2917","3a145540d946b753e18950896ad6e543fc345f1277f420deb04946721dfa5396"
"data/contact_profile_sensitivity/smoke_known_failure_v1.npz","119478","d67a103759c89b64840603112be00806c5024f357afc1c43c4dee0d5616fbe43"
"data/contact_profile_sensitivity/smoke_known_failure_v1_summary.json","1343","2d46b1eac06853e22e2c7b1c8968ac3f9aee5bb0de66aeda23cbc362251f7b28"
"data/counterfactual_intervention_pairs/counterfactual_calibration_v1/metadata.jsonl","1106","1c4e91c1550119eb90eb15f0407de605d3c7b4b678bdfa2e3690ac2a9730dd53"
"data/counterfactual_intervention_pairs/counterfactual_calibration_v1/states/pair_00000_severe_contact_shift_move_leftmost_cube_to_bowl_seed_11000.npz","58457","144a5c0f13c484e78043a68a3395cc8cad50546ead22db828935aa625c37c4c4"
"data/counterfactual_intervention_pairs/counterfactual_calibration_v1/summary.json","434","f31b08263001f4fcd25394b983fdbf56649394e17cbf45f8d74d494c5c19c8a0"
"data/counterfactual_intervention_pairs/counterfactual_pilot_v1/metadata.jsonl","52687","33203061879f723c21b9de389e94f3538a48854415d37a6c3cc9205c42b4c483"
"data/counterfactual_intervention_pairs/counterfactual_pilot_v1/states/pair_00000_mild_contact_shift_place_blue_cube_blue_pad_seed_11100.npz","58425","2fa9484e021237b76b31f274e514baef4fd525a621bc69e6969272b0c22ec10e"
"data/counterfactual_intervention_pairs/counterfactual_pilot_v1/states/pair_00001_mild_contact_shift_place_blue_cube_blue_pad_seed_11101.npz","60274","3819ec1f3a80c1b880db2694f75d5df6caf9eb1df79481ee00e5b0898127b359"
"data/counterfactual_intervention_pairs/counterfactual_pilot_v1/states/pair_00002_mild_contact_shift_place_blue_cube_blue_pad_seed_11102.npz","59738","69ac31eb0dee76257bbc52f15f3b1557e34702d46016e931d27bfb8b7977df4f"
"data/counterfactual_intervention_pairs/counterfactual_pilot_v1/states/pair_00003_mild_contact_shift_place_blue_cube_blue_pad_seed_11103.npz","57843","c834e7da093aaa2a28ac8a091d79e0e8118787ed1dec5815c66ec95b4056bc10"
"data/counterfactual_intervention_pairs/counterfactual_pilot_v1/states/pair_00004_mild_contact_shift_place_blue_cube_red_pad_seed_11100.npz","58425","2fa9484e021237b76b31f274e514baef4fd525a621bc69e6969272b0c22ec10e"
"data/counterfactual_intervention_pairs/counterfactual_pilot_v1/states/pair_00005_mild_contact_shift_place_blue_cube_red_pad_seed_11101.npz","60274","3819ec1f3a80c1b880db2694f75d5df6caf9eb1df79481ee00e5b0898127b359"
"data/counterfactual_intervention_pairs/counterfactual_pilot_v1/states/pair_00006_mild_contact_shift_place_blue_cube_red_pad_seed_11102.npz","59738","69ac31eb0dee76257bbc52f15f3b1557e34702d46016e931d27bfb8b7977df4f"
"data/counterfactual_intervention_pairs/counterfactual_pilot_v1/states/pair_00007_mild_contact_shift_place_blue_cube_red_pad_seed_11103.npz","57843","c834e7da093aaa2a28ac8a091d79e0e8118787ed1dec5815c66ec95b4056bc10"
"data/counterfactual_intervention_pairs/counterfactual_pilot_v1/states/pair_00008_mild_contact_shift_place_red_cube_red_pad_seed_11100.npz","58263","5c21d2d1034560ddece770bae9c27b4d981d9e0f88339120ee60eb8e3a0aaf72"
"data/counterfactual_intervention_pairs/counterfactual_pilot_v1/states/pair_00009_mild_contact_shift_place_red_cube_red_pad_seed_11101.npz","58237","797d684483a213c9c438da3bc7922c73c9e687ee004bc369af53ddd44222f8fd"
"data/counterfactual_intervention_pairs/counterfactual_pilot_v1/states/pair_00010_mild_contact_shift_place_red_cube_red_pad_seed_11102.npz","60519","59fe743a3a5513ab67224f28dfebe035bc1a5397e1973163e388bda00b4b617f"
"data/counterfactual_intervention_pairs/counterfactual_pilot_v1/states/pair_00011_mild_contact_shift_place_red_cube_red_pad_seed_11103.npz","57864","303c84ba170d530dc99a745d2914e4209d9999aa371db563ad26ff437b2d9713"
"data/counterfactual_intervention_pairs/counterfactual_pilot_v1/states/pair_00012_mild_contact_shift_move_leftmost_cube_to_bowl_seed_11100.npz","58100","d6b6512a393a8ca535d98ca48e026000bdce86ffaeaaf52b603d4d08407f49d3"
"data/counterfactual_intervention_pairs/counterfactual_pilot_v1/states/pair_00013_mild_contact_shift_move_leftmost_cube_to_bowl_seed_11101.npz","58289","837d6556be1b6de922625c8f506f5740a09b959f87d7faafed6fd36d2edd7fce"
"data/counterfactual_intervention_pairs/counterfactual_pilot_v1/states/pair_00014_mild_contact_shift_move_leftmost_cube_to_bowl_seed_11102.npz","57165","c06a7920b81c3700e209ab913549036240772405f366c9adcf05b7d86e407ab0"
"data/counterfactual_intervention_pairs/counterfactual_pilot_v1/states/pair_00015_mild_contact_shift_move_leftmost_cube_to_bowl_seed_11103.npz","58007","79315e1b66fcf10d70ad7249cca815d367b1568733a951e57ec36e4472ab6586"
"data/counterfactual_intervention_pairs/counterfactual_pilot_v1/states/pair_00016_low_contact_shift_place_blue_cube_blue_pad_seed_11100.npz","58379","e50978be38d1a3cbe47723377b82a375281651ee760d7b3597fcc99d991e95df"
"data/counterfactual_intervention_pairs/counterfactual_pilot_v1/states/pair_00017_low_contact_shift_place_blue_cube_blue_pad_seed_11101.npz","60120","11eb13d23cdb1a8f8d409c52b18ee6b904c4a01c6253bd5bd87b0bb50216d3f3"
"data/counterfactual_intervention_pairs/counterfactual_pilot_v1/states/pair_00018_low_contact_shift_place_blue_cube_blue_pad_seed_11102.npz","59542","cdaf70e08f01dd18a0bf497cbb50569c2cc5a971be7a97823a785ad0fa3492f6"
"data/counterfactual_intervention_pairs/counterfactual_pilot_v1/states/pair_00019_low_contact_shift_place_blue_cube_blue_pad_seed_11103.npz","57828","54f8e235530a60568f01ea6a301328c17b1deae5ef1ded0e6e7968a24f4fae41"
"data/counterfactual_intervention_pairs/counterfactual_pilot_v1/states/pair_00020_low_contact_shift_place_blue_cube_red_pad_seed_11100.npz","58379","e50978be38d1a3cbe47723377b82a375281651ee760d7b3597fcc99d991e95df"
"data/counterfactual_intervention_pairs/counterfactual_pilot_v1/states/pair_00021_low_contact_shift_place_blue_cube_red_pad_seed_11101.npz","60120","11eb13d23cdb1a8f8d409c52b18ee6b904c4a01c6253bd5bd87b0bb50216d3f3"
"data/counterfactual_intervention_pairs/counterfactual_pilot_v1/states/pair_00022_low_contact_shift_place_blue_cube_red_pad_seed_11102.npz","59542","cdaf70e08f01dd18a0bf497cbb50569c2cc5a971be7a97823a785ad0fa3492f6"
"data/counterfactual_intervention_pairs/counterfactual_pilot_v1/states/pair_00023_low_contact_shift_place_blue_cube_red_pad_seed_11103.npz","57828","54f8e235530a60568f01ea6a301328c17b1deae5ef1ded0e6e7968a24f4fae41"
"data/counterfactual_intervention_pairs/counterfactual_pilot_v1/states/pair_00024_low_contact_shift_place_red_cube_red_pad_seed_11100.npz","58544","d10de852bf3e7f83858e8fdb2a23a3de51c103039f6a93063a02e9bb129e13a2"
"data/counterfactual_intervention_pairs/counterfactual_pilot_v1/states/pair_00025_low_contact_shift_place_red_cube_red_pad_seed_11101.npz","58269","d33d0cb8686fdcbcacd0671f1f2557ed118f92b8f43b8b288ebea2856f0d804f"
"data/counterfactual_intervention_pairs/counterfactual_pilot_v1/states/pair_00026_low_contact_shift_place_red_cube_red_pad_seed_11102.npz","60650","0992a6ed1e136a499a55bc2cc5748735ef30b5e9eb39a1f1d41b5acb245c92dc"
"data/counterfactual_intervention_pairs/counterfactual_pilot_v1/states/pair_00027_low_contact_shift_place_red_cube_red_pad_seed_11103.npz","57852","6efeb1efb36c9d6a08bc387f8abd849e4371d17c21d264ee1fe3e315e8cf935b"
"data/counterfactual_intervention_pairs/counterfactual_pilot_v1/states/pair_00028_low_contact_shift_move_leftmost_cube_to_bowl_seed_11100.npz","58050","857abaf674c628f99a0c3aaf590f647918fdbea9a35f8cbdfbed60844480d547"
"data/counterfactual_intervention_pairs/counterfactual_pilot_v1/states/pair_00029_low_contact_shift_move_leftmost_cube_to_bowl_seed_11101.npz","58431","8de76e1d55d7513e555fcc918ee9b4dba2d8e6f0c38076a9524b793962f9e356"
"data/counterfactual_intervention_pairs/counterfactual_pilot_v1/states/pair_00030_low_contact_shift_move_leftmost_cube_to_bowl_seed_11102.npz","57328","929f6469c6e43b8ad5bcdd9e6d15c323cf38584597ea446579504efa18e08b28"
"data/counterfactual_intervention_pairs/counterfactual_pilot_v1/states/pair_00031_low_contact_shift_move_leftmost_cube_to_bowl_seed_11103.npz","57953","58922755830cc9322b330a3ccc66f4340af2198618d260f35617ed9dd4ea83f8"
"data/counterfactual_intervention_pairs/counterfactual_pilot_v1/states/pair_00032_severe_contact_shift_place_blue_cube_blue_pad_seed_11100.npz","58331","19a11605e2c3fb01141dbf5df73ade02a305d3200934de96ec178e2a05d9396f"
"data/counterfactual_intervention_pairs/counterfactual_pilot_v1/states/pair_00033_severe_contact_shift_place_blue_cube_blue_pad_seed_11101.npz","60101","3daea74196b0f0d8e8e67acfcf63bace5c0a8e8cd564d445b4698074d209ad2a"
"data/counterfactual_intervention_pairs/counterfactual_pilot_v1/states/pair_00034_severe_contact_shift_place_blue_cube_blue_pad_seed_11102.npz","59760","834dd33788162d1b7ff0d9c4712625fa085e6d51fa83cca8999a6362563a257a"
"data/counterfactual_intervention_pairs/counterfactual_pilot_v1/states/pair_00035_severe_contact_shift_place_blue_cube_blue_pad_seed_11103.npz","57849","0b20d52c58802d53adb2edaa709f64088e5a47e81748b4b263c62f5e54b7917d"
"data/counterfactual_intervention_pairs/counterfactual_pilot_v1/states/pair_00036_severe_contact_shift_place_blue_cube_red_pad_seed_11100.npz","58331","19a11605e2c3fb01141dbf5df73ade02a305d3200934de96ec178e2a05d9396f"
"data/counterfactual_intervention_pairs/counterfactual_pilot_v1/states/pair_00037_severe_contact_shift_place_blue_cube_red_pad_seed_11101.npz","60101","3daea74196b0f0d8e8e67acfcf63bace5c0a8e8cd564d445b4698074d209ad2a"
"data/counterfactual_intervention_pairs/counterfactual_pilot_v1/states/pair_00038_severe_contact_shift_place_blue_cube_red_pad_seed_11102.npz","59760","834dd33788162d1b7ff0d9c4712625fa085e6d51fa83cca8999a6362563a257a"
"data/counterfactual_intervention_pairs/counterfactual_pilot_v1/states/pair_00039_severe_contact_shift_place_blue_cube_red_pad_seed_11103.npz","57847","b970ecec7c58626e5731575b11c3a9ab2871c8fb0cd67f1c1ef4d50c5da6c446"
"data/counterfactual_intervention_pairs/counterfactual_pilot_v1/states/pair_00040_severe_contact_shift_place_red_cube_red_pad_seed_11100.npz","58392","78ac0da88467a7fc0071042cce13a63c857f7ca91ae8127b3aa477c115a3b655"
"data/counterfactual_intervention_pairs/counterfactual_pilot_v1/states/pair_00041_severe_contact_shift_place_red_cube_red_pad_seed_11101.npz","58083","1c8e54bcb924b786aef7dfc0e45fd3796f86db48b5cf5af2522fc55b77ffa16e"
"data/counterfactual_intervention_pairs/counterfactual_pilot_v1/states/pair_00042_severe_contact_shift_place_red_cube_red_pad_seed_11102.npz","60851","eb71c6c4c996592c81bdda5b78cafe98da9865f4f807ecd6a00e8de720b71563"
"data/counterfactual_intervention_pairs/counterfactual_pilot_v1/states/pair_00043_severe_contact_shift_place_red_cube_red_pad_seed_11103.npz","57833","51e0666864159183bee77ef5732171c0aea057ae750740f3a337e5b4199985e9"
"data/counterfactual_intervention_pairs/counterfactual_pilot_v1/states/pair_00044_severe_contact_shift_move_leftmost_cube_to_bowl_seed_11100.npz","58104","c2e535684522b1df65614907bf2908a465bd7ee046fbeeb3748fa11d1fe2b89b"
"data/counterfactual_intervention_pairs/counterfactual_pilot_v1/states/pair_00045_severe_contact_shift_move_leftmost_cube_to_bowl_seed_11101.npz","58419","e08c0700bbb54d62a6a3e5e1cf33e8c5ff23fe6658c18e32e81e199b18d96475"
"data/counterfactual_intervention_pairs/counterfactual_pilot_v1/states/pair_00046_severe_contact_shift_move_leftmost_cube_to_bowl_seed_11102.npz","57049","d3ceafaeafc8b8a6bcd371a2d4380738e7adcfe82c182f0ffe9cd067f033c62c"
"data/counterfactual_intervention_pairs/counterfactual_pilot_v1/states/pair_00047_severe_contact_shift_move_leftmost_cube_to_bowl_seed_11103.npz","57993","6be09a6e21bdbb1f5b7505086633a136011836704efcba8c1c7a7097d85c38f6"
"data/counterfactual_intervention_pairs/counterfactual_pilot_v1/summary.json","600","8af969c4a9d5414cb4c64e7305db6c2e987b1e946fe7407e979b27aa60e70e33"
"data/demos/adapt_place_green_cube_blue_pad_20260813_035604_a4b5/episodes/episode_000000_seed_2400.npz","816075","7271fbfe3fc0cc04d80eb0f5c80999cf7d0037aea6187f1eb1c933b42809a255"
"data/demos/adapt_place_green_cube_blue_pad_20260813_035604_a4b5/episodes/episode_000001_seed_2401.npz","812383","77380e1321fa9b0eb89d532d441feb0efd514f6dc75cd72d608f422df231cc43"
"data/demos/adapt_place_green_cube_blue_pad_20260813_035604_a4b5/metadata.jsonl","3254","487d3840428d4ed90a70bbfd80ff2f67505df9994bda743105698d40f426ea11"
"data/demos/adapt_place_green_cube_blue_pad_20260813_035604_a4b5/summary.json","97","dce9eee0fa4e2f048ea0ac33414868013033e5be61328b7787cfb1a11d51fa56"
"data/demos/adapt_place_green_cube_blue_pad_20260813_040144_9a96/episodes/episode_000000_seed_2400.npz","816075","7271fbfe3fc0cc04d80eb0f5c80999cf7d0037aea6187f1eb1c933b42809a255"
"data/demos/adapt_place_green_cube_blue_pad_20260813_040144_9a96/episodes/episode_000001_seed_2401.npz","812383","77380e1321fa9b0eb89d532d441feb0efd514f6dc75cd72d608f422df231cc43"
"data/demos/adapt_place_green_cube_blue_pad_20260813_040144_9a96/metadata.jsonl","3254","487d3840428d4ed90a70bbfd80ff2f67505df9994bda743105698d40f426ea11"
"data/demos/adapt_place_green_cube_blue_pad_20260813_040144_9a96/summary.json","97","dce9eee0fa4e2f048ea0ac33414868013033e5be61328b7787cfb1a11d51fa56"
"data/demos/adapt_place_green_cube_blue_pad_20260813_040407_0ddb/episodes/episode_000000_seed_2400.npz","816075","7271fbfe3fc0cc04d80eb0f5c80999cf7d0037aea6187f1eb1c933b42809a255"
"data/demos/adapt_place_green_cube_blue_pad_20260813_040407_0ddb/episodes/episode_000001_seed_2401.npz","812383","77380e1321fa9b0eb89d532d441feb0efd514f6dc75cd72d608f422df231cc43"
"data/demos/adapt_place_green_cube_blue_pad_20260813_040407_0ddb/metadata.jsonl","3254","487d3840428d4ed90a70bbfd80ff2f67505df9994bda743105698d40f426ea11"
"data/demos/adapt_place_green_cube_blue_pad_20260813_040407_0ddb/summary.json","97","dce9eee0fa4e2f048ea0ac33414868013033e5be61328b7787cfb1a11d51fa56"
"data/demos/adapt_place_green_cube_blue_pad_20260813_041441_7564/episodes/episode_000000_seed_2400.npz","816075","7271fbfe3fc0cc04d80eb0f5c80999cf7d0037aea6187f1eb1c933b42809a255"
"data/demos/adapt_place_green_cube_blue_pad_20260813_041441_7564/episodes/episode_000001_seed_2401.npz","812383","77380e1321fa9b0eb89d532d441feb0efd514f6dc75cd72d608f422df231cc43"
"data/demos/adapt_place_green_cube_blue_pad_20260813_041441_7564/episodes/episode_000002_seed_2402.npz","813319","dd97f91c48c4a9681850b93f692a37725545b4f954ad76f8bcc734d12a43c81a"
"data/demos/adapt_place_green_cube_blue_pad_20260813_041441_7564/metadata.jsonl","4884","093af1d5d4eeb0dc239e5e496194101ec6eab5ff906656bea3abf01517d94e83"
"data/demos/adapt_place_green_cube_blue_pad_20260813_041441_7564/summary.json","97","252ab0706742b94f01c86bcac0df09e8b9bf12303b3b7b88ad5361f794311c1d"
"data/demos/adapt_place_green_cube_blue_pad_20260813_045205_f2aa/episodes/episode_000000_seed_2400.npz","816075","7271fbfe3fc0cc04d80eb0f5c80999cf7d0037aea6187f1eb1c933b42809a255"
"data/demos/adapt_place_green_cube_blue_pad_20260813_045205_f2aa/episodes/episode_000001_seed_2401.npz","812383","77380e1321fa9b0eb89d532d441feb0efd514f6dc75cd72d608f422df231cc43"
"data/demos/adapt_place_green_cube_blue_pad_20260813_045205_f2aa/metadata.jsonl","3254","487d3840428d4ed90a70bbfd80ff2f67505df9994bda743105698d40f426ea11"
"data/demos/adapt_place_green_cube_blue_pad_20260813_045205_f2aa/summary.json","97","dce9eee0fa4e2f048ea0ac33414868013033e5be61328b7787cfb1a11d51fa56"
"data/demos/adapt_place_green_cube_blue_pad_20260813_045439_292c/episodes/episode_000000_seed_2400.npz","816075","7271fbfe3fc0cc04d80eb0f5c80999cf7d0037aea6187f1eb1c933b42809a255"
"data/demos/adapt_place_green_cube_blue_pad_20260813_045439_292c/episodes/episode_000001_seed_2401.npz","812383","77380e1321fa9b0eb89d532d441feb0efd514f6dc75cd72d608f422df231cc43"
"data/demos/adapt_place_green_cube_blue_pad_20260813_045439_292c/metadata.jsonl","3254","487d3840428d4ed90a70bbfd80ff2f67505df9994bda743105698d40f426ea11"
"data/demos/adapt_place_green_cube_blue_pad_20260813_045439_292c/summary.json","97","dce9eee0fa4e2f048ea0ac33414868013033e5be61328b7787cfb1a11d51fa56"
"data/demos/arena_place_green_cube_blue_pad_20260813_054029_6899/episodes/episode_000000_seed_2400.npz","816075","7271fbfe3fc0cc04d80eb0f5c80999cf7d0037aea6187f1eb1c933b42809a255"
"data/demos/arena_place_green_cube_blue_pad_20260813_054029_6899/episodes/episode_000001_seed_2401.npz","812383","77380e1321fa9b0eb89d532d441feb0efd514f6dc75cd72d608f422df231cc43"
"data/demos/arena_place_green_cube_blue_pad_20260813_054029_6899/metadata.jsonl","3254","487d3840428d4ed90a70bbfd80ff2f67505df9994bda743105698d40f426ea11"
"data/demos/arena_place_green_cube_blue_pad_20260813_054029_6899/shared_demo_protocol.json","408","729835edb1055a48af2eb5515c57d53a8f1d97fcbd9a5837e8858b911653b4f9"
"data/demos/arena_place_green_cube_blue_pad_20260813_054029_6899/summary.json","97","dce9eee0fa4e2f048ea0ac33414868013033e5be61328b7787cfb1a11d51fa56"
"data/demos/contact_stage_demo_place_blue_cube_blue_pad_medium_v1/episodes/episode_000000_seed_0.npz","812729","a07a47948cbc4e15b67ccd8363563cd8fd9b99ca9f71c3b5acc3154e31b8a0b5"
"data/demos/contact_stage_demo_place_blue_cube_blue_pad_medium_v1/episodes/episode_000001_seed_1.npz","809563","0d5173aec7e9a31368c5f8169bba9b40b8a99a2999712154407e62fb7cf524c9"
"data/demos/contact_stage_demo_place_blue_cube_blue_pad_medium_v1/episodes/episode_000002_seed_2.npz","850806","ce6a8f8dd330808b39c97c12faf4d41a4216961c5ed31748124c270aedff7c31"
"data/demos/contact_stage_demo_place_blue_cube_blue_pad_medium_v1/episodes/episode_000003_seed_3.npz","778754","8a7057516a8b69afc82b9daa840541a3b01600b8c207215b6dee93250c7f1699"
"data/demos/contact_stage_demo_place_blue_cube_blue_pad_medium_v1/episodes/episode_000004_seed_4.npz","810346","96322333ccad7cb29e53fa623f78cba640ba87ae646ac887dfd0277ed2e9b207"
"data/demos/contact_stage_demo_place_blue_cube_blue_pad_medium_v1/episodes/episode_000005_seed_5.npz","799430","52a9bfa266d552d74e1e98202beed204fc12bc5a7c7957f0735c01e521b647b1"
"data/demos/contact_stage_demo_place_blue_cube_blue_pad_medium_v1/episodes/episode_000006_seed_6.npz","747315","ebe76d0ace87d7bc616baa238b901610d2cf1b0a868d3d4474d64b293876f6fe"
"data/demos/contact_stage_demo_place_blue_cube_blue_pad_medium_v1/episodes/episode_000007_seed_7.npz","853256","080c3db960febd47397db297713a5e60ae66e3c43092ee81b8660a6da69b7737"
"data/demos/contact_stage_demo_place_blue_cube_blue_pad_medium_v1/episodes/episode_000008_seed_8.npz","777251","70b3f64d313e4baa40bdd309ae34aa0e44216ce015d207bdf5ec1437d6586dc1"
"data/demos/contact_stage_demo_place_blue_cube_blue_pad_medium_v1/episodes/episode_000009_seed_9.npz","858477","faeace4fa8ad37fc4aa28160da1f899392a6d8b357c9540132b1e52941a08bcd"
"data/demos/contact_stage_demo_place_blue_cube_blue_pad_medium_v1/episodes/episode_000010_seed_10.npz","851758","5eb4516cf31e5773262ac01579c423f315cc2a47fb313cf3713bb8060c4284ab"
"data/demos/contact_stage_demo_place_blue_cube_blue_pad_medium_v1/episodes/episode_000011_seed_11.npz","1139840","03b614fbc545530fba43aef4b7fdbde7893e8e2de55616a2a53d39a5ea9cb505"
"data/demos/contact_stage_demo_place_blue_cube_blue_pad_medium_v1/metadata.jsonl","15955","ad0ab24eb28af7949a71e74a4ebb38a94d5ca51e25c74e9761e01217a921c644"
"data/demos/contact_stage_demo_place_blue_cube_blue_pad_medium_v1/summary.json","138","881dc2ad430df62737b74d47c4207d7b2ad2057934af166e323b3ec9fec34772"
"data/demos/core_v2_move_leftmost_cube_to_bowl_language_25d_v1/episodes/episode_000000_seed_400.npz","683714","c2c6ba8da45e77b1606a4547f43649af1a2eff5b1cd2d5e6e239e2dc94187f91"
"data/demos/core_v2_move_leftmost_cube_to_bowl_language_25d_v1/episodes/episode_000001_seed_401.npz","753845","38ac76f3ae0367e65c65b4e9bec46c2d4d3cb54b1b5339e08f1b6cb8796dd35d"
"data/demos/core_v2_move_leftmost_cube_to_bowl_language_25d_v1/episodes/episode_000002_seed_402.npz","823397","5bbea47a9323ecd04204ede06fac1784b3fadb96ac44f0976e2423e19d0718f8"
"data/demos/core_v2_move_leftmost_cube_to_bowl_language_25d_v1/episodes/episode_000003_seed_403.npz","745838","fcfe8d216dcad37b0e26007ed14c0d6f50b5585aba611aca4a958571e399a6d2"
"data/demos/core_v2_move_leftmost_cube_to_bowl_language_25d_v1/episodes/episode_000004_seed_404.npz","676705","399a671ad607b1d113c0025757c55835452926094e459d4ac7ba706ae64c5c4b"
"data/demos/core_v2_move_leftmost_cube_to_bowl_language_25d_v1/episodes/episode_000005_seed_405.npz","809864","791956adb8cb5d813c23eb08909928b60c36a30a84d348e1a4970ccbf3934384"
"data/demos/core_v2_move_leftmost_cube_to_bowl_language_25d_v1/episodes/episode_000006_seed_406.npz","679693","35e8eab6b33d47fa5089580ac53f2263cf267d22f2bd2a93055d291a3e3e0dd2"
"data/demos/core_v2_move_leftmost_cube_to_bowl_language_25d_v1/episodes/episode_000007_seed_407.npz","757508","208c6f9f6041d5ab3c8b9765abd8c0d8d6e585e2a86e5ede58b4a8ef430b389c"
"data/demos/core_v2_move_leftmost_cube_to_bowl_language_25d_v1/episodes/episode_000008_seed_408.npz","755516","9e02897e666e9a74ea9d829f00bc6adcac3d6b66c99f3672543c457d2cba8290"
"data/demos/core_v2_move_leftmost_cube_to_bowl_language_25d_v1/episodes/episode_000009_seed_409.npz","683566","2ba2f4fcb1918081ec7bf568d9a15bb57e5d9a4f5141ea9a0698d79feedd79b8"
"data/demos/core_v2_move_leftmost_cube_to_bowl_language_25d_v1/episodes/episode_000010_seed_410.npz","768745","265673e4babd2c808df408f3042fe92662839e59a547534a423d2c04cee060b9"
"data/demos/core_v2_move_leftmost_cube_to_bowl_language_25d_v1/episodes/episode_000011_seed_411.npz","754082","0e564f95626f568d88b6f98f0f1de9c5ea08f35f9d9e2fbf7645e7a61c01e4b0"
"data/demos/core_v2_move_leftmost_cube_to_bowl_language_25d_v1/episodes/episode_000012_seed_412.npz","753856","b731f775b64038bace34957bc403456530102c9deb5eaf1cfcff9f113e1ba339"
"data/demos/core_v2_move_leftmost_cube_to_bowl_language_25d_v1/episodes/episode_000013_seed_413.npz","823586","82edc63d179271350e647076a5fbd04f8503cc8f1cec45a1bb929008329acda0"
"data/demos/core_v2_move_leftmost_cube_to_bowl_language_25d_v1/episodes/episode_000014_seed_414.npz","661137","a52454a4b0301c743749962480d5cc39ca85c768a99b195494d42a837a202e75"
"data/demos/core_v2_move_leftmost_cube_to_bowl_language_25d_v1/episodes/episode_000015_seed_415.npz","827081","7d34ed0637ba33c36dc06966a5a24776233377386c0a7f6b4554973f485d985c"
"data/demos/core_v2_move_leftmost_cube_to_bowl_language_25d_v1/episodes/episode_000016_seed_416.npz","822114","b78c05e24ae121f47e1d0e8efff08e4b01e3df96e109558e6ea6c410b6a749e2"
"data/demos/core_v2_move_leftmost_cube_to_bowl_language_25d_v1/episodes/episode_000017_seed_417.npz","831420","417129ea4c525aa3379377274ba30feab359d2a15afe6a368367b30b9aa173bb"
"data/demos/core_v2_move_leftmost_cube_to_bowl_language_25d_v1/episodes/episode_000018_seed_418.npz","819230","9cec349b43f5c71c1a1145260f711dcb738404189941de7a352a076685ef427d"
"data/demos/core_v2_move_leftmost_cube_to_bowl_language_25d_v1/episodes/episode_000019_seed_419.npz","756333","ccb655e1cfae3dafa461c0db1b76747be461cdbfb883c9b86b709d69f4971308"
"data/demos/core_v2_move_leftmost_cube_to_bowl_language_25d_v1/episodes/episode_000020_seed_420.npz","743164","f2965a4a62db31c02a24c188404b15e733569f9ef93f2b9ee43b786d29a2fc32"
"data/demos/core_v2_move_leftmost_cube_to_bowl_language_25d_v1/episodes/episode_000021_seed_421.npz","758511","67d377536f39094e30e1cc68508155bf77e4fb23b4dd1c779c96e3c1a3e9ff61"
"data/demos/core_v2_move_leftmost_cube_to_bowl_language_25d_v1/episodes/episode_000022_seed_422.npz","759314","17df906f3878f226b3d9cdc5ed9a9f6edc4b56ec6a4d10cc364b775a07e5ee3e"
"data/demos/core_v2_move_leftmost_cube_to_bowl_language_25d_v1/episodes/episode_000023_seed_423.npz","743702","a85fd86bf18c591cec060cbfc3bc36f33b9251ff823967c85865d39d0e15b68a"
"data/demos/core_v2_move_leftmost_cube_to_bowl_language_25d_v1/episodes/episode_000024_seed_424.npz","760565","37c02971c9e27109c3b8b4e7f8bf2c3740c640bd442b474c3037751fcdfd2b02"
"data/demos/core_v2_move_leftmost_cube_to_bowl_language_25d_v1/metadata.jsonl","33220","d3fa5dbab03780200d3c11efabfdf97d2e5db5a9a3376158fd3dc604be482575"
"data/demos/core_v2_move_leftmost_cube_to_bowl_language_25d_v1/summary.json","100","cf64a394240bf3e0c42251d0e6421f78ea9005202941968a7715a02d64bf0d95"
"data/demos/core_v2_move_leftmost_cube_to_bowl_language_train20_v1/episodes/episode_000000_seed_400.npz","683714","c2c6ba8da45e77b1606a4547f43649af1a2eff5b1cd2d5e6e239e2dc94187f91"
"data/demos/core_v2_move_leftmost_cube_to_bowl_language_train20_v1/episodes/episode_000001_seed_401.npz","753845","38ac76f3ae0367e65c65b4e9bec46c2d4d3cb54b1b5339e08f1b6cb8796dd35d"
"data/demos/core_v2_move_leftmost_cube_to_bowl_language_train20_v1/episodes/episode_000002_seed_402.npz","823397","5bbea47a9323ecd04204ede06fac1784b3fadb96ac44f0976e2423e19d0718f8"
"data/demos/core_v2_move_leftmost_cube_to_bowl_language_train20_v1/episodes/episode_000003_seed_403.npz","745838","fcfe8d216dcad37b0e26007ed14c0d6f50b5585aba611aca4a958571e399a6d2"
"data/demos/core_v2_move_leftmost_cube_to_bowl_language_train20_v1/episodes/episode_000004_seed_404.npz","676705","399a671ad607b1d113c0025757c55835452926094e459d4ac7ba706ae64c5c4b"
"data/demos/core_v2_move_leftmost_cube_to_bowl_language_train20_v1/episodes/episode_000006_seed_406.npz","679693","35e8eab6b33d47fa5089580ac53f2263cf267d22f2bd2a93055d291a3e3e0dd2"
"data/demos/core_v2_move_leftmost_cube_to_bowl_language_train20_v1/episodes/episode_000007_seed_407.npz","757508","208c6f9f6041d5ab3c8b9765abd8c0d8d6e585e2a86e5ede58b4a8ef430b389c"
"data/demos/core_v2_move_leftmost_cube_to_bowl_language_train20_v1/episodes/episode_000008_seed_408.npz","755516","9e02897e666e9a74ea9d829f00bc6adcac3d6b66c99f3672543c457d2cba8290"
"data/demos/core_v2_move_leftmost_cube_to_bowl_language_train20_v1/episodes/episode_000009_seed_409.npz","683566","2ba2f4fcb1918081ec7bf568d9a15bb57e5d9a4f5141ea9a0698d79feedd79b8"
"data/demos/core_v2_move_leftmost_cube_to_bowl_language_train20_v1/episodes/episode_000010_seed_410.npz","768745","265673e4babd2c808df408f3042fe92662839e59a547534a423d2c04cee060b9"
"data/demos/core_v2_move_leftmost_cube_to_bowl_language_train20_v1/episodes/episode_000011_seed_411.npz","754082","0e564f95626f568d88b6f98f0f1de9c5ea08f35f9d9e2fbf7645e7a61c01e4b0"
"data/demos/core_v2_move_leftmost_cube_to_bowl_language_train20_v1/episodes/episode_000012_seed_412.npz","753856","b731f775b64038bace34957bc403456530102c9deb5eaf1cfcff9f113e1ba339"
"data/demos/core_v2_move_leftmost_cube_to_bowl_language_train20_v1/episodes/episode_000013_seed_413.npz","823586","82edc63d179271350e647076a5fbd04f8503cc8f1cec45a1bb929008329acda0"
"data/demos/core_v2_move_leftmost_cube_to_bowl_language_train20_v1/episodes/episode_000014_seed_414.npz","661137","a52454a4b0301c743749962480d5cc39ca85c768a99b195494d42a837a202e75"
"data/demos/core_v2_move_leftmost_cube_to_bowl_language_train20_v1/episodes/episode_000015_seed_415.npz","827081","7d34ed0637ba33c36dc06966a5a24776233377386c0a7f6b4554973f485d985c"
"data/demos/core_v2_move_leftmost_cube_to_bowl_language_train20_v1/episodes/episode_000016_seed_416.npz","822114","b78c05e24ae121f47e1d0e8efff08e4b01e3df96e109558e6ea6c410b6a749e2"
"data/demos/core_v2_move_leftmost_cube_to_bowl_language_train20_v1/episodes/episode_000017_seed_417.npz","831420","417129ea4c525aa3379377274ba30feab359d2a15afe6a368367b30b9aa173bb"
"data/demos/core_v2_move_leftmost_cube_to_bowl_language_train20_v1/episodes/episode_000018_seed_418.npz","819230","9cec349b43f5c71c1a1145260f711dcb738404189941de7a352a076685ef427d"
"data/demos/core_v2_move_leftmost_cube_to_bowl_language_train20_v1/episodes/episode_000019_seed_419.npz","756333","ccb655e1cfae3dafa461c0db1b76747be461cdbfb883c9b86b709d69f4971308"
"data/demos/core_v2_move_leftmost_cube_to_bowl_language_train20_v1/metadata.jsonl","25244","b3dc96e1cb46217549c95698952d5ca87378464d37a2c6e95eaee1ba2883499a"
"data/demos/core_v2_move_leftmost_cube_to_bowl_language_train20_v1/summary.json","321","4a67fb62398051d0abd5b6b39f738352ada542bfec41954167265466552ef58d"
"data/demos/core_v2_place_blue_cube_blue_pad_medium_25d_v1/episodes/episode_000000_seed_0.npz","804675","438fd28bd8e7d8277933a0012217c2a91c147cc22ab917163bb4080271e0f004"
"data/demos/core_v2_place_blue_cube_blue_pad_medium_25d_v1/episodes/episode_000001_seed_1.npz","727796","e46b514d2f724e76023075fea5cc773110743bf14623901467eab726ae972513"
"data/demos/core_v2_place_blue_cube_blue_pad_medium_25d_v1/episodes/episode_000002_seed_2.npz","842112","78c8548545ee737de775b4793a07fcff510b1f03ff3b93fa9fc76cd24e09bc9f"
"data/demos/core_v2_place_blue_cube_blue_pad_medium_25d_v1/episodes/episode_000003_seed_3.npz","858999","07197274af346a9151c4d38d8305de2ddce2215160fc0fedf435e0eacb7f672e"
"data/demos/core_v2_place_blue_cube_blue_pad_medium_25d_v1/episodes/episode_000004_seed_4.npz","808479","a706cab22ba41befb0388a966bbf5d70f3991d3bf7c883d7495dd0c4a7f457f8"
"data/demos/core_v2_place_blue_cube_blue_pad_medium_25d_v1/episodes/episode_000005_seed_5.npz","831862","5d5da3305e4b333d030b1c5ed67a97daba088e112c367a23fcb84750e113d320"
"data/demos/core_v2_place_blue_cube_blue_pad_medium_25d_v1/episodes/episode_000006_seed_6.npz","820309","75602add395b4042a79315dcf5018d18eef63c4eade100bc9050135fe88d5041"
"data/demos/core_v2_place_blue_cube_blue_pad_medium_25d_v1/episodes/episode_000007_seed_7.npz","848114","112b5e8f7a35cdb085ac719612036376cbcc695b23b259a7fea2674fe879028f"
"data/demos/core_v2_place_blue_cube_blue_pad_medium_25d_v1/episodes/episode_000008_seed_8.npz","784912","04d6d872a25eedda6ea28e903e2a3485fdb60edeff2d5695a6e84591c51c5936"
"data/demos/core_v2_place_blue_cube_blue_pad_medium_25d_v1/episodes/episode_000009_seed_9.npz","854253","30a80e64e11bafd114a5113f120dc6aac53bdaa8fdcc03d908538b41cf232af0"
"data/demos/core_v2_place_blue_cube_blue_pad_medium_25d_v1/episodes/episode_000010_seed_10.npz","845348","947b1ca943530448123951b4c8ee853c147dbad3e186a3291d60c80f2d891eae"
"data/demos/core_v2_place_blue_cube_blue_pad_medium_25d_v1/episodes/episode_000011_seed_11.npz","836367","43e4126a0f139b9b2001934f2967c16b95c72edafb97657049f70af510084ada"
"data/demos/core_v2_place_blue_cube_blue_pad_medium_25d_v1/episodes/episode_000012_seed_12.npz","819745","de6c72e0e713392152606720dfcffbdc009a2febc9320dd3b3984df03749db16"
"data/demos/core_v2_place_blue_cube_blue_pad_medium_25d_v1/episodes/episode_000013_seed_13.npz","805963","f3a8fbe8afeb02d26c291a65c32017a068b8035d598536b89a6406c66c72dc56"
"data/demos/core_v2_place_blue_cube_blue_pad_medium_25d_v1/episodes/episode_000014_seed_14.npz","716355","fd43756513a2bfb8cefce5bde295c244a64e4540fec56221734a6710e5ba3556"
"data/demos/core_v2_place_blue_cube_blue_pad_medium_25d_v1/episodes/episode_000015_seed_15.npz","821486","d552525d5388910e6715a26ea66d05ea05c491e0ab3a62a684b3734fd309b565"
"data/demos/core_v2_place_blue_cube_blue_pad_medium_25d_v1/episodes/episode_000016_seed_16.npz","722898","af06acd6394d3a33bb28ece492a08a9506582a895a805a7cab392a99b4dba284"
"data/demos/core_v2_place_blue_cube_blue_pad_medium_25d_v1/episodes/episode_000017_seed_17.npz","807731","ba2328fbcabdea14d62f4c6971d6fb8bdc93b6d0c572154d8b688268de65e41f"
"data/demos/core_v2_place_blue_cube_blue_pad_medium_25d_v1/episodes/episode_000018_seed_18.npz","798487","f94e8ce427e159902474586688524d57d4c07aecd001ebd34bba44bf9c7b6ac9"
"data/demos/core_v2_place_blue_cube_blue_pad_medium_25d_v1/episodes/episode_000019_seed_19.npz","738343","863f4ae2de14f13f26395b1938f2d9b276a1db3742b44ddb1a1463079bfb61fc"
"data/demos/core_v2_place_blue_cube_blue_pad_medium_25d_v1/episodes/episode_000020_seed_20.npz","761680","81698e6f6233f3dbb12288cb5812f4d78966c8c8fd98c0ee88164ba93cf61d41"
"data/demos/core_v2_place_blue_cube_blue_pad_medium_25d_v1/episodes/episode_000021_seed_21.npz","799234","c80e295f05d9acf44d4ae77522274242e269aadf39539f7268314e88e5bfcecf"
"data/demos/core_v2_place_blue_cube_blue_pad_medium_25d_v1/episodes/episode_000022_seed_22.npz","802438","3192146edf894046b0ec4846f08ca8d002363dcaf86ef3b50bca30ffd0c3e387"
"data/demos/core_v2_place_blue_cube_blue_pad_medium_25d_v1/episodes/episode_000023_seed_23.npz","855307","10659dffd8a3ec1654a14ddb4b0e5f7cf21e0bcd33d1f2210c2a705a92c415dd"
"data/demos/core_v2_place_blue_cube_blue_pad_medium_25d_v1/episodes/episode_000024_seed_24.npz","841122","c47039ef7647e6a8da7fe4361cc6f13e1f37a0f5294cec18f8575ca84171fff0"
"data/demos/core_v2_place_blue_cube_blue_pad_medium_25d_v1/metadata.jsonl","31709","97ce49493d6050612162d6297969ef73df97b8d42b43510b8ce3a41b991a4158"
"data/demos/core_v2_place_blue_cube_blue_pad_medium_25d_v1/summary.json","99","8cf7d82364780bb7583265cf03f3c44f2362b13fa9ad141bf288561ae8afb10c"
"data/demos/core_v2_place_blue_cube_blue_pad_medium_train20_v1/episodes/episode_000000_seed_0.npz","804675","438fd28bd8e7d8277933a0012217c2a91c147cc22ab917163bb4080271e0f004"
"data/demos/core_v2_place_blue_cube_blue_pad_medium_train20_v1/episodes/episode_000001_seed_1.npz","727796","e46b514d2f724e76023075fea5cc773110743bf14623901467eab726ae972513"
"data/demos/core_v2_place_blue_cube_blue_pad_medium_train20_v1/episodes/episode_000002_seed_2.npz","842112","78c8548545ee737de775b4793a07fcff510b1f03ff3b93fa9fc76cd24e09bc9f"
"data/demos/core_v2_place_blue_cube_blue_pad_medium_train20_v1/episodes/episode_000003_seed_3.npz","858999","07197274af346a9151c4d38d8305de2ddce2215160fc0fedf435e0eacb7f672e"
"data/demos/core_v2_place_blue_cube_blue_pad_medium_train20_v1/episodes/episode_000004_seed_4.npz","808479","a706cab22ba41befb0388a966bbf5d70f3991d3bf7c883d7495dd0c4a7f457f8"
"data/demos/core_v2_place_blue_cube_blue_pad_medium_train20_v1/episodes/episode_000005_seed_5.npz","831862","5d5da3305e4b333d030b1c5ed67a97daba088e112c367a23fcb84750e113d320"
"data/demos/core_v2_place_blue_cube_blue_pad_medium_train20_v1/episodes/episode_000006_seed_6.npz","820309","75602add395b4042a79315dcf5018d18eef63c4eade100bc9050135fe88d5041"
"data/demos/core_v2_place_blue_cube_blue_pad_medium_train20_v1/episodes/episode_000007_seed_7.npz","848114","112b5e8f7a35cdb085ac719612036376cbcc695b23b259a7fea2674fe879028f"
"data/demos/core_v2_place_blue_cube_blue_pad_medium_train20_v1/episodes/episode_000008_seed_8.npz","784912","04d6d872a25eedda6ea28e903e2a3485fdb60edeff2d5695a6e84591c51c5936"
"data/demos/core_v2_place_blue_cube_blue_pad_medium_train20_v1/episodes/episode_000009_seed_9.npz","854253","30a80e64e11bafd114a5113f120dc6aac53bdaa8fdcc03d908538b41cf232af0"
"data/demos/core_v2_place_blue_cube_blue_pad_medium_train20_v1/episodes/episode_000010_seed_10.npz","845348","947b1ca943530448123951b4c8ee853c147dbad3e186a3291d60c80f2d891eae"
"data/demos/core_v2_place_blue_cube_blue_pad_medium_train20_v1/episodes/episode_000011_seed_11.npz","836367","43e4126a0f139b9b2001934f2967c16b95c72edafb97657049f70af510084ada"
"data/demos/core_v2_place_blue_cube_blue_pad_medium_train20_v1/episodes/episode_000012_seed_12.npz","819745","de6c72e0e713392152606720dfcffbdc009a2febc9320dd3b3984df03749db16"
"data/demos/core_v2_place_blue_cube_blue_pad_medium_train20_v1/episodes/episode_000013_seed_13.npz","805963","f3a8fbe8afeb02d26c291a65c32017a068b8035d598536b89a6406c66c72dc56"
"data/demos/core_v2_place_blue_cube_blue_pad_medium_train20_v1/episodes/episode_000014_seed_14.npz","716355","fd43756513a2bfb8cefce5bde295c244a64e4540fec56221734a6710e5ba3556"
"data/demos/core_v2_place_blue_cube_blue_pad_medium_train20_v1/episodes/episode_000015_seed_15.npz","821486","d552525d5388910e6715a26ea66d05ea05c491e0ab3a62a684b3734fd309b565"
"data/demos/core_v2_place_blue_cube_blue_pad_medium_train20_v1/episodes/episode_000016_seed_16.npz","722898","af06acd6394d3a33bb28ece492a08a9506582a895a805a7cab392a99b4dba284"
"data/demos/core_v2_place_blue_cube_blue_pad_medium_train20_v1/episodes/episode_000017_seed_17.npz","807731","ba2328fbcabdea14d62f4c6971d6fb8bdc93b6d0c572154d8b688268de65e41f"
"data/demos/core_v2_place_blue_cube_blue_pad_medium_train20_v1/episodes/episode_000018_seed_18.npz","798487","f94e8ce427e159902474586688524d57d4c07aecd001ebd34bba44bf9c7b6ac9"
"data/demos/core_v2_place_blue_cube_blue_pad_medium_train20_v1/episodes/episode_000019_seed_19.npz","738343","863f4ae2de14f13f26395b1938f2d9b276a1db3742b44ddb1a1463079bfb61fc"
"data/demos/core_v2_place_blue_cube_blue_pad_medium_train20_v1/metadata.jsonl","25350","65e1eda9e0e7e970f4084813207fc4dd7520c15563cd7df103152bf6b6222963"
"data/demos/core_v2_place_blue_cube_blue_pad_medium_train20_v1/summary.json","317","a4cf9ef30b91e69394c332a9efb637969fe67fe8e291369ca397faf3700da413"
"data/demos/core_v2_place_blue_cube_red_pad_medium_25d_v1/episodes/episode_000000_seed_100.npz","746290","65c12db146d4e502a189ef3ef53f5fd7da6420bdfcc72907d0c97f4df4a29306"
"data/demos/core_v2_place_blue_cube_red_pad_medium_25d_v1/episodes/episode_000001_seed_101.npz","810644","202cdde6747713e4a654d74b73f35904207c6ab6cf52f3d530ffa53ed87e6f2b"
"data/demos/core_v2_place_blue_cube_red_pad_medium_25d_v1/episodes/episode_000002_seed_102.npz","847890","d1c843ac4b878f4900d7e0a57faa6bb6acbcbd6fd375d9cfd17ad5a144419739"
"data/demos/core_v2_place_blue_cube_red_pad_medium_25d_v1/episodes/episode_000003_seed_103.npz","854105","c05fe59e94e45c7f0021de0f2e6e74a7d34357dfb457377df0b2dba749714ab1"
"data/demos/core_v2_place_blue_cube_red_pad_medium_25d_v1/episodes/episode_000004_seed_104.npz","894030","1d957b68f647c22bc5524f829bd2379f662bc72dbc9e132259e894870461b69a"
"data/demos/core_v2_place_blue_cube_red_pad_medium_25d_v1/episodes/episode_000005_seed_105.npz","739198","6a8d590281ede58216c8a77ca6700d85625349e3c0f0d15a668d06dcf4585e12"
"data/demos/core_v2_place_blue_cube_red_pad_medium_25d_v1/episodes/episode_000006_seed_106.npz","851976","cb31049dc23389d52995e4456c79e3b18d4a8708b18bd56970e6a7abe27f13f5"
"data/demos/core_v2_place_blue_cube_red_pad_medium_25d_v1/episodes/episode_000007_seed_107.npz","824774","579d39ebf2c79e284337f7f89fcddc96aeb054a1c703f90eb5993a84ea71eba4"
"data/demos/core_v2_place_blue_cube_red_pad_medium_25d_v1/episodes/episode_000008_seed_108.npz","751934","b1a30d8ae5e33f2cebd2c2e087707011617715c423263c3b247b626d78f44299"
"data/demos/core_v2_place_blue_cube_red_pad_medium_25d_v1/episodes/episode_000009_seed_109.npz","843219","baf96c04184cef88fd69315b7a15be41c43fd203a747eba7300a2644004b9e9f"
"data/demos/core_v2_place_blue_cube_red_pad_medium_25d_v1/episodes/episode_000010_seed_110.npz","778729","c38bf2015bd95ab3d3b257240cccf8f29bcdae03d2a2f376d6977e6ce3e1f2d9"
"data/demos/core_v2_place_blue_cube_red_pad_medium_25d_v1/episodes/episode_000011_seed_111.npz","855853","c462dfa4ee0f913a22f065fc727c73ec550b7e73d780e5c59864023345ab82ee"
"data/demos/core_v2_place_blue_cube_red_pad_medium_25d_v1/episodes/episode_000012_seed_112.npz","822033","d1878c11b709e06158df554b8374ea30385d1ce0e718dc50c7827430dbb6b240"
"data/demos/core_v2_place_blue_cube_red_pad_medium_25d_v1/episodes/episode_000013_seed_113.npz","848746","a55601a891f7f3142393165efeddbe7909c977564fd9caa876a5af6b807f9971"
"data/demos/core_v2_place_blue_cube_red_pad_medium_25d_v1/episodes/episode_000014_seed_114.npz","883344","5037ca57f956d64f35050ec6f9ec03f6ae39661402a52eef868a1368f0ae4f74"
"data/demos/core_v2_place_blue_cube_red_pad_medium_25d_v1/episodes/episode_000015_seed_115.npz","815100","3e777660dc61d35cc4ae3234d2d9121288618dc051b6c503f942f6bbee1c7fc8"
"data/demos/core_v2_place_blue_cube_red_pad_medium_25d_v1/episodes/episode_000016_seed_116.npz","841628","50f031be1db2f54e92893998a8e22e829593d05e3bb8ab3735297a3103a96596"
"data/demos/core_v2_place_blue_cube_red_pad_medium_25d_v1/episodes/episode_000017_seed_117.npz","809922","0efbdb81fc9f72aa2924f69d990a1a33986d48fa409d297b6d90d4cfae4876aa"
"data/demos/core_v2_place_blue_cube_red_pad_medium_25d_v1/episodes/episode_000018_seed_118.npz","804515","e65d70a69238d8ee07d622f52e9e1832095a55ca9ed22ff5e836231a548d51a8"
"data/demos/core_v2_place_blue_cube_red_pad_medium_25d_v1/episodes/episode_000019_seed_119.npz","911372","0c34552aea71efe9f8e3e68b8e0cd8193799bdfdcb2abf246ca853827a35ffee"
"data/demos/core_v2_place_blue_cube_red_pad_medium_25d_v1/episodes/episode_000020_seed_120.npz","830158","1bb975b50f3dcf790a5cac78ab9e7746eabac74e12839926a05f9d5c29efa80e"
"data/demos/core_v2_place_blue_cube_red_pad_medium_25d_v1/episodes/episode_000021_seed_121.npz","727105","5974a81256d72db2bff406e24aa6ae84d510c1ab5b2e8552388609f3bb13808c"
"data/demos/core_v2_place_blue_cube_red_pad_medium_25d_v1/episodes/episode_000022_seed_122.npz","852493","2df5595ef5590c70e38f460d7472c294131f08815fcfb141952d287c9637390b"
"data/demos/core_v2_place_blue_cube_red_pad_medium_25d_v1/episodes/episode_000023_seed_123.npz","824295","81d6e8bcc5ca91da079c8426e9141f440bfeea7c089605c4c9241110d2badfb9"
"data/demos/core_v2_place_blue_cube_red_pad_medium_25d_v1/episodes/episode_000024_seed_124.npz","814664","2f7c4a29f86930217b8ec9326413e0e13ac749f3cf275b059c21746ba62f907e"
"data/demos/core_v2_place_blue_cube_red_pad_medium_25d_v1/metadata.jsonl","31741","49ad769e00ae02925b934803b82b431be8e0c60c11e40bd4d6c62a15c1caa05a"
"data/demos/core_v2_place_blue_cube_red_pad_medium_25d_v1/summary.json","99","8cf7d82364780bb7583265cf03f3c44f2362b13fa9ad141bf288561ae8afb10c"
"data/demos/core_v2_place_blue_cube_red_pad_medium_train20_v1/episodes/episode_000000_seed_100.npz","746290","65c12db146d4e502a189ef3ef53f5fd7da6420bdfcc72907d0c97f4df4a29306"
"data/demos/core_v2_place_blue_cube_red_pad_medium_train20_v1/episodes/episode_000001_seed_101.npz","810644","202cdde6747713e4a654d74b73f35904207c6ab6cf52f3d530ffa53ed87e6f2b"
"data/demos/core_v2_place_blue_cube_red_pad_medium_train20_v1/episodes/episode_000002_seed_102.npz","847890","d1c843ac4b878f4900d7e0a57faa6bb6acbcbd6fd375d9cfd17ad5a144419739"
"data/demos/core_v2_place_blue_cube_red_pad_medium_train20_v1/episodes/episode_000003_seed_103.npz","854105","c05fe59e94e45c7f0021de0f2e6e74a7d34357dfb457377df0b2dba749714ab1"
"data/demos/core_v2_place_blue_cube_red_pad_medium_train20_v1/episodes/episode_000004_seed_104.npz","894030","1d957b68f647c22bc5524f829bd2379f662bc72dbc9e132259e894870461b69a"
"data/demos/core_v2_place_blue_cube_red_pad_medium_train20_v1/episodes/episode_000005_seed_105.npz","739198","6a8d590281ede58216c8a77ca6700d85625349e3c0f0d15a668d06dcf4585e12"
"data/demos/core_v2_place_blue_cube_red_pad_medium_train20_v1/episodes/episode_000006_seed_106.npz","851976","cb31049dc23389d52995e4456c79e3b18d4a8708b18bd56970e6a7abe27f13f5"
"data/demos/core_v2_place_blue_cube_red_pad_medium_train20_v1/episodes/episode_000007_seed_107.npz","824774","579d39ebf2c79e284337f7f89fcddc96aeb054a1c703f90eb5993a84ea71eba4"
"data/demos/core_v2_place_blue_cube_red_pad_medium_train20_v1/episodes/episode_000008_seed_108.npz","751934","b1a30d8ae5e33f2cebd2c2e087707011617715c423263c3b247b626d78f44299"
"data/demos/core_v2_place_blue_cube_red_pad_medium_train20_v1/episodes/episode_000009_seed_109.npz","843219","baf96c04184cef88fd69315b7a15be41c43fd203a747eba7300a2644004b9e9f"
"data/demos/core_v2_place_blue_cube_red_pad_medium_train20_v1/episodes/episode_000010_seed_110.npz","778729","c38bf2015bd95ab3d3b257240cccf8f29bcdae03d2a2f376d6977e6ce3e1f2d9"
"data/demos/core_v2_place_blue_cube_red_pad_medium_train20_v1/episodes/episode_000011_seed_111.npz","855853","c462dfa4ee0f913a22f065fc727c73ec550b7e73d780e5c59864023345ab82ee"
"data/demos/core_v2_place_blue_cube_red_pad_medium_train20_v1/episodes/episode_000012_seed_112.npz","822033","d1878c11b709e06158df554b8374ea30385d1ce0e718dc50c7827430dbb6b240"
"data/demos/core_v2_place_blue_cube_red_pad_medium_train20_v1/episodes/episode_000013_seed_113.npz","848746","a55601a891f7f3142393165efeddbe7909c977564fd9caa876a5af6b807f9971"
"data/demos/core_v2_place_blue_cube_red_pad_medium_train20_v1/episodes/episode_000014_seed_114.npz","883344","5037ca57f956d64f35050ec6f9ec03f6ae39661402a52eef868a1368f0ae4f74"
"data/demos/core_v2_place_blue_cube_red_pad_medium_train20_v1/episodes/episode_000015_seed_115.npz","815100","3e777660dc61d35cc4ae3234d2d9121288618dc051b6c503f942f6bbee1c7fc8"
"data/demos/core_v2_place_blue_cube_red_pad_medium_train20_v1/episodes/episode_000016_seed_116.npz","841628","50f031be1db2f54e92893998a8e22e829593d05e3bb8ab3735297a3103a96596"
"data/demos/core_v2_place_blue_cube_red_pad_medium_train20_v1/episodes/episode_000017_seed_117.npz","809922","0efbdb81fc9f72aa2924f69d990a1a33986d48fa409d297b6d90d4cfae4876aa"
"data/demos/core_v2_place_blue_cube_red_pad_medium_train20_v1/episodes/episode_000018_seed_118.npz","804515","e65d70a69238d8ee07d622f52e9e1832095a55ca9ed22ff5e836231a548d51a8"
"data/demos/core_v2_place_blue_cube_red_pad_medium_train20_v1/episodes/episode_000019_seed_119.npz","911372","0c34552aea71efe9f8e3e68b8e0cd8193799bdfdcb2abf246ca853827a35ffee"
"data/demos/core_v2_place_blue_cube_red_pad_medium_train20_v1/metadata.jsonl","25387","ae1a9be2eb81356c50fd56ecc87000910283f1acce1de343e7088f0dfe0fce71"
"data/demos/core_v2_place_blue_cube_red_pad_medium_train20_v1/summary.json","316","f924093d42d37cba8985fd87016b7dce4b3f01e6005040078091d90a5764fb1a"
"data/demos/core_v2_place_red_cube_red_pad_medium_25d_v1/episodes/episode_000000_seed_200.npz","811539","15be9aa4b02c3c45102643c8f2ff3ce5b045c1b3cf6fa4a20c78271c11752882"
"data/demos/core_v2_place_red_cube_red_pad_medium_25d_v1/episodes/episode_000001_seed_201.npz","880152","4ba467186f40007258513225c12615ed9d3e1f1ff6357436db802831111a5869"
"data/demos/core_v2_place_red_cube_red_pad_medium_25d_v1/episodes/episode_000002_seed_202.npz","730890","e88daa74bfed82b2b6b2d08ad4fff64456adab5b18e38aa8f719c6fcc580d11e"
"data/demos/core_v2_place_red_cube_red_pad_medium_25d_v1/episodes/episode_000003_seed_203.npz","729687","fd0b5da71601b14c4adef3364a2e13fba0401bd1856b379852adea4d9727cb68"
"data/demos/core_v2_place_red_cube_red_pad_medium_25d_v1/episodes/episode_000004_seed_204.npz","811599","9e5638fc19f9d2d95e17609853d79c720858694c6dc68de181202dde78e4e616"
"data/demos/core_v2_place_red_cube_red_pad_medium_25d_v1/episodes/episode_000005_seed_205.npz","850338","d41cdfa8ad0e6a25566f4d01ecab0ddcd1b4bce2a66e034db3e2bf2f36f647c1"
"data/demos/core_v2_place_red_cube_red_pad_medium_25d_v1/episodes/episode_000006_seed_206.npz","742450","81163dd21b6b995fb3181f1644a707640a0b3569185021cd3d7da09d4cea57ac"
"data/demos/core_v2_place_red_cube_red_pad_medium_25d_v1/episodes/episode_000007_seed_207.npz","745675","0fac1557401dcf07eb07fb0ac589863ff3f211d98d6c5e3809d05efec6352c23"
"data/demos/core_v2_place_red_cube_red_pad_medium_25d_v1/episodes/episode_000008_seed_208.npz","819562","2508875e65eaabafdcce15162da768ef0a3ec08ec241883b40ec1711b224c95f"
"data/demos/core_v2_place_red_cube_red_pad_medium_25d_v1/episodes/episode_000009_seed_209.npz","856362","cdb224946b9ed6b72f94581b3d808ea7b57f01b1ad6b0a0912904db2fbe4ff85"
"data/demos/core_v2_place_red_cube_red_pad_medium_25d_v1/episodes/episode_000010_seed_210.npz","739102","9a1abc7ccd0646f0ab1cff5ad6fc024ba5f535501d8bc7a0c2ce448eb5af42a8"
"data/demos/core_v2_place_red_cube_red_pad_medium_25d_v1/episodes/episode_000011_seed_211.npz","928133","086365caaafc48a536a91d341781f46190321464048f333710b80ff4023ffcf9"
"data/demos/core_v2_place_red_cube_red_pad_medium_25d_v1/episodes/episode_000012_seed_212.npz","813467","cd747a4ee8f7c5eb18dc4d3bcfd6e581c76a3bfc4d6b012ba9c39efa0d45847a"
"data/demos/core_v2_place_red_cube_red_pad_medium_25d_v1/episodes/episode_000013_seed_213.npz","835334","d1fccfddd975a7931e88efd1189a3f18019da8ecfeb324f5d80e83ef294e5d5c"
"data/demos/core_v2_place_red_cube_red_pad_medium_25d_v1/episodes/episode_000014_seed_214.npz","816837","ee2a40a8be9bda6e734210a9b591b86bb39d61fd300b672e7b86503a67e494a1"
"data/demos/core_v2_place_red_cube_red_pad_medium_25d_v1/episodes/episode_000015_seed_215.npz","757129","ed6305644a2866c66ceb65255764437883c97bd0b11ac9829403df7856b0dcb8"
"data/demos/core_v2_place_red_cube_red_pad_medium_25d_v1/episodes/episode_000016_seed_216.npz","832631","7ab06c7633103c6467900050d9606d1f9d68ae8cd9d9ff3777de0d44516d9195"
"data/demos/core_v2_place_red_cube_red_pad_medium_25d_v1/episodes/episode_000017_seed_217.npz","810644","0bc8361289346ce3430a6c91896311292dbecb1a27aaf7559f86f431fab86d78"
"data/demos/core_v2_place_red_cube_red_pad_medium_25d_v1/episodes/episode_000018_seed_218.npz","854527","3c8066d8726f76715ff33fdaf2a4897c55249b6980c634f91dd95d963bc4783f"
"data/demos/core_v2_place_red_cube_red_pad_medium_25d_v1/episodes/episode_000019_seed_219.npz","851938","039cb8fc71f9b9b14973e95e0e5078c5f66901103786620d4473e06ef445c7e4"
"data/demos/core_v2_place_red_cube_red_pad_medium_25d_v1/episodes/episode_000020_seed_220.npz","793309","9ca025b050e619908448427480cff4eb39ab3b2838038ab3ec262e83e16570ad"
"data/demos/core_v2_place_red_cube_red_pad_medium_25d_v1/episodes/episode_000021_seed_221.npz","794611","499556383176a7abfbce42229235b6ca522c534ab1430dba7e41c58a0d8d2c61"
"data/demos/core_v2_place_red_cube_red_pad_medium_25d_v1/episodes/episode_000022_seed_222.npz","868261","c2f4c1704d26ed50f65fee7095c7e315cb0838225653fe59a9aa7d1c432dd381"
"data/demos/core_v2_place_red_cube_red_pad_medium_25d_v1/episodes/episode_000023_seed_223.npz","737282","643c11a8f1ecc0e185c965f7f1ed783f8a6ee7d7ce29c3fcf8d8e09543fc7ced"
"data/demos/core_v2_place_red_cube_red_pad_medium_25d_v1/episodes/episode_000024_seed_224.npz","826564","19d52d7f4c5eb8ac5f2f521555af4f336f80420645e6c3bd5e68e4f4588e13c7"
"data/demos/core_v2_place_red_cube_red_pad_medium_25d_v1/metadata.jsonl","31654","ca7f2bdde8b3b21aa04b111ef6b9c53afd4bd933b886637eebfaa5a28edbfd08"
"data/demos/core_v2_place_red_cube_red_pad_medium_25d_v1/summary.json","99","8cf7d82364780bb7583265cf03f3c44f2362b13fa9ad141bf288561ae8afb10c"
"data/demos/core_v2_place_red_cube_red_pad_medium_train20_v1/episodes/episode_000000_seed_200.npz","811539","15be9aa4b02c3c45102643c8f2ff3ce5b045c1b3cf6fa4a20c78271c11752882"
"data/demos/core_v2_place_red_cube_red_pad_medium_train20_v1/episodes/episode_000001_seed_201.npz","880152","4ba467186f40007258513225c12615ed9d3e1f1ff6357436db802831111a5869"
"data/demos/core_v2_place_red_cube_red_pad_medium_train20_v1/episodes/episode_000002_seed_202.npz","730890","e88daa74bfed82b2b6b2d08ad4fff64456adab5b18e38aa8f719c6fcc580d11e"
"data/demos/core_v2_place_red_cube_red_pad_medium_train20_v1/episodes/episode_000003_seed_203.npz","729687","fd0b5da71601b14c4adef3364a2e13fba0401bd1856b379852adea4d9727cb68"
"data/demos/core_v2_place_red_cube_red_pad_medium_train20_v1/episodes/episode_000004_seed_204.npz","811599","9e5638fc19f9d2d95e17609853d79c720858694c6dc68de181202dde78e4e616"
"data/demos/core_v2_place_red_cube_red_pad_medium_train20_v1/episodes/episode_000005_seed_205.npz","850338","d41cdfa8ad0e6a25566f4d01ecab0ddcd1b4bce2a66e034db3e2bf2f36f647c1"
"data/demos/core_v2_place_red_cube_red_pad_medium_train20_v1/episodes/episode_000006_seed_206.npz","742450","81163dd21b6b995fb3181f1644a707640a0b3569185021cd3d7da09d4cea57ac"
"data/demos/core_v2_place_red_cube_red_pad_medium_train20_v1/episodes/episode_000007_seed_207.npz","745675","0fac1557401dcf07eb07fb0ac589863ff3f211d98d6c5e3809d05efec6352c23"
"data/demos/core_v2_place_red_cube_red_pad_medium_train20_v1/episodes/episode_000008_seed_208.npz","819562","2508875e65eaabafdcce15162da768ef0a3ec08ec241883b40ec1711b224c95f"
"data/demos/core_v2_place_red_cube_red_pad_medium_train20_v1/episodes/episode_000009_seed_209.npz","856362","cdb224946b9ed6b72f94581b3d808ea7b57f01b1ad6b0a0912904db2fbe4ff85"
"data/demos/core_v2_place_red_cube_red_pad_medium_train20_v1/episodes/episode_000010_seed_210.npz","739102","9a1abc7ccd0646f0ab1cff5ad6fc024ba5f535501d8bc7a0c2ce448eb5af42a8"
"data/demos/core_v2_place_red_cube_red_pad_medium_train20_v1/episodes/episode_000011_seed_211.npz","928133","086365caaafc48a536a91d341781f46190321464048f333710b80ff4023ffcf9"
"data/demos/core_v2_place_red_cube_red_pad_medium_train20_v1/episodes/episode_000012_seed_212.npz","813467","cd747a4ee8f7c5eb18dc4d3bcfd6e581c76a3bfc4d6b012ba9c39efa0d45847a"
"data/demos/core_v2_place_red_cube_red_pad_medium_train20_v1/episodes/episode_000013_seed_213.npz","835334","d1fccfddd975a7931e88efd1189a3f18019da8ecfeb324f5d80e83ef294e5d5c"
"data/demos/core_v2_place_red_cube_red_pad_medium_train20_v1/episodes/episode_000014_seed_214.npz","816837","ee2a40a8be9bda6e734210a9b591b86bb39d61fd300b672e7b86503a67e494a1"
"data/demos/core_v2_place_red_cube_red_pad_medium_train20_v1/episodes/episode_000015_seed_215.npz","757129","ed6305644a2866c66ceb65255764437883c97bd0b11ac9829403df7856b0dcb8"
"data/demos/core_v2_place_red_cube_red_pad_medium_train20_v1/episodes/episode_000016_seed_216.npz","832631","7ab06c7633103c6467900050d9606d1f9d68ae8cd9d9ff3777de0d44516d9195"
"data/demos/core_v2_place_red_cube_red_pad_medium_train20_v1/episodes/episode_000017_seed_217.npz","810644","0bc8361289346ce3430a6c91896311292dbecb1a27aaf7559f86f431fab86d78"
"data/demos/core_v2_place_red_cube_red_pad_medium_train20_v1/episodes/episode_000018_seed_218.npz","854527","3c8066d8726f76715ff33fdaf2a4897c55249b6980c634f91dd95d963bc4783f"
"data/demos/core_v2_place_red_cube_red_pad_medium_train20_v1/episodes/episode_000019_seed_219.npz","851938","039cb8fc71f9b9b14973e95e0e5078c5f66901103786620d4473e06ef445c7e4"
"data/demos/core_v2_place_red_cube_red_pad_medium_train20_v1/metadata.jsonl","25324","ad84055cc0b4ff7f8ad5110d62966b98e5d7c34b23478a903646aa6f08af2657"
"data/demos/core_v2_place_red_cube_red_pad_medium_train20_v1/summary.json","315","2d1034f8be89c41f61a15a4d8fb6da9527ee809415850a50892a25a7d98d3961"
"data/demos/kaggle_scale_move_leftmost_cube_to_bowl_language_80_v1/episodes/episode_000000_seed_1300.npz","830815","aa9e4c611ee5b11fd0b30bc2eae64860ac0a4e2d651665e500ff8e9dd6c64ba6"
"data/demos/kaggle_scale_move_leftmost_cube_to_bowl_language_80_v1/episodes/episode_000001_seed_1301.npz","764130","18d947eaf2621a7c5135b6aa1979b9c68f09d1c05a64a430db5a74281c109d69"
"data/demos/kaggle_scale_move_leftmost_cube_to_bowl_language_80_v1/episodes/episode_000002_seed_1302.npz","815710","e900880358bf925fa4d5ae2615ff63a46de287288dfd27003dc9abf3a01336d0"
"data/demos/kaggle_scale_move_leftmost_cube_to_bowl_language_80_v1/episodes/episode_000003_seed_1303.npz","831396","722cf9ab1e30a866162efd5ae3452ecea763b5f1ede9a8597f4fecbb70e9f243"
"data/demos/kaggle_scale_move_leftmost_cube_to_bowl_language_80_v1/episodes/episode_000004_seed_1304.npz","775561","4277b0f948f553060c5ae837bd1af435e34e51b3c1283838f9858cc42dcc153c"
"data/demos/kaggle_scale_move_leftmost_cube_to_bowl_language_80_v1/episodes/episode_000005_seed_1305.npz","824077","ce548621e2e5d4474d54f571dff61b2125122dbd46c4ab5c483ae56c01514a81"
"data/demos/kaggle_scale_move_leftmost_cube_to_bowl_language_80_v1/episodes/episode_000006_seed_1306.npz","818608","025ca9d1ad35677b2669d5cf839e266de7cc301ee9568e35c6a465ef7f6cb42d"
"data/demos/kaggle_scale_move_leftmost_cube_to_bowl_language_80_v1/episodes/episode_000007_seed_1307.npz","833107","85ee2cdfa99554ea8400a847b7591f9340a7706660db65aa5e8eec42545cf39c"
"data/demos/kaggle_scale_move_leftmost_cube_to_bowl_language_80_v1/episodes/episode_000008_seed_1308.npz","826803","67ea7345c6f6c9d646afd6d9451586270ee2b491caef6ca453724c413d383164"
"data/demos/kaggle_scale_move_leftmost_cube_to_bowl_language_80_v1/episodes/episode_000009_seed_1309.npz","818174","02db5ef9fdd96846a1c599294f5f1fc6b5074125615d07e0a32476bfa0b2b07e"
"data/demos/kaggle_scale_move_leftmost_cube_to_bowl_language_80_v1/episodes/episode_000010_seed_1310.npz","736560","ab877b7f3b24c986999daab0d26c31f42aa4a46737950d07168df31cb86b42ca"
"data/demos/kaggle_scale_move_leftmost_cube_to_bowl_language_80_v1/episodes/episode_000011_seed_1311.npz","829712","8e192c539c42f8c30fda57ac4c74f3ea5ab64848537b7056ec00896a8f510e6b"
"data/demos/kaggle_scale_move_leftmost_cube_to_bowl_language_80_v1/episodes/episode_000012_seed_1312.npz","834957","b7c7f2b563a9dc416e50fb54106b6f75895c59c1b7c70bd4136ee65e526af1af"
"data/demos/kaggle_scale_move_leftmost_cube_to_bowl_language_80_v1/episodes/episode_000013_seed_1313.npz","763348","260b71ddc7c128d83a7c4e203d6ea35aae022a760940563cbbdbbadffcd38311"
"data/demos/kaggle_scale_move_leftmost_cube_to_bowl_language_80_v1/episodes/episode_000014_seed_1314.npz","759040","86c6f7a2656c6d8f05a6f5329896d19005daca525e67be6eb55620a7bc8012ae"
"data/demos/kaggle_scale_move_leftmost_cube_to_bowl_language_80_v1/episodes/episode_000015_seed_1315.npz","737651","14f0542495e74e12248a535729e4618f4ad0433463ce559dbff44386328277e8"
"data/demos/kaggle_scale_move_leftmost_cube_to_bowl_language_80_v1/episodes/episode_000016_seed_1316.npz","761743","52fd307ded69ec0c566050d9cb7a5afaa047a6f4a12717a62c4d5ce2474e3b30"
"data/demos/kaggle_scale_move_leftmost_cube_to_bowl_language_80_v1/episodes/episode_000017_seed_1317.npz","810072","8da69b9c587d15f00fc43dc30acc280b681a4cfd656c698c1bc5fb79cf727f3f"
"data/demos/kaggle_scale_move_leftmost_cube_to_bowl_language_80_v1/episodes/episode_000018_seed_1318.npz","760329","66eb715379b110a586b9c27d8c4f3bde3f1a47199dca0c02b113e95ac99f9e20"
"data/demos/kaggle_scale_move_leftmost_cube_to_bowl_language_80_v1/episodes/episode_000019_seed_1319.npz","750417","2d30663bc256013d095600399ec09dcb5db844a1081b865df03e797847a3a496"
"data/demos/kaggle_scale_move_leftmost_cube_to_bowl_language_80_v1/episodes/episode_000020_seed_1320.npz","756685","56e37f286e8d2be0781f76f737b8668bab1027d86972ce678086f4c3558832e3"
"data/demos/kaggle_scale_move_leftmost_cube_to_bowl_language_80_v1/episodes/episode_000021_seed_1321.npz","831481","66aaf2a767d92ea94c483e8009c56c80095ad7f029bd96a2c91170c39a3d2d20"
"data/demos/kaggle_scale_move_leftmost_cube_to_bowl_language_80_v1/episodes/episode_000022_seed_1322.npz","815980","ab99ef96ac894afe2b7b8538e8a3bd6df77d5ba4bf935c72658921e73ac3fe9d"
"data/demos/kaggle_scale_move_leftmost_cube_to_bowl_language_80_v1/episodes/episode_000023_seed_1323.npz","687297","6cb42e2db39c5037e9d9995ccdec84266dd927136fda744070370e6b2954d284"
"data/demos/kaggle_scale_move_leftmost_cube_to_bowl_language_80_v1/episodes/episode_000024_seed_1324.npz","740722","1fc900e8b3b751ad6e8c9ea7751fe302eca2252215887ed72f7b9fed6345683b"
"data/demos/kaggle_scale_move_leftmost_cube_to_bowl_language_80_v1/episodes/episode_000025_seed_1325.npz","670696","eac6a79daf0b5251ea0c5a18ddb33b777b22516ad3bfb7bf849c26b5bfacd7db"
"data/demos/kaggle_scale_move_leftmost_cube_to_bowl_language_80_v1/metadata.jsonl","43766","194ef6a1d10b24a2cfdc5905f9f488984d6c0fe0db37bd1603fa3081f9bc5d41"
"data/demos/kaggle_scale_move_leftmost_cube_to_bowl_language_80_v1_resume1/metadata.jsonl","0","e3b0c44298fc1c149afbf4c8996fb92427ae41e4649b934ca495991b7852b855"
"data/demos/kaggle_scale_move_leftmost_cube_to_bowl_language_80_v1_resume2/episodes/episode_000000_seed_1327.npz","687309","3bae9fc5e63907d9c78be4d21451022820ba9cef9eb3e91aa995798756027d99"
"data/demos/kaggle_scale_move_leftmost_cube_to_bowl_language_80_v1_resume2/episodes/episode_000001_seed_1328.npz","682342","c443cb42ab3c02b4a32c48dd12d32f78db483f5b8e48f1fd28a9644e225918da"
"data/demos/kaggle_scale_move_leftmost_cube_to_bowl_language_80_v1_resume2/episodes/episode_000002_seed_1329.npz","747765","e38899b1f1e137678e7510a3d5ff15ea61f5089e7f6066d0c01d48ce6472f9e4"
"data/demos/kaggle_scale_move_leftmost_cube_to_bowl_language_80_v1_resume2/episodes/episode_000003_seed_1330.npz","754769","bb7248686d2663146887fb130411964e7f73bcf1c2dfbb5819217f14e1f819c9"
"data/demos/kaggle_scale_move_leftmost_cube_to_bowl_language_80_v1_resume2/episodes/episode_000004_seed_1331.npz","758695","558a5df25ec0983f850ccc99f95a721375962a9e7f89846ce4e0c0923259a57b"
"data/demos/kaggle_scale_move_leftmost_cube_to_bowl_language_80_v1_resume2/episodes/episode_000005_seed_1332.npz","683681","135d9d5b272e1e10031f598e96bb7e32fa0e3766ae83ad843d662c8d22ff8e76"
"data/demos/kaggle_scale_move_leftmost_cube_to_bowl_language_80_v1_resume2/episodes/episode_000006_seed_1333.npz","677515","e4ecc7306c24c7f4572e96d527be0faeea4f78d5b29876bac215fe1337f7d0a8"
"data/demos/kaggle_scale_move_leftmost_cube_to_bowl_language_80_v1_resume2/episodes/episode_000007_seed_1334.npz","778100","3478d62d6b55f7aba4293f5448a8d176401a117376cdad13a41952e942aea6c9"
"data/demos/kaggle_scale_move_leftmost_cube_to_bowl_language_80_v1_resume2/episodes/episode_000008_seed_1335.npz","815121","d59f69c3b5320e28f69481db2f66d2128e35e77cd42ba23f3db46eda09e1d01f"
"data/demos/kaggle_scale_move_leftmost_cube_to_bowl_language_80_v1_resume2/episodes/episode_000009_seed_1336.npz","675919","7f984c24f481cd29f4bcca1d9d7aefc8a9a6fee973122d6255b6064cb17be747"
"data/demos/kaggle_scale_move_leftmost_cube_to_bowl_language_80_v1_resume2/episodes/episode_000010_seed_1337.npz","829115","1662c6b8d7b335fd1431952d0a057ecf56594f27c7aaba60e3b5fe05859889cd"
"data/demos/kaggle_scale_move_leftmost_cube_to_bowl_language_80_v1_resume2/episodes/episode_000011_seed_1338.npz","828194","6576880dab2f3c9c104205467985da9b1d6bb0a9745ec41a4e5b15ff688ccb69"
"data/demos/kaggle_scale_move_leftmost_cube_to_bowl_language_80_v1_resume2/episodes/episode_000012_seed_1339.npz","748268","21b1723197844124dacad89dfe78e1174210b0e46688f2d6c746f7b2aa3a02dd"
"data/demos/kaggle_scale_move_leftmost_cube_to_bowl_language_80_v1_resume2/episodes/episode_000013_seed_1340.npz","830185","8d815db438d3b6b39de32826ccc4a145ba82311cb7cb3e212ede0765e93b9f62"
"data/demos/kaggle_scale_move_leftmost_cube_to_bowl_language_80_v1_resume2/episodes/episode_000014_seed_1341.npz","758330","77019aae61a8ed87f0dff5734f1d7abd1365f0f7588e600e9ce51df414fcb437"
"data/demos/kaggle_scale_move_leftmost_cube_to_bowl_language_80_v1_resume2/episodes/episode_000015_seed_1342.npz","833747","c4ff1f1db60ec0feea63a17e223742a0bb115e0b4d650e824e16b388e56a3955"
"data/demos/kaggle_scale_move_leftmost_cube_to_bowl_language_80_v1_resume2/episodes/episode_000016_seed_1343.npz","670022","35803b5f5dd129a69e22d141a223eef35a8f904ca603806e55c2c4f12d6612e5"
"data/demos/kaggle_scale_move_leftmost_cube_to_bowl_language_80_v1_resume2/episodes/episode_000017_seed_1344.npz","759179","88b64c858c60bd201a703350b1ffafc672d444e02eaf208ff4a02e9c7439554f"
"data/demos/kaggle_scale_move_leftmost_cube_to_bowl_language_80_v1_resume2/episodes/episode_000018_seed_1345.npz","753328","1d39cf6b35b14ebb0149e3902c83fb0c9902fc4615e316cf5e0c36968e36dde9"
"data/demos/kaggle_scale_move_leftmost_cube_to_bowl_language_80_v1_resume2/episodes/episode_000019_seed_1346.npz","758945","f1dc6d68fb082e75ed169c55d91b20ac75e2c4d0bc72975f089d78079e273c96"
"data/demos/kaggle_scale_move_leftmost_cube_to_bowl_language_80_v1_resume2/episodes/episode_000020_seed_1347.npz","821178","11ecf3fa84e10ed2492ac00b2c01cdc04f50137bbb61362457e99ff1265331d8"
"data/demos/kaggle_scale_move_leftmost_cube_to_bowl_language_80_v1_resume2/episodes/episode_000021_seed_1348.npz","739666","e00f3246bb0555107b41c0d172417eca5d8d07d31dc8de2478a5c14616cb30fc"
"data/demos/kaggle_scale_move_leftmost_cube_to_bowl_language_80_v1_resume2/episodes/episode_000022_seed_1349.npz","674617","3e4aca8cad0540cc5307e876cd85a69201ba4055fd4fb9c701f1549679ed852f"
"data/demos/kaggle_scale_move_leftmost_cube_to_bowl_language_80_v1_resume2/episodes/episode_000023_seed_1350.npz","678455","b92744ba274c2abb5f5b0dd525d5a1bea8a7f455b935ad07916d0ebabd664eb9"
"data/demos/kaggle_scale_move_leftmost_cube_to_bowl_language_80_v1_resume2/episodes/episode_000024_seed_1351.npz","752349","9f59a414b5679d90b3d86fcfd1794ba83afefba7bda30e80303e4e92d62933ff"
"data/demos/kaggle_scale_move_leftmost_cube_to_bowl_language_80_v1_resume2/episodes/episode_000025_seed_1352.npz","674176","c5751e8e43c395d3f75670392c36d0a659aed7fa92d96ec393bfeec301a1cf0f"
"data/demos/kaggle_scale_move_leftmost_cube_to_bowl_language_80_v1_resume2/episodes/episode_000026_seed_1353.npz","829914","93e17c17d1f314acbd89aadf4c09e2ae2e3c920d369db4085904e8e9801c5ae4"
"data/demos/kaggle_scale_move_leftmost_cube_to_bowl_language_80_v1_resume2/episodes/episode_000027_seed_1354.npz","746568","adfd52d5228e7a705aa0fbec7b1035af26aa72b1f428b2e96ea93c9e9538ab18"
"data/demos/kaggle_scale_move_leftmost_cube_to_bowl_language_80_v1_resume2/episodes/episode_000028_seed_1355.npz","753992","5e6d89c1073dd88931a761feeecdf2b7d48ae0aac0edcc8a30bad7e7cdf9c2d1"
"data/demos/kaggle_scale_move_leftmost_cube_to_bowl_language_80_v1_resume2/episodes/episode_000029_seed_1356.npz","760578","4a0fbb766db56f40e73c9033e17026e74197a0e1f44aab63aa888cb9d7f3057c"
"data/demos/kaggle_scale_move_leftmost_cube_to_bowl_language_80_v1_resume2/episodes/episode_000030_seed_1357.npz","763185","e1bbde32f52dd4acd8c0cb7efce87a022bf332776790f20599aa54c5e322e390"
"data/demos/kaggle_scale_move_leftmost_cube_to_bowl_language_80_v1_resume2/episodes/episode_000031_seed_1358.npz","760059","1fe77974b7a46ac9fe386c97e921994d4e30c1f6beadeac0f3b3f86d9d399066"
"data/demos/kaggle_scale_move_leftmost_cube_to_bowl_language_80_v1_resume2/episodes/episode_000032_seed_1359.npz","753193","e12b4d0160d47386579a99d9f5fef71472feba260ffe58159433e7a1140f5fe7"
"data/demos/kaggle_scale_move_leftmost_cube_to_bowl_language_80_v1_resume2/episodes/episode_000033_seed_1360.npz","735805","976d1882b2a488c10b3ae46b5e0a892bad153914e592579ff34f33dd2f488482"
"data/demos/kaggle_scale_move_leftmost_cube_to_bowl_language_80_v1_resume2/episodes/episode_000034_seed_1361.npz","760206","e9e6f3cb930dffe0bc16991bf9d04e8346ce889bba9113b3a00171ee4a9856da"
"data/demos/kaggle_scale_move_leftmost_cube_to_bowl_language_80_v1_resume2/episodes/episode_000035_seed_1362.npz","823387","6ef441291936770e73e5ec98964b1d9d622457e05c91ab4890d01111d8e42766"
"data/demos/kaggle_scale_move_leftmost_cube_to_bowl_language_80_v1_resume2/episodes/episode_000036_seed_1363.npz","743783","e18a235b75809481fe0080fc36d28e0ca0a485e9f074864219cca6a7d725ba9f"
"data/demos/kaggle_scale_move_leftmost_cube_to_bowl_language_80_v1_resume2/episodes/episode_000037_seed_1364.npz","673932","cba0754aa4e7a5ff816384969d2bb097c241f737f2d3d20f6170af33fb0f255e"
"data/demos/kaggle_scale_move_leftmost_cube_to_bowl_language_80_v1_resume2/episodes/episode_000038_seed_1365.npz","826198","0660f98bc922301044f2fef862668331384491006fcdf43ea902997917dbde72"
"data/demos/kaggle_scale_move_leftmost_cube_to_bowl_language_80_v1_resume2/episodes/episode_000039_seed_1366.npz","769693","fed41c7b2b19bc888c4e659d5a497326df709bbe9ef0bc7e7727b4f01e7a589e"
"data/demos/kaggle_scale_move_leftmost_cube_to_bowl_language_80_v1_resume2/episodes/episode_000040_seed_1367.npz","821212","8ed7776e52679adf2d78dbb510f829aaef18fa8ecd16ccb568fb26de47a16a25"
"data/demos/kaggle_scale_move_leftmost_cube_to_bowl_language_80_v1_resume2/episodes/episode_000041_seed_1368.npz","760307","ae024ebd8e6a1073b103a2ad31b6c41eb89af1d62090d427766d107323788592"
"data/demos/kaggle_scale_move_leftmost_cube_to_bowl_language_80_v1_resume2/episodes/episode_000042_seed_1369.npz","830087","46e1211c01fba665ee600c5300cde7c31c2efb33136a98d06783cc90e5c6bc6a"
"data/demos/kaggle_scale_move_leftmost_cube_to_bowl_language_80_v1_resume2/episodes/episode_000043_seed_1370.npz","827970","a7ad1b5fa5e44b207e64d60f7855afc035f7b2c0b95b9be66b4fe7c0d7bed4b1"
"data/demos/kaggle_scale_move_leftmost_cube_to_bowl_language_80_v1_resume2/episodes/episode_000044_seed_1371.npz","766958","2e599f503ac99eb35d38f31ecf0b7c548bb94d84528348a943497b2a5f742a06"
"data/demos/kaggle_scale_move_leftmost_cube_to_bowl_language_80_v1_resume2/episodes/episode_000045_seed_1372.npz","823633","3b3b2a382c3d10e362da8efff927b1e489f2d659b3d97c4789ee9c61b7f158ae"
"data/demos/kaggle_scale_move_leftmost_cube_to_bowl_language_80_v1_resume2/episodes/episode_000046_seed_1373.npz","828826","f1a93a1962f61ffb0f1afcf8a0a53111519b82a06420dee89ce896e12cf8fc01"
"data/demos/kaggle_scale_move_leftmost_cube_to_bowl_language_80_v1_resume2/episodes/episode_000047_seed_1374.npz","755298","68aed7af72210d93fb097704a1eca492c171f773187ba7570f826134edabcc85"
"data/demos/kaggle_scale_move_leftmost_cube_to_bowl_language_80_v1_resume2/episodes/episode_000048_seed_1375.npz","824995","32f97df5753591db69b05087409c582ae2f4dd7b7cc1dbd844aed458986ed111"
"data/demos/kaggle_scale_move_leftmost_cube_to_bowl_language_80_v1_resume2/episodes/episode_000049_seed_1376.npz","759079","7ef5d0f971ed9f289f7f8839a67640aec8e8f47cb47c21eba81de34a892bbff6"
"data/demos/kaggle_scale_move_leftmost_cube_to_bowl_language_80_v1_resume2/episodes/episode_000050_seed_1377.npz","755889","250bf969fb675b35f235cf1e7ad0b1d47be3cf5c7219b03e8c4849858b35e18c"
"data/demos/kaggle_scale_move_leftmost_cube_to_bowl_language_80_v1_resume2/episodes/episode_000051_seed_1378.npz","738741","e4f21ef384225f4c7d2a5b0aaa825a651d4e331abb21c23f1f967b2d58891304"
"data/demos/kaggle_scale_move_leftmost_cube_to_bowl_language_80_v1_resume2/episodes/episode_000052_seed_1379.npz","753936","794d272a756af2740cfcd922b45cb4e9ea7ff6fd376dbd46122509abc0c8ba5c"
"data/demos/kaggle_scale_move_leftmost_cube_to_bowl_language_80_v1_resume2/metadata.jsonl","89171","97805e17bfe25da044dd51bd1016c06d9d646d02e7e6fb4d05da8336bb4b319c"
"data/demos/kaggle_scale_move_leftmost_cube_to_bowl_language_80_v1_resume2/summary.json","114","af438c44a20ea3e031c86a4466a440fd93abc12b789af6065fb9e10b40e26797"
"data/demos/kaggle_scale_move_leftmost_cube_to_bowl_language_80_v1_sampling_failure/metadata.jsonl","254","765109e760872eca752e5d9e77bf439d850331b8a27e2d5d8ce8080f722fddbb"
"data/demos/kaggle_scale_move_leftmost_cube_to_bowl_language_80_v1_sampling_failure/summary.json","97","7ea0a795efbb3f3922922ff99c0e50c1592ad17358b9962b3c8d015ee7f4861e"
"data/demos/kaggle_scale_place_blue_cube_blue_pad_medium_80_v1/episodes/episode_000000_seed_1000.npz","790116","bf63a8103d48e1736ac03908f152b0e35ab372d643b86878d08d9eb9c49a85c2"
"data/demos/kaggle_scale_place_blue_cube_blue_pad_medium_80_v1/episodes/episode_000001_seed_1001.npz","820853","c00171fd75cb096b45a1fee35beb8c2ee2c1575474bd67a496290ac6b0e2a654"
"data/demos/kaggle_scale_place_blue_cube_blue_pad_medium_80_v1/episodes/episode_000002_seed_1002.npz","812417","23f022d9fb15e39f2a0612aeb04c04a610ca89e4589eda38433ebcbd5e42d5ba"
"data/demos/kaggle_scale_place_blue_cube_blue_pad_medium_80_v1/episodes/episode_000003_seed_1003.npz","815070","72752019d3eb0bac7aa0732419b84706b1b2bdd9c877e7e64aaf9ce6726f1c14"
"data/demos/kaggle_scale_place_blue_cube_blue_pad_medium_80_v1/episodes/episode_000004_seed_1004.npz","858548","a2657888642725a276e373a99f56f49a33bdf2b77ca7a63c29df83193243a73d"
"data/demos/kaggle_scale_place_blue_cube_blue_pad_medium_80_v1/episodes/episode_000005_seed_1005.npz","738703","af0fd1b276e79daea5c85a105583516ee01a8b18ad863f2b85266a7cc934ae99"
"data/demos/kaggle_scale_place_blue_cube_blue_pad_medium_80_v1/episodes/episode_000006_seed_1006.npz","804287","3d2e314de8c107ffc386b8cb8fa091693e30eaf35bb32abfabf4527064205f1f"
"data/demos/kaggle_scale_place_blue_cube_blue_pad_medium_80_v1/episodes/episode_000007_seed_1007.npz","729403","4f7270c3ce2d9bc727b37a733d5947cc6aa9a5b00da0be1e42105432a0a646df"
"data/demos/kaggle_scale_place_blue_cube_blue_pad_medium_80_v1/episodes/episode_000008_seed_1008.npz","814788","5a45ace52aede8e452fab526e99953ee5088227204919adac55028637f7017a5"
"data/demos/kaggle_scale_place_blue_cube_blue_pad_medium_80_v1/episodes/episode_000009_seed_1009.npz","813035","fb249fe2e99629315b46bdd095827a6e29a0ee59edc9b44e7472be87349e2540"
"data/demos/kaggle_scale_place_blue_cube_blue_pad_medium_80_v1/episodes/episode_000010_seed_1010.npz","809696","f97486f040fede07a3d8e777977d5e18eeeaf990d93cb545438b6d3db6b8ffdc"
"data/demos/kaggle_scale_place_blue_cube_blue_pad_medium_80_v1/episodes/episode_000011_seed_1011.npz","833274","68ed16c3f521e9140b3233ad3ac2825c1fa2efec1d50bf5b1fd9f0b8dc7cd41b"
"data/demos/kaggle_scale_place_blue_cube_blue_pad_medium_80_v1/episodes/episode_000012_seed_1012.npz","827747","a0b0d2f02dce7cd5727847b30418dc951ab09686cd5d8f48111f9d0bf75ff14d"
"data/demos/kaggle_scale_place_blue_cube_blue_pad_medium_80_v1/episodes/episode_000013_seed_1013.npz","852416","9189281bbe08145c6f15297980318e1a3e7f98b3ad35b70efe752ee54b2d0799"
"data/demos/kaggle_scale_place_blue_cube_blue_pad_medium_80_v1/episodes/episode_000014_seed_1014.npz","850420","4a945c6a74f1cf514c06d3d35e7e677c7802a878d3afc6f83947cb9c078ab080"
"data/demos/kaggle_scale_place_blue_cube_blue_pad_medium_80_v1/episodes/episode_000015_seed_1015.npz","910927","68b73b31cd61e8a7633ef0c7c37764d3cdc39000687ff5c3cecb7ac6add0a75e"
"data/demos/kaggle_scale_place_blue_cube_blue_pad_medium_80_v1/episodes/episode_000016_seed_1016.npz","810427","1a4f9bb1dd6ec999308d2475c43efb847be6f8ba3b6549fed40d23a616519f70"
"data/demos/kaggle_scale_place_blue_cube_blue_pad_medium_80_v1/episodes/episode_000017_seed_1017.npz","744053","accb8ecaf7d8787ca6665cc8e6b1c1dac74bf725eafb05355e38fbb059ac1b99"
"data/demos/kaggle_scale_place_blue_cube_blue_pad_medium_80_v1/episodes/episode_000018_seed_1018.npz","782899","e0e7fcee764199c6d3901940d112876480295c913f2220771ff65abc8cc497bc"
"data/demos/kaggle_scale_place_blue_cube_blue_pad_medium_80_v1/episodes/episode_000019_seed_1019.npz","852622","342b6a00b5fde5d0a797e0c3f1e949395936d714a528b62d83791e3a0d0111b3"
"data/demos/kaggle_scale_place_blue_cube_blue_pad_medium_80_v1/episodes/episode_000020_seed_1020.npz","836149","3055e23dd06cdfcb5b25f7d116559ad68b6ff3f2ac065d340a5b52f14dc6787f"
"data/demos/kaggle_scale_place_blue_cube_blue_pad_medium_80_v1/episodes/episode_000021_seed_1021.npz","738034","4ed8a3a0c9267f0c077badff8157ad5ca7ad6417f01ad9692fb4bec482356887"
"data/demos/kaggle_scale_place_blue_cube_blue_pad_medium_80_v1/episodes/episode_000022_seed_1022.npz","740551","b36de7a884d9e316345f42deeca85f06e403625ff37fe975a4d568faad02de4e"
"data/demos/kaggle_scale_place_blue_cube_blue_pad_medium_80_v1/episodes/episode_000023_seed_1023.npz","807143","98f989fbb8ebd15890ff953bd5b9858df331c1e3cb52bc107bc7e2ddae8c052f"
"data/demos/kaggle_scale_place_blue_cube_blue_pad_medium_80_v1/episodes/episode_000024_seed_1024.npz","779716","f717102b34478362e82df6a4b1f9f772194fab6d89479e068842ff8eae65b585"
"data/demos/kaggle_scale_place_blue_cube_blue_pad_medium_80_v1/episodes/episode_000025_seed_1025.npz","645613","f7d6aaf1f602e8eb573c6eeb6a8b08fed7186a9aebf55614acc9a34b34c14a3f"
"data/demos/kaggle_scale_place_blue_cube_blue_pad_medium_80_v1/episodes/episode_000026_seed_1026.npz","737625","54d8840bb737fa200b3f22e94788a3f2ec60f73e08606ed8b7c285205a8eb1d7"
"data/demos/kaggle_scale_place_blue_cube_blue_pad_medium_80_v1/episodes/episode_000027_seed_1027.npz","855694","9eff8b66e868c0fc3e7132f3af72366bd0cf9a6ce33312c4a1e476114e5392d2"
"data/demos/kaggle_scale_place_blue_cube_blue_pad_medium_80_v1/episodes/episode_000028_seed_1028.npz","810980","86db6b0205cfcad349263325bdc4a10e8c5a3fbfc94352a3506f31d577beb2ff"
"data/demos/kaggle_scale_place_blue_cube_blue_pad_medium_80_v1/episodes/episode_000029_seed_1029.npz","816006","ab17eb81a94b9f7895cf3fdc54ff0ccc43ec16d1cbbd940ac22227ab6436b6dc"
"data/demos/kaggle_scale_place_blue_cube_blue_pad_medium_80_v1/episodes/episode_000030_seed_1030.npz","858904","8ef285afa8751a8c8ceef64ed3713b1750f7478cc2a682f0788053c34ec26db1"
"data/demos/kaggle_scale_place_blue_cube_blue_pad_medium_80_v1/episodes/episode_000031_seed_1031.npz","813409","ef3de728a738c71e897c5813d41b0877663ac04b7b530d13c9379e7e0f9182f0"
"data/demos/kaggle_scale_place_blue_cube_blue_pad_medium_80_v1/episodes/episode_000032_seed_1032.npz","789179","134e351540f01469591bbcebbd0ebdc7787b67663035098d768b57ba1dfbdf58"
"data/demos/kaggle_scale_place_blue_cube_blue_pad_medium_80_v1/episodes/episode_000033_seed_1033.npz","736333","eb50bb96ca445de4e08e19a0b86e5268b76c11f37a9f1585858aa561edc05701"
"data/demos/kaggle_scale_place_blue_cube_blue_pad_medium_80_v1/episodes/episode_000034_seed_1034.npz","745776","c84b5896b6a7de1e23f535be763a9b6f2adf5cebd0af949ccd6662abdec54e37"
"data/demos/kaggle_scale_place_blue_cube_blue_pad_medium_80_v1/episodes/episode_000035_seed_1035.npz","843626","3ebacc8d9b2388d236ba936cb99951c90e1f867f648df979fd20ac7daf551ae6"
"data/demos/kaggle_scale_place_blue_cube_blue_pad_medium_80_v1/episodes/episode_000036_seed_1036.npz","802265","97f1ca8696581e91386ba85d7a03cb15ab3e4355ed4746174c9f2964353f4feb"
"data/demos/kaggle_scale_place_blue_cube_blue_pad_medium_80_v1/episodes/episode_000037_seed_1037.npz","846885","2d545c01e4ffecdabdd73ba804ef39d39c413a52d2fc9e87e06a5db73b0acd3a"
"data/demos/kaggle_scale_place_blue_cube_blue_pad_medium_80_v1/episodes/episode_000038_seed_1038.npz","785397","3c90bf2852ee8fdd41f3c4e7158b4e3992f619666454c78a36528701663e318a"
"data/demos/kaggle_scale_place_blue_cube_blue_pad_medium_80_v1/episodes/episode_000039_seed_1039.npz","736046","00e2e0dd0edca5a6753939e4cc3be96e2c273f221c6b68afbe0c91baba047dda"
"data/demos/kaggle_scale_place_blue_cube_blue_pad_medium_80_v1/episodes/episode_000040_seed_1040.npz","847257","fb7b765c33b4d50aa9dab95f6a66e5fa797408b71ce242fc9f083f5270481cb7"
"data/demos/kaggle_scale_place_blue_cube_blue_pad_medium_80_v1/episodes/episode_000041_seed_1041.npz","812574","323f0ddba0262768399aa69791d828446349f023922aadd78e1b3bd30e74082a"
"data/demos/kaggle_scale_place_blue_cube_blue_pad_medium_80_v1/episodes/episode_000042_seed_1042.npz","821438","b01177cc5bea6f00a3a7ba778ae0d6c643ce3f9a4c8ee8a49c656874b0150c4c"
"data/demos/kaggle_scale_place_blue_cube_blue_pad_medium_80_v1/episodes/episode_000043_seed_1043.npz","858735","92947a12d076a9c1499c81a21af8b2a6ff7008c7e2d9ebbde77c11d5a3deb151"
"data/demos/kaggle_scale_place_blue_cube_blue_pad_medium_80_v1/episodes/episode_000044_seed_1044.npz","799207","ff068cd39ee3a55b91a4e62b47711113b47d157efc3e08c0f875ab814220316f"
"data/demos/kaggle_scale_place_blue_cube_blue_pad_medium_80_v1/episodes/episode_000045_seed_1045.npz","856363","9ea050c9c65478268bc981f3367d6afdf3e8773f782995dc7eebc34d5bd585d4"
"data/demos/kaggle_scale_place_blue_cube_blue_pad_medium_80_v1/episodes/episode_000046_seed_1046.npz","846994","65dd6cbcfe02feddebb044fcde1743e67243616e3825ed021589d530a259ee2f"
"data/demos/kaggle_scale_place_blue_cube_blue_pad_medium_80_v1/episodes/episode_000047_seed_1047.npz","855415","70d6e9c128628fa8a66e7b3d4e1b2e352fe81651772e6c24a03ec7e56f597833"
"data/demos/kaggle_scale_place_blue_cube_blue_pad_medium_80_v1/episodes/episode_000048_seed_1048.npz","758760","95e045d25c7e062b94d8ca1331cc3bf08628ebcf5fdb40f14aa7ee5f4b52185c"
"data/demos/kaggle_scale_place_blue_cube_blue_pad_medium_80_v1/episodes/episode_000049_seed_1049.npz","765000","343a2ddac99a56547bc60eb08e13e2452b9f8e64478b1fc5396f085c00337383"
"data/demos/kaggle_scale_place_blue_cube_blue_pad_medium_80_v1/episodes/episode_000050_seed_1050.npz","781587","9baebb013e73bb37df5233281225dc061e16a86af0669cd4fc607c923c01eba5"
"data/demos/kaggle_scale_place_blue_cube_blue_pad_medium_80_v1/episodes/episode_000051_seed_1051.npz","853267","ba945f0d67b6b409bce14991d1a053066ac330bf30a8cbc328a10e22f7df53ad"
"data/demos/kaggle_scale_place_blue_cube_blue_pad_medium_80_v1/episodes/episode_000052_seed_1052.npz","826043","fd5f5c3cfd73cc18fb177daf3cc399794a330d11bbb7271dee8e896bfb1a568e"
"data/demos/kaggle_scale_place_blue_cube_blue_pad_medium_80_v1/episodes/episode_000053_seed_1053.npz","811570","6e162a169b55ef3e9d53eb07983dccdf09633704761f606244b10a9e32741223"
"data/demos/kaggle_scale_place_blue_cube_blue_pad_medium_80_v1/episodes/episode_000054_seed_1054.npz","840232","aa114a155fc03c5fac555bb078e19ba4adf380b51a781398f3ade76695bda43d"
"data/demos/kaggle_scale_place_blue_cube_blue_pad_medium_80_v1/episodes/episode_000055_seed_1055.npz","815997","4456f2451f764730e7e0be0611c7525dd8054a09978497357c883b16ea1388be"
"data/demos/kaggle_scale_place_blue_cube_blue_pad_medium_80_v1/episodes/episode_000056_seed_1056.npz","865182","9d9e275b53bde9587e862ad592a12d5122cd2c34c8a5dab3c9ed0439b1c49a48"
"data/demos/kaggle_scale_place_blue_cube_blue_pad_medium_80_v1/episodes/episode_000057_seed_1057.npz","814901","4e94b82802436db33869a25512940c3512d718f6840e3da0dd9b6b8778fb4924"
"data/demos/kaggle_scale_place_blue_cube_blue_pad_medium_80_v1/episodes/episode_000058_seed_1058.npz","797934","235acdf925c4bd0c282588f6f52b8cb0aec05cd1cb2af3477b95c6dad1a73784"
"data/demos/kaggle_scale_place_blue_cube_blue_pad_medium_80_v1/episodes/episode_000059_seed_1059.npz","787212","c92bc72b204113d1caeb6d032324aa85905b5b8cd35b390ec84c46a9e617250f"
"data/demos/kaggle_scale_place_blue_cube_blue_pad_medium_80_v1/episodes/episode_000060_seed_1060.npz","811715","311ed4d87b7bb3703843bc4d73e12d600bc03b03e7a71e369c2b07b96d146a23"
"data/demos/kaggle_scale_place_blue_cube_blue_pad_medium_80_v1/episodes/episode_000061_seed_1061.npz","818944","0c20eecaf76e5de873e55e3b0d607ecbb13fe5fb4a7b0a78329d76b1bc9188f9"
"data/demos/kaggle_scale_place_blue_cube_blue_pad_medium_80_v1/episodes/episode_000062_seed_1062.npz","814908","0843adc7c5fe11365f74af12df842f327cda55c594cb319e7599cfa825941bf0"
"data/demos/kaggle_scale_place_blue_cube_blue_pad_medium_80_v1/episodes/episode_000063_seed_1063.npz","737829","80d8ff293db0374357f7d108179e4b8202aa2320264419c74f9a95420d2c4114"
"data/demos/kaggle_scale_place_blue_cube_blue_pad_medium_80_v1/episodes/episode_000064_seed_1064.npz","807127","3bb55bdf5365f05dbc3be269b048aeda6fa4ba9800382e5d59cee2494e2a5d2d"
"data/demos/kaggle_scale_place_blue_cube_blue_pad_medium_80_v1/episodes/episode_000065_seed_1065.npz","814074","871fb4cc47867fa95f45929cf92229c91b2ea6a75c635b3f7364a2b119e1cb17"
"data/demos/kaggle_scale_place_blue_cube_blue_pad_medium_80_v1/episodes/episode_000066_seed_1066.npz","808409","dafeebb90e3f1eb61f04547d5b3cd4d6d192921a8fdecea2a2b21010c9f130d1"
"data/demos/kaggle_scale_place_blue_cube_blue_pad_medium_80_v1/episodes/episode_000067_seed_1067.npz","782474","a8150e3dffe0d3c34821f815e3c29ac4c2fd1460b8cf6cf47eca50c058c77dc5"
"data/demos/kaggle_scale_place_blue_cube_blue_pad_medium_80_v1/episodes/episode_000068_seed_1068.npz","836063","5fe652ba9f9fa6919fe7b2dead75c25d848f9ef50e822ecf21a29a0743511f23"
"data/demos/kaggle_scale_place_blue_cube_blue_pad_medium_80_v1/episodes/episode_000069_seed_1069.npz","812371","dbe54f554cb34873f8704a93f2ce748367c92e1bb82ee31950d2d7c050cd6629"
"data/demos/kaggle_scale_place_blue_cube_blue_pad_medium_80_v1/episodes/episode_000070_seed_1070.npz","781297","24739713fc7c325ed86ca08cd4335b54bbfa6ea95ce22d52a6b8c7d64e6a5d75"
"data/demos/kaggle_scale_place_blue_cube_blue_pad_medium_80_v1/episodes/episode_000071_seed_1071.npz","797270","17027afab11648f347ce0b01ecb21fc897ac1f075cb02c632ee5b34f8fd07a4c"
"data/demos/kaggle_scale_place_blue_cube_blue_pad_medium_80_v1/episodes/episode_000072_seed_1072.npz","843479","c8e71a4e6f09af33acafd48e1e1857bae46b6ec5a035d5f6d756f08603ffb010"
"data/demos/kaggle_scale_place_blue_cube_blue_pad_medium_80_v1/episodes/episode_000073_seed_1073.npz","842189","2eab4818e1a43d2fdf0db02e9da3a084510dbea96766d2350a2ff62598026b1e"
"data/demos/kaggle_scale_place_blue_cube_blue_pad_medium_80_v1/episodes/episode_000074_seed_1074.npz","799288","14456ac78c84a58089d4131f14f1b2add3b9864830172ab30c0c781a5af8d786"
"data/demos/kaggle_scale_place_blue_cube_blue_pad_medium_80_v1/episodes/episode_000075_seed_1075.npz","812062","c0146fe82155ac522e605f3848d3f5ec4cb26835508fd46254dcb2e836b1bfc3"
"data/demos/kaggle_scale_place_blue_cube_blue_pad_medium_80_v1/episodes/episode_000076_seed_1076.npz","811148","5cf1d93abaf5a7e45996e9845af7829103c3014aa2ecdd8dae333050ced24b02"
"data/demos/kaggle_scale_place_blue_cube_blue_pad_medium_80_v1/episodes/episode_000077_seed_1077.npz","807459","de639607341d7ff68b17a675d88813e9c62a7f3e777306a3899b2e0ab29689cb"
"data/demos/kaggle_scale_place_blue_cube_blue_pad_medium_80_v1/episodes/episode_000078_seed_1078.npz","782389","78db99693321502688ef63c0d216e0fd529c24d2ef789fa8d5930677c7123636"
"data/demos/kaggle_scale_place_blue_cube_blue_pad_medium_80_v1/episodes/episode_000079_seed_1079.npz","842166","4352fe93fa3b81f3ea85ced53fd29504e4a854be0166d466d1f9098d0a538069"
"data/demos/kaggle_scale_place_blue_cube_blue_pad_medium_80_v1/metadata.jsonl","129873","cec9c3c24e0efdf1bdac82709a3d0fc466b89eecab133c22a3bb333ed846cc06"
"data/demos/kaggle_scale_place_blue_cube_blue_pad_medium_80_v1/summary.json","102","147265463e3ea6e30a67daa7045dacaf05cbd1e36a5bbf3644cf453cb12e8d42"
"data/demos/kaggle_scale_place_blue_cube_red_pad_medium_80_v1/episodes/episode_000000_seed_1100.npz","811201","dc6702f92f83403a5ceeaac4c85174f50c9412ed855a16095ec88de231975026"
"data/demos/kaggle_scale_place_blue_cube_red_pad_medium_80_v1/episodes/episode_000001_seed_1101.npz","918736","3b925018352671d0526852430ade773677a625b9af0055959fee57cd0d4476e8"
"data/demos/kaggle_scale_place_blue_cube_red_pad_medium_80_v1/episodes/episode_000002_seed_1102.npz","836712","28ea7b5a17b3287d5b9c919c3282d281b4c80088c5164c844b98e1004a21340b"
"data/demos/kaggle_scale_place_blue_cube_red_pad_medium_80_v1/episodes/episode_000003_seed_1103.npz","904208","ad588d7cfb4ef6ff4fe86f3ed0d1d196ad95257b524bd95154f973bd6c2b50c2"
"data/demos/kaggle_scale_place_blue_cube_red_pad_medium_80_v1/episodes/episode_000004_seed_1104.npz","938516","227eb68d25b97f5395e3acec4dc8b07b4bd435335362b03958ea299ae56f5cc9"
"data/demos/kaggle_scale_place_blue_cube_red_pad_medium_80_v1/episodes/episode_000005_seed_1105.npz","736089","ce06f9f9552e207b6cc41b1b009dbb9ff700847e9c133e2a1ce979d9352e375f"
"data/demos/kaggle_scale_place_blue_cube_red_pad_medium_80_v1/episodes/episode_000006_seed_1106.npz","740751","4ab619f629ee0b39cfb9d291c00929f830e451b65c4ac4f5e66dc155c3135987"
"data/demos/kaggle_scale_place_blue_cube_red_pad_medium_80_v1/episodes/episode_000007_seed_1107.npz","797837","45398d1b28979b15b43f8e1d517422bf41aa04fcbc3e38729a9cfce399cbe25c"
"data/demos/kaggle_scale_place_blue_cube_red_pad_medium_80_v1/episodes/episode_000008_seed_1108.npz","799628","174ef9bdad0edd31da6f5dd8cb418c6ccddfcd544328ef9be3ebe759317262c7"
"data/demos/kaggle_scale_place_blue_cube_red_pad_medium_80_v1/episodes/episode_000009_seed_1109.npz","852740","3a18ef9767b8371d0c2723639a359981e64296d394febb44acc50fb992f31ad1"
"data/demos/kaggle_scale_place_blue_cube_red_pad_medium_80_v1/episodes/episode_000010_seed_1110.npz","778643","ca4e2a1d5be9a56b78d495d32e8906c29cddd2491a7b1e912ba21b4c5c2e136a"
"data/demos/kaggle_scale_place_blue_cube_red_pad_medium_80_v1/episodes/episode_000011_seed_1111.npz","808820","830d87b4553fb86860949a97a6ef1ace07ae929d2e9583cd73e0b3f93dd5a92d"
"data/demos/kaggle_scale_place_blue_cube_red_pad_medium_80_v1/episodes/episode_000012_seed_1112.npz","745297","d6b350b30bd907f05d4ca9dfd383cddc6ea6c4d385c9252a98f68571ed35be28"
"data/demos/kaggle_scale_place_blue_cube_red_pad_medium_80_v1/episodes/episode_000013_seed_1113.npz","778654","f36f1c5d2ad406b169037d1efc24b20b0ae6a121922e97d38b5f52b2a368210c"
"data/demos/kaggle_scale_place_blue_cube_red_pad_medium_80_v1/episodes/episode_000014_seed_1114.npz","742697","35d74ac6bb4ad7ae9a0f850d7ad32ffe05afd1985eef60f40854b582dbaa1ce6"
"data/demos/kaggle_scale_place_blue_cube_red_pad_medium_80_v1/episodes/episode_000015_seed_1115.npz","854298","9783fdb57b29f719d200bc5292586b706daa37611a043e2267ce42df1b250a3e"
"data/demos/kaggle_scale_place_blue_cube_red_pad_medium_80_v1/episodes/episode_000016_seed_1116.npz","947077","5246f87ebfd1752514d566b0b66b8b32dbf8e7225e8c547ce40d49887db3941a"
"data/demos/kaggle_scale_place_blue_cube_red_pad_medium_80_v1/episodes/episode_000017_seed_1117.npz","815603","42d0d1ea29a554243490774a596dd70fd62132530a083918a576e31e19b0eddb"
"data/demos/kaggle_scale_place_blue_cube_red_pad_medium_80_v1/episodes/episode_000018_seed_1118.npz","855769","c3e9d7025c4f91c7d5840516b49a88db38b8af8e498f8dca84957c7b9385a9c9"
"data/demos/kaggle_scale_place_blue_cube_red_pad_medium_80_v1/episodes/episode_000019_seed_1119.npz","864308","e7e4f862703bed911807199a55a6b7a106ac9f1a094bbc008c25a0b95b9aec84"
"data/demos/kaggle_scale_place_blue_cube_red_pad_medium_80_v1/episodes/episode_000020_seed_1120.npz","811703","91f3a3bf6e7cda12245fb1e3c95095ef684f1229fd4dea6d75fe83bfe0a1fd9c"
"data/demos/kaggle_scale_place_blue_cube_red_pad_medium_80_v1/episodes/episode_000021_seed_1121.npz","836529","8312425ad150aa1dada92a274e775274734277f92dc3ae1d0a1386238028e089"
"data/demos/kaggle_scale_place_blue_cube_red_pad_medium_80_v1/episodes/episode_000022_seed_1122.npz","823575","2acd24f6eef8ec91b1cf781a008a2af9bbc3ec0ecd76bac98133436b455cfc6a"
"data/demos/kaggle_scale_place_blue_cube_red_pad_medium_80_v1/episodes/episode_000023_seed_1123.npz","812947","3b456b9270973b4b4c8d40499ffb99c306fcabe10909f71b4252b29d9f429bff"
"data/demos/kaggle_scale_place_blue_cube_red_pad_medium_80_v1/episodes/episode_000024_seed_1124.npz","738273","4535f9e26076d1df89ee69f089766f9d15e716f7ee38eb3dbcfb1a6bb84af6ca"
"data/demos/kaggle_scale_place_blue_cube_red_pad_medium_80_v1/episodes/episode_000025_seed_1125.npz","803981","3ab0adae39f8e6dd6b640888cc57ac42b33d289d831aa934424af5cce60f7c46"
"data/demos/kaggle_scale_place_blue_cube_red_pad_medium_80_v1/episodes/episode_000026_seed_1126.npz","839236","267b01513ccb4d067daa7a3285a8a517fccb3583d95b86eeca802dc103dedfbe"
"data/demos/kaggle_scale_place_blue_cube_red_pad_medium_80_v1/episodes/episode_000027_seed_1127.npz","736216","c0742d387e3723f4889f13c271d879b6f85a31841e63c303b97cec0082c580aa"
"data/demos/kaggle_scale_place_blue_cube_red_pad_medium_80_v1/episodes/episode_000028_seed_1128.npz","817858","c1d1607c2812b7edea2192ab9a6e51c33e7da2f0f51e015cdc00868d404301ef"
"data/demos/kaggle_scale_place_blue_cube_red_pad_medium_80_v1/episodes/episode_000029_seed_1129.npz","859065","6caed18ffa8d6c9fa2de508d147f15c7245a83cd323b5fbf70b6c670a1be995e"
"data/demos/kaggle_scale_place_blue_cube_red_pad_medium_80_v1/episodes/episode_000030_seed_1130.npz","909934","a90d110cf6417b410b8086072273e297a64cfba7c86bdc31579af25f3102dbee"
"data/demos/kaggle_scale_place_blue_cube_red_pad_medium_80_v1/episodes/episode_000031_seed_1131.npz","735182","a5203c4a5842e860c2da469059da0de7beb991b5a28f32547e3dd4bea74a4ff1"
"data/demos/kaggle_scale_place_blue_cube_red_pad_medium_80_v1/episodes/episode_000032_seed_1132.npz","838769","8da05eb5bdcb8358b0119196bce8ba79a814eb5525601a8c5f87b87cd95ff194"
"data/demos/kaggle_scale_place_blue_cube_red_pad_medium_80_v1/episodes/episode_000033_seed_1133.npz","859592","435b7f8417e61839283d8d8e748f47f59e6a2486c8eef79b5a2586d0b170f945"
"data/demos/kaggle_scale_place_blue_cube_red_pad_medium_80_v1/episodes/episode_000034_seed_1134.npz","754364","b9820cf1dc1f8ffb051dfee0116d2535660ce34ab77143fed78706df614b280e"
"data/demos/kaggle_scale_place_blue_cube_red_pad_medium_80_v1/episodes/episode_000035_seed_1135.npz","836428","dc44f8f139b6810607e6663e158c6e1c8502c08b2bbd6e943cbdd4fe74e0bce5"
"data/demos/kaggle_scale_place_blue_cube_red_pad_medium_80_v1/episodes/episode_000036_seed_1136.npz","797921","977df74b7e3733a3fa8b5975fd04b77eeaf10c668534d32e927f6c9161270329"
"data/demos/kaggle_scale_place_blue_cube_red_pad_medium_80_v1/episodes/episode_000037_seed_1137.npz","882675","453a4e34b1322afb0aa4b750cf2e4ffafe454e3000e3eaaf9c6247dad4c73152"
"data/demos/kaggle_scale_place_blue_cube_red_pad_medium_80_v1/episodes/episode_000038_seed_1138.npz","783071","9d9d3aaea60b98ef3f26b9da45301f31ba8561adc615a063c810c5a34c00eca1"
"data/demos/kaggle_scale_place_blue_cube_red_pad_medium_80_v1/episodes/episode_000039_seed_1139.npz","742214","6e36fced88a8103a18d5ecb0f092348a47bcc5b2730738b423bd3c1ceb356190"
"data/demos/kaggle_scale_place_blue_cube_red_pad_medium_80_v1/episodes/episode_000040_seed_1140.npz","879270","ed094ec44af69858f510cda7d3ab03a125f14824df76d60fb338e159191fd583"
"data/demos/kaggle_scale_place_blue_cube_red_pad_medium_80_v1/episodes/episode_000041_seed_1141.npz","862189","f6a6184609aa0ae3dd13b2a464b2b603f2f0b0b32dd20447456afc52035fa9a6"
"data/demos/kaggle_scale_place_blue_cube_red_pad_medium_80_v1/episodes/episode_000042_seed_1142.npz","860078","cebc247a615da151fac8deff6937a8550c6d4d60355f714e0f3988d04e9594d5"
"data/demos/kaggle_scale_place_blue_cube_red_pad_medium_80_v1/episodes/episode_000043_seed_1143.npz","854822","9c5820e8a8220f8cbea78a90c1eb569ff9b6d128a9fe94abc284afbbac09f069"
"data/demos/kaggle_scale_place_blue_cube_red_pad_medium_80_v1/episodes/episode_000044_seed_1144.npz","852529","729765ca4ded0bb3adcd546d1097153255ce99f06826f0eefb9b0958e531452b"
"data/demos/kaggle_scale_place_blue_cube_red_pad_medium_80_v1/episodes/episode_000045_seed_1145.npz","816586","3eb560572242630ef59c2cbdde32c3a81f78f0ccdfe65cf02320cd364e6a3d99"
"data/demos/kaggle_scale_place_blue_cube_red_pad_medium_80_v1/episodes/episode_000046_seed_1146.npz","843734","d36e28648092a76fd89c8aa0668131552137c952da6afc97bdd77d0564569dd2"
"data/demos/kaggle_scale_place_blue_cube_red_pad_medium_80_v1/episodes/episode_000047_seed_1147.npz","805429","4870344dc00564bec081902d3e3738c7b04de454176c5ea5fac02333bc4fddf8"
"data/demos/kaggle_scale_place_blue_cube_red_pad_medium_80_v1/episodes/episode_000048_seed_1148.npz","829501","de77c9b79f941a6755e94977c6f9da97277e631daa8a213f8dbc9725b480ce16"
"data/demos/kaggle_scale_place_blue_cube_red_pad_medium_80_v1/episodes/episode_000049_seed_1149.npz","787678","b010e56fee79696ddd672a569d3a72c962a6c890a58bc47e3ad6d723c0d92591"
"data/demos/kaggle_scale_place_blue_cube_red_pad_medium_80_v1/episodes/episode_000050_seed_1150.npz","840538","20cd74fa2228e92b48b396f14fdf474c8ba9c7dba27f02aa6975d84fb0e1cf8a"
"data/demos/kaggle_scale_place_blue_cube_red_pad_medium_80_v1/episodes/episode_000051_seed_1151.npz","730689","a773a0654c094d9b1384db123de886f8687d604ae46d6f3af7b23b425abeec2b"
"data/demos/kaggle_scale_place_blue_cube_red_pad_medium_80_v1/episodes/episode_000052_seed_1152.npz","837124","51590379e6ac8f84acd5e650c76190c19fd65cb766ed41482f4309ed422dc6fd"
"data/demos/kaggle_scale_place_blue_cube_red_pad_medium_80_v1/episodes/episode_000053_seed_1153.npz","779296","0a080bab709e78d066be44272beeae072426ad9c0f6acfdf28fda032b447e218"
"data/demos/kaggle_scale_place_blue_cube_red_pad_medium_80_v1/episodes/episode_000054_seed_1154.npz","787772","cdc70c1b1f2ec441ac293ad929a497880148bcfc97baf82f0470fc1be44131d3"
"data/demos/kaggle_scale_place_blue_cube_red_pad_medium_80_v1/episodes/episode_000055_seed_1155.npz","818236","2f8ae61be816de3a1b98c4129e6133030bb9f8477b430e50982a140cbb3011d3"
"data/demos/kaggle_scale_place_blue_cube_red_pad_medium_80_v1/episodes/episode_000056_seed_1156.npz","808220","3513396b1678b82201b13b2852cf12f42cf581c1ff81a1ce2718a0f96f3073ea"
"data/demos/kaggle_scale_place_blue_cube_red_pad_medium_80_v1/episodes/episode_000057_seed_1157.npz","854757","3535b68cbc0f4bc3cdee26967549f30050697f0d9bfd531708f98cfb87b2de66"
"data/demos/kaggle_scale_place_blue_cube_red_pad_medium_80_v1/episodes/episode_000058_seed_1158.npz","811122","6b595d650a4fa27bd74886d1df14448249fb0cb044a1481b16ccc0aedbbc4192"
"data/demos/kaggle_scale_place_blue_cube_red_pad_medium_80_v1/episodes/episode_000059_seed_1159.npz","686441","3f26d009184eec36809ddfe96e1904757ce8a50dd5c539ab7d0943c8a065d945"
"data/demos/kaggle_scale_place_blue_cube_red_pad_medium_80_v1/episodes/episode_000060_seed_1160.npz","890875","2ed26eaa9aef07d6cf55aa4b497f51348d31b22f0108cd40d6917f01dc1c6002"
"data/demos/kaggle_scale_place_blue_cube_red_pad_medium_80_v1/episodes/episode_000061_seed_1161.npz","805666","0cc05dd02b6127e384f1ce1679cb0c936740dc8e266d41142a0d05fd1d61f7be"
"data/demos/kaggle_scale_place_blue_cube_red_pad_medium_80_v1/episodes/episode_000062_seed_1162.npz","817649","fbd136d0c086768d1929aaab7edfff7f764557662e0861676b3677578658edaf"
"data/demos/kaggle_scale_place_blue_cube_red_pad_medium_80_v1/episodes/episode_000063_seed_1163.npz","832959","8941f7b7bb92a96f8ceb694794a58407fb2654aa85c820f14d6e5130fd0f5df0"
"data/demos/kaggle_scale_place_blue_cube_red_pad_medium_80_v1/episodes/episode_000064_seed_1164.npz","738154","33bbbc328e11e1096509796661b394c010ff8bb3305f4a734bc5de30fb0f7e1a"
"data/demos/kaggle_scale_place_blue_cube_red_pad_medium_80_v1/episodes/episode_000065_seed_1165.npz","738485","ee0106fea3b4469032ec36da1219d7cb1a2fffd555cb718e622229d7c524df3f"
"data/demos/kaggle_scale_place_blue_cube_red_pad_medium_80_v1/episodes/episode_000066_seed_1166.npz","721355","6113016bde25468230507fb5c5fdfe13665dd40317a63b4db10c2aa486297171"
"data/demos/kaggle_scale_place_blue_cube_red_pad_medium_80_v1/episodes/episode_000067_seed_1167.npz","866931","af2a91370d67c8066bb860678c4b0bc5c9f8a9912e426aa3164439957973ea66"
"data/demos/kaggle_scale_place_blue_cube_red_pad_medium_80_v1/episodes/episode_000068_seed_1168.npz","805019","55e212461e38c739dbbe1cea4b77c9bf4c559cb300e0a3fd375e883892de1d14"
"data/demos/kaggle_scale_place_blue_cube_red_pad_medium_80_v1/episodes/episode_000069_seed_1169.npz","840893","6df52cc59933e6f667707c33024cba30b463201ad9af8ce9a5c70110299fae74"
"data/demos/kaggle_scale_place_blue_cube_red_pad_medium_80_v1/episodes/episode_000070_seed_1170.npz","903668","c4c1e91fa1f778a581bd252e6c6ba957cd339e5f88587beabdfb1c314cdeb0b8"
"data/demos/kaggle_scale_place_blue_cube_red_pad_medium_80_v1/episodes/episode_000071_seed_1171.npz","811750","c3b73f014b186d172c0a6b5c61fcf93cf7be751bddcf55260145355e669bc872"
"data/demos/kaggle_scale_place_blue_cube_red_pad_medium_80_v1/episodes/episode_000072_seed_1172.npz","664078","a28dcc4556ad4eedb0f229f5a38bbc1e5a703011a06bd657ce3fdbae772123a2"
"data/demos/kaggle_scale_place_blue_cube_red_pad_medium_80_v1/episodes/episode_000073_seed_1173.npz","734268","843031254e910b3bca579bd0437e4dd34b772b5e0f4b5915acf52d93c2bf64d5"
"data/demos/kaggle_scale_place_blue_cube_red_pad_medium_80_v1/episodes/episode_000074_seed_1174.npz","736278","5b2622cfcf6de852e47d3ba24004acf927acd334325d2ab5f27c370cc4f8fa73"
"data/demos/kaggle_scale_place_blue_cube_red_pad_medium_80_v1/episodes/episode_000075_seed_1175.npz","794133","1665ca16f3fe5f2368d47edbd2af43ff5389a61d1fb3e28e889a695f6fa89b3d"
"data/demos/kaggle_scale_place_blue_cube_red_pad_medium_80_v1/episodes/episode_000076_seed_1176.npz","812565","4e8ce2dc203d3ffd96e5ed652245dac5f8934e57f065faba9073f61b0fb2144c"
"data/demos/kaggle_scale_place_blue_cube_red_pad_medium_80_v1/episodes/episode_000077_seed_1177.npz","737266","0206bc65a64d53d10d268176466ac0a53dfa2b42f0fe96f68383f3bbb7540c0e"
"data/demos/kaggle_scale_place_blue_cube_red_pad_medium_80_v1/episodes/episode_000078_seed_1178.npz","780368","66c7d7f68f88d10c9aa513f3068f18aba5290c71c022d473b5138e3cf18eb188"
"data/demos/kaggle_scale_place_blue_cube_red_pad_medium_80_v1/episodes/episode_000079_seed_1179.npz","782482","c9b2fdcf439c95aefb8eda5593d1ddf6eeb97b8fc0966c349743ff826e0ae975"
"data/demos/kaggle_scale_place_blue_cube_red_pad_medium_80_v1/metadata.jsonl","129785","ca9501bca9bbd32b3a080c20e169931ac69bcf4b19fc9dba733237c8d244ad07"
"data/demos/kaggle_scale_place_blue_cube_red_pad_medium_80_v1/summary.json","102","147265463e3ea6e30a67daa7045dacaf05cbd1e36a5bbf3644cf453cb12e8d42"
"data/demos/kaggle_scale_place_red_cube_red_pad_medium_80_v1/episodes/episode_000000_seed_1200.npz","810469","7cca73c3bc7e92c96379f78e98f9317fe951728d4fec0a3070f45ccc8e1900b4"
"data/demos/kaggle_scale_place_red_cube_red_pad_medium_80_v1/episodes/episode_000001_seed_1201.npz","799169","3b43b477b21386f2bd30acac5534373b6a6b02bc82d7441b98bdad2b15d332b6"
"data/demos/kaggle_scale_place_red_cube_red_pad_medium_80_v1/episodes/episode_000002_seed_1202.npz","859869","e0f2d25139d4b102be4b3ff756859d30893d67fa31b16c29e5f11d1de6f32e8f"
"data/demos/kaggle_scale_place_red_cube_red_pad_medium_80_v1/episodes/episode_000003_seed_1203.npz","883313","ca22b90f00ae2b4034416d584344fae890615835895c76c1365b195604641614"
"data/demos/kaggle_scale_place_red_cube_red_pad_medium_80_v1/episodes/episode_000004_seed_1204.npz","811895","af74d76aeed8cfaf0e2bc1dd8566b1590f30a630425c8f5a2a4c21222e4b4fb0"
"data/demos/kaggle_scale_place_red_cube_red_pad_medium_80_v1/episodes/episode_000005_seed_1205.npz","910123","52deef90ae884eda46a334acfb701e60b9868d4e483a66aa185136369f5c1b7c"
"data/demos/kaggle_scale_place_red_cube_red_pad_medium_80_v1/episodes/episode_000006_seed_1206.npz","745739","6af8633caa7cf518d1e50a379f2ecee3b07cf31cf46e62978389d2ae13309e8d"
"data/demos/kaggle_scale_place_red_cube_red_pad_medium_80_v1/episodes/episode_000007_seed_1207.npz","768321","ba10e19191139b93384459e44813199a69258a58dad92327e82334b445347a2a"
"data/demos/kaggle_scale_place_red_cube_red_pad_medium_80_v1/episodes/episode_000008_seed_1208.npz","852794","718bda85be5f423d13010e889dd0040fc6c2e312b44049608ae29b49096c0d84"
"data/demos/kaggle_scale_place_red_cube_red_pad_medium_80_v1/episodes/episode_000009_seed_1209.npz","819218","43767c8b99aa9b25fc7f2dda949cf2b3364c287fd26d2762a680fd8735173d5c"
"data/demos/kaggle_scale_place_red_cube_red_pad_medium_80_v1/episodes/episode_000010_seed_1210.npz","731306","6e06d033abcd51489cb44b3f7444c56e077bc5396cd8d7aa4984eb1533e23e34"
"data/demos/kaggle_scale_place_red_cube_red_pad_medium_80_v1/episodes/episode_000011_seed_1211.npz","809321","610466c0312383e156817faa7819df5e34ac7bfc095fdf55a71d8bc0e6e08b19"
"data/demos/kaggle_scale_place_red_cube_red_pad_medium_80_v1/episodes/episode_000012_seed_1212.npz","826995","063856d0d6509abe20f10f8a8cd314692d5dbc724f69f57820d4f5942b8292a6"
"data/demos/kaggle_scale_place_red_cube_red_pad_medium_80_v1/episodes/episode_000013_seed_1213.npz","838899","f4e6e7ae9531e0dab27e7dbe4490ac9c3959bc989f907158288b142cec43155f"
"data/demos/kaggle_scale_place_red_cube_red_pad_medium_80_v1/episodes/episode_000014_seed_1214.npz","862258","f656c69ca61bd36148552420a70506b91475749a1d4a8ea90de5f63b88318882"
"data/demos/kaggle_scale_place_red_cube_red_pad_medium_80_v1/episodes/episode_000015_seed_1215.npz","845180","1af70bb9c1f1d0c5998f13a47f174122a0b0b8a85e594f0d9661bf88a3f391b6"
"data/demos/kaggle_scale_place_red_cube_red_pad_medium_80_v1/episodes/episode_000016_seed_1216.npz","824087","5ae8ac0831d6c2b559273f9b9c0e37e5cb8014912f11df0d6f6912a75a77634c"
"data/demos/kaggle_scale_place_red_cube_red_pad_medium_80_v1/episodes/episode_000017_seed_1217.npz","798784","fce2d4fb6d341d21375dc962459f54cff38ae93bca864574e8ef34f2973db808"
"data/demos/kaggle_scale_place_red_cube_red_pad_medium_80_v1/episodes/episode_000018_seed_1218.npz","827938","ab9a5c8b0e912da6466afc81b2eaddc929bf8f1c3dd2dbc2fd954206de3e7e11"
"data/demos/kaggle_scale_place_red_cube_red_pad_medium_80_v1/episodes/episode_000019_seed_1219.npz","718922","3f415673324cc13234fdafc8dfa29f56207724216fe45798318e4f5529d59dab"
"data/demos/kaggle_scale_place_red_cube_red_pad_medium_80_v1/episodes/episode_000020_seed_1220.npz","771976","04231f778d255edcac7097d0e478ef52f6e6690582b4aa1b33c0fdf86d6cf095"
"data/demos/kaggle_scale_place_red_cube_red_pad_medium_80_v1/episodes/episode_000021_seed_1221.npz","719425","fd269d32b35479861c77935d1f95a7694a62ee9ea6de70a8697f162d09ddb56f"
"data/demos/kaggle_scale_place_red_cube_red_pad_medium_80_v1/episodes/episode_000022_seed_1222.npz","808930","8e08d73d87e29cbbb826a910942681444100bef33e84bbff9866d6c345cf8dc3"
"data/demos/kaggle_scale_place_red_cube_red_pad_medium_80_v1/episodes/episode_000023_seed_1223.npz","859076","c36e74ca72a0f5b607769756b7eb44f8356c384b5359094a83959c025fb0ce28"
"data/demos/kaggle_scale_place_red_cube_red_pad_medium_80_v1/episodes/episode_000024_seed_1224.npz","845862","adaca2b4dd4483161bee4019009c66b00f6ff14a5da9e2410508bd28c9a6be48"
"data/demos/kaggle_scale_place_red_cube_red_pad_medium_80_v1/episodes/episode_000025_seed_1225.npz","920264","1df95ffc988b37322abcfd1af458995c5cb2c63a0813754357fc1d15b7af6cde"
"data/demos/kaggle_scale_place_red_cube_red_pad_medium_80_v1/episodes/episode_000026_seed_1226.npz","706567","a81e7b1b5017e4c9230755ded6369aa73240c4d3ad33ae3d7659a27cd07562ef"
"data/demos/kaggle_scale_place_red_cube_red_pad_medium_80_v1/episodes/episode_000027_seed_1227.npz","809450","bcafc4225e8d52c5acc1f3d1b1748af12cdb4689045b66442d5bb6490bda848e"
"data/demos/kaggle_scale_place_red_cube_red_pad_medium_80_v1/episodes/episode_000028_seed_1228.npz","822733","a9edf293cfefaf01ea95f59b96334d1eb2ea66ada58a35a66e93a852882a3fcb"
"data/demos/kaggle_scale_place_red_cube_red_pad_medium_80_v1/episodes/episode_000029_seed_1229.npz","841562","a542d022936b6dc4a0829315cddcbfb3d7ab87eea6e47333eeb7d012d058c75b"
"data/demos/kaggle_scale_place_red_cube_red_pad_medium_80_v1/episodes/episode_000030_seed_1230.npz","822023","0f5d63b72394bd812c06288ff7cd250416319db72760f7294498569d6d409d0a"
"data/demos/kaggle_scale_place_red_cube_red_pad_medium_80_v1/episodes/episode_000031_seed_1231.npz","783233","822d58be0ccb56e7a09120d2dca6408c00a7753e735f64783af7a93524135323"
"data/demos/kaggle_scale_place_red_cube_red_pad_medium_80_v1/episodes/episode_000032_seed_1232.npz","845837","3a7b8aa9287f86e3efd9297f0c15cd22f369ee73bcefaa4d384fc970d36a6085"
"data/demos/kaggle_scale_place_red_cube_red_pad_medium_80_v1/episodes/episode_000033_seed_1233.npz","838557","375f8e853f0b130865efcd9492546d920d3aaba89dae333ce117a488e02e75d0"
"data/demos/kaggle_scale_place_red_cube_red_pad_medium_80_v1/episodes/episode_000034_seed_1234.npz","866641","19373500006bc4f4ec40eb93df4c1f4d6d191d42b60d59f474af745dcb78ceef"
"data/demos/kaggle_scale_place_red_cube_red_pad_medium_80_v1/episodes/episode_000035_seed_1235.npz","729619","434c29b1ac4f98c59e2bf0396b4065d8cd85eabe9a625c6e69a138098b8b98ea"
"data/demos/kaggle_scale_place_red_cube_red_pad_medium_80_v1/episodes/episode_000036_seed_1236.npz","842087","d3fc49d4bf95f7ba220be623a5e7e16fa4b4f5a232aa165943510d33ca53f39d"
"data/demos/kaggle_scale_place_red_cube_red_pad_medium_80_v1/episodes/episode_000037_seed_1237.npz","767547","f6ac0e276c948f75dc8294f03b2a2936bc7f4bf9c6b6decf3003adfb380ad88e"
"data/demos/kaggle_scale_place_red_cube_red_pad_medium_80_v1/episodes/episode_000038_seed_1238.npz","817957","991ef068bd19ab426c0efc7e521cf5d6f1e2bccbd4c110e8b1abac039cd24beb"
"data/demos/kaggle_scale_place_red_cube_red_pad_medium_80_v1/episodes/episode_000039_seed_1239.npz","788333","f4adac95230dc00341abe709afabd9dedb302a65c6fd08f775fbe1eb60506bd2"
"data/demos/kaggle_scale_place_red_cube_red_pad_medium_80_v1/episodes/episode_000040_seed_1240.npz","878319","9175400accb8e7f624ad5363eae66754bbbdf125dee4fa75c8b320f8ef049f7f"
"data/demos/kaggle_scale_place_red_cube_red_pad_medium_80_v1/episodes/episode_000041_seed_1241.npz","836414","c5af89201a2d8058dd4c9c1ce737dfb24a93fe45448d8c805ece6dd8a3f842c7"
"data/demos/kaggle_scale_place_red_cube_red_pad_medium_80_v1/episodes/episode_000042_seed_1242.npz","942964","c24c7486e5854a972664f02403486eaa5c8889c1d4569c6fc301389a7395a95b"
"data/demos/kaggle_scale_place_red_cube_red_pad_medium_80_v1/episodes/episode_000043_seed_1243.npz","748526","150d11520b40305e3f8e905e6e94b5b6a81ff8ceaf3ac255687cf18f0f2bb86d"
"data/demos/kaggle_scale_place_red_cube_red_pad_medium_80_v1/episodes/episode_000044_seed_1244.npz","754333","9646e79968acb4256e95545a59096a2687c50fa120391aaabbab996a71f0b6e0"
"data/demos/kaggle_scale_place_red_cube_red_pad_medium_80_v1/episodes/episode_000045_seed_1245.npz","871830","e579fe2f5709f36e36fe0b5524d713a74720f2fd9c6cff0101c7865e54640168"
"data/demos/kaggle_scale_place_red_cube_red_pad_medium_80_v1/episodes/episode_000046_seed_1246.npz","851957","60635995a1af609d6e1197542ca9e49a65166d6efa729f608b10f39e159ec7fc"
"data/demos/kaggle_scale_place_red_cube_red_pad_medium_80_v1/episodes/episode_000047_seed_1247.npz","851650","7afd4d16e154bcc2d89f1820af32664c7dc8dcd19f7f587d8ec6fede61cd83ec"
"data/demos/kaggle_scale_place_red_cube_red_pad_medium_80_v1/episodes/episode_000048_seed_1248.npz","816005","52ed51397f3bec14cb517bf078871d780181517b7d28a4c3c81fa6c36efd0067"
"data/demos/kaggle_scale_place_red_cube_red_pad_medium_80_v1/episodes/episode_000049_seed_1249.npz","743252","a505d9820429a2c9b9300a495dd64baded5bcd08994a75cbd209029d482370e8"
"data/demos/kaggle_scale_place_red_cube_red_pad_medium_80_v1/episodes/episode_000050_seed_1250.npz","767497","885718e48984671c4ea1870ca15365cd77fbf35af81ed72cd425ad071f8f0896"
"data/demos/kaggle_scale_place_red_cube_red_pad_medium_80_v1/episodes/episode_000051_seed_1251.npz","786509","63c811c1c02457140b4ac6633edc6868c2f2186066a0d501fc05491810040f53"
"data/demos/kaggle_scale_place_red_cube_red_pad_medium_80_v1/episodes/episode_000052_seed_1252.npz","742774","7336724ec374a4f08ce7dc8ae6cff0b27b01b7a0f274d044aa46f7792aa79cc1"
"data/demos/kaggle_scale_place_red_cube_red_pad_medium_80_v1/episodes/episode_000053_seed_1253.npz","822662","4dc9e76bb3981f07051891f8bba2a2edb1fa56297e505eac340dbef0fa0fb508"
"data/demos/kaggle_scale_place_red_cube_red_pad_medium_80_v1/episodes/episode_000054_seed_1254.npz","855936","a42cc870864c1e9a2e4a74c74b37af80c31b02346d49533603c71aad5ec5786e"
"data/demos/kaggle_scale_place_red_cube_red_pad_medium_80_v1/episodes/episode_000055_seed_1255.npz","947496","e710f37eafa0350140b251aa1ce468be7ff39b304a0887b5fdee5b26ef0b2051"
"data/demos/kaggle_scale_place_red_cube_red_pad_medium_80_v1/episodes/episode_000056_seed_1256.npz","815827","54873dfab06161cab124951d1ffef1b5a37d137d39c4bec8952c63d64176785a"
"data/demos/kaggle_scale_place_red_cube_red_pad_medium_80_v1/episodes/episode_000057_seed_1257.npz","854794","0a499bd6dfbe8e53d71abeec77bbc9e01ee22cbec54d9a863174452999e3283d"
"data/demos/kaggle_scale_place_red_cube_red_pad_medium_80_v1/episodes/episode_000058_seed_1258.npz","826543","58ad432b215bfc4189c1b7eb64760eb73db6a4892430cec6234fb08470dbfc19"
"data/demos/kaggle_scale_place_red_cube_red_pad_medium_80_v1/episodes/episode_000059_seed_1259.npz","744854","f111f79b29790db6bb9e75f5d64c662e7f14f5a0053b32e8626ac0967a67e7bf"
"data/demos/kaggle_scale_place_red_cube_red_pad_medium_80_v1/episodes/episode_000060_seed_1260.npz","793294","fdfe32f8e33531c813030e3d5fcdeb93949c56cce73626373fb92c494a39f6f1"
"data/demos/kaggle_scale_place_red_cube_red_pad_medium_80_v1/episodes/episode_000061_seed_1261.npz","807614","ee838eb2debd3e6d322ae5ae626134017884961b2de5a70c85c4dde854a9aa0d"
"data/demos/kaggle_scale_place_red_cube_red_pad_medium_80_v1/episodes/episode_000062_seed_1262.npz","781831","d88544843cadbcddd5562495282a6bf06ffa72e2136eebdab02bd64232d78f05"
"data/demos/kaggle_scale_place_red_cube_red_pad_medium_80_v1/episodes/episode_000063_seed_1263.npz","833912","9001b45677778446cf6a4a2ca428345fdcab51c0585dbe513112b8f478b06680"
"data/demos/kaggle_scale_place_red_cube_red_pad_medium_80_v1/episodes/episode_000064_seed_1264.npz","782564","462c9f5e2f8e500aaade563890f68c26a05420a27123166eab16d748e1830f2b"
"data/demos/kaggle_scale_place_red_cube_red_pad_medium_80_v1/episodes/episode_000065_seed_1265.npz","852627","826dda4e70f767f1db73bb81693d0b88bfc773fb4b800ef4fc9e7ed28f3dd31a"
"data/demos/kaggle_scale_place_red_cube_red_pad_medium_80_v1/episodes/episode_000066_seed_1266.npz","781335","eb48c4587a59f3a006d10e018b56cde1f272c488d566a32177a9f6c3bde77b23"
"data/demos/kaggle_scale_place_red_cube_red_pad_medium_80_v1/episodes/episode_000067_seed_1267.npz","785873","b59389385b9c020513115d247527618ea5849659aa2659ea83730f4b3f6f1397"
"data/demos/kaggle_scale_place_red_cube_red_pad_medium_80_v1/episodes/episode_000068_seed_1268.npz","739167","78517f82d52d67720599867f17216ff2d82d05eb7b67980951b2fe089073e64e"
"data/demos/kaggle_scale_place_red_cube_red_pad_medium_80_v1/episodes/episode_000069_seed_1269.npz","897793","4d7ddaffb2470188f11e5e8fe4473cf4c94e23bfaa6f2b25e585e41d05f471e4"
"data/demos/kaggle_scale_place_red_cube_red_pad_medium_80_v1/episodes/episode_000070_seed_1270.npz","737573","b251e89d8d0fdb6be6dd73fd1c5fbc490bdc21cf9b43f947bc1508a992137541"
"data/demos/kaggle_scale_place_red_cube_red_pad_medium_80_v1/episodes/episode_000071_seed_1271.npz","814363","92b78ed804523d73d2fb11b32bff58dc2a8f406be6d45d62ad9aa90fe1e20449"
"data/demos/kaggle_scale_place_red_cube_red_pad_medium_80_v1/episodes/episode_000072_seed_1272.npz","777888","0d9c7c5f8146b486324b1581496d3664c5275cb05124ea20aa12a4f1df931090"
"data/demos/kaggle_scale_place_red_cube_red_pad_medium_80_v1/episodes/episode_000073_seed_1273.npz","785418","6bec743b6aa4e2435b3d581a281815aba72b8084e48a70af0c3678bf58ba9552"
"data/demos/kaggle_scale_place_red_cube_red_pad_medium_80_v1/episodes/episode_000074_seed_1274.npz","850649","3b3cb9cd2019018113cb01b75ccc32b2982a7600167caeaa18990308d69a5de6"
"data/demos/kaggle_scale_place_red_cube_red_pad_medium_80_v1/episodes/episode_000075_seed_1275.npz","854542","4508fdb4b3562e3710c4f7c110efee4dbef36e8e1ffd8b94e17a5c8248a2ce11"
"data/demos/kaggle_scale_place_red_cube_red_pad_medium_80_v1/episodes/episode_000076_seed_1276.npz","853877","d56e8e3ecd9a6cbd4b6a19dbc47174c2943701caca1ee243e180a84ba3dfc6bb"
"data/demos/kaggle_scale_place_red_cube_red_pad_medium_80_v1/episodes/episode_000077_seed_1277.npz","740175","fd1db36c70ba77a243e4d774684bcd142de4180d38c9d49b2b646605510c00e1"
"data/demos/kaggle_scale_place_red_cube_red_pad_medium_80_v1/episodes/episode_000078_seed_1278.npz","840910","4886990684d461cc1c1aa91fe19d95db079a84974af1d6142411a89437d2a885"
"data/demos/kaggle_scale_place_red_cube_red_pad_medium_80_v1/episodes/episode_000079_seed_1279.npz","761714","4ad632921ec643270b1a299a12c1818400f9a0e5fb9974718bbceb46c96ce35c"
"data/demos/kaggle_scale_place_red_cube_red_pad_medium_80_v1/metadata.jsonl","129499","28e264d4f00fe2dd2086aca411e8f2bc7a595453b7967384532288ed8ffe0151"
"data/demos/kaggle_scale_place_red_cube_red_pad_medium_80_v1/summary.json","102","147265463e3ea6e30a67daa7045dacaf05cbd1e36a5bbf3644cf453cb12e8d42"
"data/demos/move_leftmost_to_bowl_language_multitask_v1/episodes/episode_000000_seed_300.npz","734730","a820a53cd225a82314b04392be70376a1fd62d98574e67a938967ef354b1960f"
"data/demos/move_leftmost_to_bowl_language_multitask_v1/episodes/episode_000001_seed_301.npz","1730272","9570541f033d987cf877c6f0b9e769fa58330fa2669cfae9e08b74187f0f0e5d"
"data/demos/move_leftmost_to_bowl_language_multitask_v1/episodes/episode_000002_seed_302.npz","1594326","9c96b59c5dfc30d78731d10e2b42a39626c16472fa20b36ed9b851098835a869"
"data/demos/move_leftmost_to_bowl_language_multitask_v1/episodes/episode_000003_seed_303.npz","1450776","f4e364d4dbf06b450f505f65093ae582352bd775a5ed624593f69aab8deb926f"
"data/demos/move_leftmost_to_bowl_language_multitask_v1/episodes/episode_000004_seed_304.npz","822293","ffc6c5c0c5d597cf20207885122601ce78a682504bce84c58cafe1d0d3911a5e"
"data/demos/move_leftmost_to_bowl_language_multitask_v1/episodes/episode_000005_seed_305.npz","828787","7dafb24e93f25bde8aa7920a47973abf041bf54987b7182908791c5b6e0361a6"
"data/demos/move_leftmost_to_bowl_language_multitask_v1/episodes/episode_000006_seed_306.npz","2246644","585858d9dc703457ac348334b3f69dbeb1f219e7155d8186b2172efaef935417"
"data/demos/move_leftmost_to_bowl_language_multitask_v1/episodes/episode_000007_seed_307.npz","752607","22900dd3fd7e660bc30650c121dd84fdae26c1a88753a27766c141c8b43912d5"
"data/demos/move_leftmost_to_bowl_language_multitask_v1/episodes/episode_000008_seed_308.npz","846038","6960d29615b7cec08ff5e4d54a7a311beb34e6e262473392396a690ef21ea9a9"
"data/demos/move_leftmost_to_bowl_language_multitask_v1/episodes/episode_000009_seed_309.npz","791033","7eba3f3c0452f2d25f3fc9f79aa82882f47d9f2849f92d10a5058e0cc2448933"
"data/demos/move_leftmost_to_bowl_language_multitask_v1/episodes/episode_000010_seed_310.npz","837113","bd72aba865fbbbea56fd49bb213a437685ba3c1ba27c849a8abeaf0a47e0bd0a"
"data/demos/move_leftmost_to_bowl_language_multitask_v1/episodes/episode_000011_seed_311.npz","886781","61d90bf970692d3a4f3c8a41c883c5fbedf21f200280bdb3811d202216dd1222"
"data/demos/move_leftmost_to_bowl_language_multitask_v1/episodes/episode_000012_seed_312.npz","830852","a7990c8cba2ea804fe609e78ff5bf14317fc8b385fa66d8d2827db80bf2a90c1"
"data/demos/move_leftmost_to_bowl_language_multitask_v1/episodes/episode_000013_seed_313.npz","764599","41f63d40941773a9058e008f4754305fa411fd62fc949b3a20b99f62eb28bc6a"
"data/demos/move_leftmost_to_bowl_language_multitask_v1/episodes/episode_000014_seed_314.npz","817144","9110742133b3faab5fb77ac929d91ea7af9f74838bc9d97104bbb3dbd1ebbdb1"
"data/demos/move_leftmost_to_bowl_language_multitask_v1/episodes/episode_000015_seed_315.npz","804393","17fb5bd9d584b30280658919ecb442057281eaf02aa1ab21c9ec02d65a6dbd1a"
"data/demos/move_leftmost_to_bowl_language_multitask_v1/episodes/episode_000016_seed_316.npz","785141","ee3cbdea0e0efdede23309a5ff769a2ef247001807580b40fe74d9464d8a1cd0"
"data/demos/move_leftmost_to_bowl_language_multitask_v1/episodes/episode_000017_seed_317.npz","879369","ddd48c3431d5169140256a4d72a9cf6bc5e8e4b8c3b33a880e14d68b4991c7ff"
"data/demos/move_leftmost_to_bowl_language_multitask_v1/episodes/episode_000018_seed_318.npz","785414","e779cf3ebcc5c0d6cdc6dacf393e7225d4992f813dba0d654000bda276992e02"
"data/demos/move_leftmost_to_bowl_language_multitask_v1/episodes/episode_000019_seed_319.npz","836262","20a7ec83461721eb8d0dacbecf3eb5a5edcd775a5467a4bb8ef3dea573b3c4f8"
"data/demos/move_leftmost_to_bowl_language_multitask_v1/metadata.jsonl","26529","aab65e1c2c571bd6e3e75797fbda2d96adcec5f916427ad6fc49f49b7ece1da6"
"data/demos/move_leftmost_to_bowl_language_multitask_v1/summary.json","99","e0b9ce3134b30fc71b911ecbde237ce6a7946ce04c64d1fa59d5d30b3f5ce5d6"
"data/demos/move_leftmost_to_bowl_language_multitask_v2/episodes/episode_000000_seed_400.npz","752346","8112f0c9151c4e248d2d7e335656ac3d03209f01287e80d9d2a73c2ae09a211e"
"data/demos/move_leftmost_to_bowl_language_multitask_v2/episodes/episode_000001_seed_401.npz","906278","379cc146360fb16a6334cca91163e9d186ef59aa7b6ba924166c8409c7a5727d"
"data/demos/move_leftmost_to_bowl_language_multitask_v2/episodes/episode_000002_seed_402.npz","1620048","2844415be81f8883f07cf4c451a50794cf20a893eb70cdb633cfa70f77d3b1b3"
"data/demos/move_leftmost_to_bowl_language_multitask_v2/episodes/episode_000003_seed_403.npz","809710","36e0368e72003effdaa4f9a9ef66a109b4fb7b7061aa573e5a45fe2751cf6232"
"data/demos/move_leftmost_to_bowl_language_multitask_v2/episodes/episode_000004_seed_404.npz","737824","bf00f55b27ec88aca5cd314c65ac08fa466f18223aa2f4be686b8a172f066739"
"data/demos/move_leftmost_to_bowl_language_multitask_v2/episodes/episode_000005_seed_405.npz","970222","2f6585e7174797d91b28d79f6b80bdb469d422b2bb23293fe07ab5c6c1d3ee02"
"data/demos/move_leftmost_to_bowl_language_multitask_v2/episodes/episode_000006_seed_406.npz","1389971","cdb28d4eee1e4323acb4d122811e74ea9560ae66647507fc7bed5439f903f140"
"data/demos/move_leftmost_to_bowl_language_multitask_v2/episodes/episode_000007_seed_407.npz","909260","07c3d30566317f41fc6f620a49e72d79c2830bc25ccf4ea2a21827d6430f816b"
"data/demos/move_leftmost_to_bowl_language_multitask_v2/episodes/episode_000008_seed_408.npz","811949","c42b8a735fb12483803818d7049ad3d5c627cc15a9c4976642bb06c8fc847c84"
"data/demos/move_leftmost_to_bowl_language_multitask_v2/episodes/episode_000009_seed_409.npz","889947","5716f1fc2282ac45e452a0c1d3ff846f604d1ee934f1ef9b8adab7d379c01b3d"
"data/demos/move_leftmost_to_bowl_language_multitask_v2/episodes/episode_000010_seed_410.npz","778994","5e453f0027d1b33f2791146c5114d7c8137c4cca1dc176496f5d79ec0f30d176"
"data/demos/move_leftmost_to_bowl_language_multitask_v2/episodes/episode_000011_seed_411.npz","794520","5a94e86f52c2afd8da1bbd54ad2da62875b8e495a32e0af641e3df284e29aec4"
"data/demos/move_leftmost_to_bowl_language_multitask_v2/episodes/episode_000012_seed_412.npz","814757","df2538d81b7d322222c36829a88a1a8ffa1f7771d9bb046ca7e1cee998d97260"
"data/demos/move_leftmost_to_bowl_language_multitask_v2/episodes/episode_000013_seed_413.npz","830234","f722b463c24d594964b00994e87b3ab75dbed504fc9dc7a66fde6f645b90848d"
"data/demos/move_leftmost_to_bowl_language_multitask_v2/episodes/episode_000014_seed_414.npz","779937","c04c7c28730976082f7c852c526f52874cd5b4289a3737592f0cfb85ea1fbf59"
"data/demos/move_leftmost_to_bowl_language_multitask_v2/episodes/episode_000015_seed_415.npz","826554","d30af6f8dc6c94ea6ad09d93f7a1a1897d3c0d1575080660528da99a67090f98"
"data/demos/move_leftmost_to_bowl_language_multitask_v2/episodes/episode_000016_seed_416.npz","1575398","02801646ee8f61a02b1a90bf118bbecefb6a2a85807bd2b398ae7feeeace118b"
"data/demos/move_leftmost_to_bowl_language_multitask_v2/episodes/episode_000017_seed_417.npz","814503","6f8e132052e8209de2d0d70453b646bc84c2c70ccc6b627cc34664bbd6d8d802"
"data/demos/move_leftmost_to_bowl_language_multitask_v2/episodes/episode_000018_seed_418.npz","1555685","7659e60c0ddcd3a66476c9f8d9acf3a56aed8193c2d2e829d60475ea17629f5b"
"data/demos/move_leftmost_to_bowl_language_multitask_v2/episodes/episode_000019_seed_419.npz","887342","d6a9e659e54467cf0a2a7993c553461204e2df09b0c9ed8c1b412cc5b5c52375"
"data/demos/move_leftmost_to_bowl_language_multitask_v2/episodes/episode_000020_seed_420.npz","756359","7844547c619bfc290f9c53e5f9d5d2938c8cec8bd26ce74b9895c775f18fca87"
"data/demos/move_leftmost_to_bowl_language_multitask_v2/episodes/episode_000021_seed_421.npz","2338760","8335b9049a1adc080d54274750b189832744d05d55d6dd7a4c6463a3b71ceae0"
"data/demos/move_leftmost_to_bowl_language_multitask_v2/episodes/episode_000022_seed_422.npz","2030664","992627f129d68e7b08ef24701d7f9fb3462909061eafc40006db65d7da3a437d"
"data/demos/move_leftmost_to_bowl_language_multitask_v2/episodes/episode_000023_seed_423.npz","732907","b6386af1f4a835992cc11b615b2a24abb887034c93cb8ff1e47cb91ccd401f27"
"data/demos/move_leftmost_to_bowl_language_multitask_v2/episodes/episode_000024_seed_424.npz","800327","f7b6a5b3c9f5eb3d33f1c9abade1e9fd96ca2438c6b71d8f34c6a9e6c0237d02"
"data/demos/move_leftmost_to_bowl_language_multitask_v2/episodes/episode_000025_seed_425.npz","822697","7ffd70d82cfdd134badeb84aaececa915b1128f113430883c37dc74cf6012fef"
"data/demos/move_leftmost_to_bowl_language_multitask_v2/episodes/episode_000026_seed_426.npz","804206","c9be182953d01a60d13aafb96d5e42e6aab54a07d17a747f7bbb08ca656d68ec"
"data/demos/move_leftmost_to_bowl_language_multitask_v2/episodes/episode_000027_seed_427.npz","810180","bfac4a54298968143e162663b8d3212cf30fa0afb34b16a82130d35938788abc"
"data/demos/move_leftmost_to_bowl_language_multitask_v2/episodes/episode_000028_seed_428.npz","793509","5bcaddd7333d70d21af4578e484d1ae3500a4a19241be2947b26a6b5b5fc6ecd"
"data/demos/move_leftmost_to_bowl_language_multitask_v2/episodes/episode_000029_seed_429.npz","833884","f6ff9e50e0b38a0ade3716cd6885ac0f34e384ca4256b1d8977cc7745a9448b0"
"data/demos/move_leftmost_to_bowl_language_multitask_v2/episodes/episode_000030_seed_430.npz","1388537","6d96c5d04aa81aab6f4ceae082e00086b43a0bdf8f2e99f0336bde5f1d356c55"
"data/demos/move_leftmost_to_bowl_language_multitask_v2/episodes/episode_000031_seed_431.npz","1363451","2ea25b203a05fbeeedee5744f2c9b71665ffa45a4ad71151ab7e7fcc0178071d"
"data/demos/move_leftmost_to_bowl_language_multitask_v2/episodes/episode_000032_seed_432.npz","814189","c8be9f7aec8588b83865efb9313861dd63d11de5358c0a992efe1924935450ec"
"data/demos/move_leftmost_to_bowl_language_multitask_v2/episodes/episode_000033_seed_433.npz","1931137","41086cc688f5c8d253678346b1c9787ca1889cb8ac21f7ac9e2815e4b15fffc5"
"data/demos/move_leftmost_to_bowl_language_multitask_v2/episodes/episode_000034_seed_434.npz","2099796","43e6d0e6dd2f01c32cea15820f213ecab4098ecc28aca9dbf18067ed1f674455"
"data/demos/move_leftmost_to_bowl_language_multitask_v2/episodes/episode_000035_seed_435.npz","759086","1f71064531fe2e85c8f62bc4d3d8a907684b9488cfe20fc340231b8aab130705"
"data/demos/move_leftmost_to_bowl_language_multitask_v2/episodes/episode_000036_seed_436.npz","826667","5231e81123d8a508b80607b32c70f4694df3626d4df0ce356ea594200c00705c"
"data/demos/move_leftmost_to_bowl_language_multitask_v2/episodes/episode_000037_seed_437.npz","832388","ce7e1865e8ff2d26ccf2f961f3a512feba6ca3c39135eea143672fc0a8c00024"
"data/demos/move_leftmost_to_bowl_language_multitask_v2/episodes/episode_000038_seed_438.npz","2000604","9bd57266b8573a15904591d08e42c34b307431b23e5930705421248f3aeff70b"
"data/demos/move_leftmost_to_bowl_language_multitask_v2/episodes/episode_000039_seed_439.npz","845570","d230489085442b3ff4094ee52bcaf02a7c2aeb34d447e0518a19f335ec040c75"
"data/demos/move_leftmost_to_bowl_language_multitask_v2/episodes/episode_000040_seed_440.npz","760202","2ad0c8e8ef7aba71e09b1944b1bfd6ded3d9ff8460fac6fff15c1ebf31fbe96e"
"data/demos/move_leftmost_to_bowl_language_multitask_v2/episodes/episode_000041_seed_441.npz","801920","081db08f16513a12a79d74f6b28d7ae8f54902ad8f02ee39fe28e5543a6e8216"
"data/demos/move_leftmost_to_bowl_language_multitask_v2/episodes/episode_000042_seed_442.npz","895397","da55415b5db675c339b517c719e98a5c8313d01e4db1c0649016cbde101a4e8d"
"data/demos/move_leftmost_to_bowl_language_multitask_v2/episodes/episode_000043_seed_443.npz","1374814","140888234a1a7cee35bd10d5fe3e800c149279f47c1921faf37a745a97e4e80a"
"data/demos/move_leftmost_to_bowl_language_multitask_v2/episodes/episode_000044_seed_444.npz","726610","81f42e89bee321729f919ab851659b8bab1ddb45da870615ec2bf89aa5a277fc"
"data/demos/move_leftmost_to_bowl_language_multitask_v2/episodes/episode_000045_seed_445.npz","739177","a6c3a5846fb3a6ec9b98338bf641565601af37af468f264b631177d586927225"
"data/demos/move_leftmost_to_bowl_language_multitask_v2/episodes/episode_000046_seed_446.npz","928478","cc9722972ece844fb42f701d59550125923e3f3edd68e94b3a29cc11d88fb637"
"data/demos/move_leftmost_to_bowl_language_multitask_v2/episodes/episode_000047_seed_447.npz","792208","ee6fd84a27ca921d73982b93b55a2aad9863e62f7843379c23dc90c83167e92b"
"data/demos/move_leftmost_to_bowl_language_multitask_v2/episodes/episode_000048_seed_448.npz","759980","098f0f58fe11c724c0519f1024f048dc2b1db804c73fcd64d884f461a1465109"
"data/demos/move_leftmost_to_bowl_language_multitask_v2/episodes/episode_000049_seed_449.npz","733166","3675a260fdd528b42105a2bf477770804956ee213bb50035761d164242ea6c0b"
"data/demos/move_leftmost_to_bowl_language_multitask_v2/metadata.jsonl","66288","a8a562889da22632f4568ed4fc7fc16a6018f7a4f7113b68fcfcb6d642b4a603"
"data/demos/move_leftmost_to_bowl_language_multitask_v2/summary.json","100","e215e62b74440ddbd9b7b1cdbb38943a3c2d4c47ca3e8666ddb7365b7a220848"
"data/demos/place_blue_cube_blue_pad_medium_20260702_051752/episodes/episode_000000_seed_0.npz","812455","ad530468fc7dedbd968c6b11c782e9494febf61fb2f4e52ad1c7dd0ad7f25f7b"
"data/demos/place_blue_cube_blue_pad_medium_20260702_051752/episodes/episode_000001_seed_1.npz","809849","19a399486594673050d2eca764b67f8dd014262c74a8a9bb2914f008e8dd1318"
"data/demos/place_blue_cube_blue_pad_medium_20260702_051752/episodes/episode_000002_seed_2.npz","849881","7baf7cbe2c5a5cd4f103a1eb3447d12576706480152eb65cd367993c11162720"
"data/demos/place_blue_cube_blue_pad_medium_20260702_051752/episodes/episode_000003_seed_3.npz","777665","179435bbec87576c5139d2b52cce6c01968029bb3a4c7021f6bdcc9dbfd04492"
"data/demos/place_blue_cube_blue_pad_medium_20260702_051752/episodes/episode_000004_seed_4.npz","810069","7e07ff14b930642b0b4cc11eda5ae7952fc154835e8ebc3c068d6a410fe16c05"
"data/demos/place_blue_cube_blue_pad_medium_20260702_051752/episodes/episode_000005_seed_5.npz","799180","56663136435d13750a0523874024e3cbc353ee521d8da29a984ed07aedbf4bbc"
"data/demos/place_blue_cube_blue_pad_medium_20260702_051752/episodes/episode_000006_seed_6.npz","747141","c18309cbdd3b5fa732705e2b6e6ca5d240c7aa10976e4ae8a1178eede1cc4da6"
"data/demos/place_blue_cube_blue_pad_medium_20260702_051752/episodes/episode_000007_seed_7.npz","853450","3afddca952057539b746754e80efe99acd975dead200da9b0bf4a563dea91d85"
"data/demos/place_blue_cube_blue_pad_medium_20260702_051752/episodes/episode_000008_seed_8.npz","779240","750cbe843b2ae74ca6b26efbf66c1eca8b59322188426a24e3da21def47f528b"
"data/demos/place_blue_cube_blue_pad_medium_20260702_051752/episodes/episode_000009_seed_9.npz","857859","c051a90293beacd9e9bae1f3dad511b7f62cefcd534ac40313f6bd7754293a43"
"data/demos/place_blue_cube_blue_pad_medium_20260702_051752/episodes/episode_000010_seed_10.npz","846679","133b0be7d75e298a35dcc98b8f7c992573641de908eb7ce8e55d1060d7f1ab9d"
"data/demos/place_blue_cube_blue_pad_medium_20260702_051752/episodes/episode_000011_seed_11.npz","1546128","dcc0813649cc2c78eec93f64154e29ad489a90bde5797f2fe2978a64a21799e3"
"data/demos/place_blue_cube_blue_pad_medium_20260702_051752/episodes/episode_000012_seed_12.npz","820334","a858370a475635d17cce5625f22d713c29f9827c0c66acec349c8f5ad0c51d5c"
"data/demos/place_blue_cube_blue_pad_medium_20260702_051752/episodes/episode_000013_seed_13.npz","807791","da9f9ffeee59c7d7f6ecacae7a1562707f6550689c62d04ff7ccc0d35a0df7e1"
"data/demos/place_blue_cube_blue_pad_medium_20260702_051752/episodes/episode_000014_seed_14.npz","812929","b6f14855a942d75c83ef2e32e3717a51d16f3f6523a9f44f546c64bc7dfd66e5"
"data/demos/place_blue_cube_blue_pad_medium_20260702_051752/episodes/episode_000015_seed_15.npz","817802","919d1cc590eaaae06b23eb39d5981fe9ff70ed5a94f13f290ac00db2efdbe766"
"data/demos/place_blue_cube_blue_pad_medium_20260702_051752/episodes/episode_000016_seed_16.npz","1688664","dbcbf8d180936417021748981319608de49117cc9aa273d20e98f387b6da8927"
"data/demos/place_blue_cube_blue_pad_medium_20260702_051752/episodes/episode_000017_seed_17.npz","802049","8bff3d7721cda2d0e555cc10b76338b18f4af727bbbb91c4344a4ce34f09fba8"
"data/demos/place_blue_cube_blue_pad_medium_20260702_051752/episodes/episode_000018_seed_18.npz","808187","e0030b9336f715d6ac0e8f00898bc729b5c41a2fd87cee6854167a997ea90865"
"data/demos/place_blue_cube_blue_pad_medium_20260702_051752/episodes/episode_000019_seed_19.npz","752945","998d7a9623eabeb5fe812631dd43c6bb47aec2f22801bf6a8ae2bd452d052dde"
"data/demos/place_blue_cube_blue_pad_medium_20260702_051752/episodes/episode_000020_seed_20.npz","2225612","560b2914183a7eacbdfd3ac86ab915130e10b56053d1ef55dccb5b199754ad6b"
"data/demos/place_blue_cube_blue_pad_medium_20260702_051752/episodes/episode_000021_seed_21.npz","807442","690ea70605641797969b3b6ee52a3cfa42fa4d5cfc7c35e24e6efa3982e28bdb"
"data/demos/place_blue_cube_blue_pad_medium_20260702_051752/episodes/episode_000022_seed_22.npz","816462","b38313e62e06e8c4a86152880ebbf1e45a95cf00df6d9c8c56e88a8269746017"
"data/demos/place_blue_cube_blue_pad_medium_20260702_051752/episodes/episode_000023_seed_23.npz","853078","e90a946d9895c8ab57f5ab17c2b522d4ec883dc1a35e95a7b8febd4ac4e8a7bf"
"data/demos/place_blue_cube_blue_pad_medium_20260702_051752/episodes/episode_000024_seed_24.npz","836750","cbffb562bc3da67fb0bf8cb1a6379d8bb29937ba19773bc0233fd0561ce3e113"
"data/demos/place_blue_cube_blue_pad_medium_20260702_051752/episodes/episode_000025_seed_25.npz","2188530","b00803896cb94c33221ec158484ad3e5a23857bc748bf41cbeb20400b91be7e8"
"data/demos/place_blue_cube_blue_pad_medium_20260702_051752/episodes/episode_000026_seed_26.npz","848526","13a159affc9265fff162fc92a486fe866b41a4850cb15e65b89777d8b9088c77"
"data/demos/place_blue_cube_blue_pad_medium_20260702_051752/episodes/episode_000027_seed_27.npz","1555753","717a2c0df5855a5a28c9e5e5acda965f63e4d866324b46211a4f7dee89fb4cc8"
"data/demos/place_blue_cube_blue_pad_medium_20260702_051752/episodes/episode_000028_seed_28.npz","1795270","eb5cafa55db84e93d3e771762d1e25e1d19ac8dd9e08348cbebdc4cc6edde083"
"data/demos/place_blue_cube_blue_pad_medium_20260702_051752/episodes/episode_000029_seed_29.npz","832620","6f35c06a4a8dd7368cdb7e58e19e36b14958c46238db9ac60bcf158ba5457564"
"data/demos/place_blue_cube_blue_pad_medium_20260702_051752/episodes/episode_000030_seed_30.npz","900675","f3635bdbe1de30eb625615f26ecb93694dd5ca7da27f94932eb02a16e82dec34"
"data/demos/place_blue_cube_blue_pad_medium_20260702_051752/episodes/episode_000031_seed_31.npz","840766","c0cf567677eefe0bc14649d7c6a0690226c452a24d3daa815ce05363c3a5a997"
"data/demos/place_blue_cube_blue_pad_medium_20260702_051752/episodes/episode_000032_seed_32.npz","880270","d56479c93626c7690f185c1b583463764cca81133a0242fc1d198020b81075dd"
"data/demos/place_blue_cube_blue_pad_medium_20260702_051752/episodes/episode_000033_seed_33.npz","815807","c9c334d5790286a79a323750e5030380383329451de7173e0d0800222e5bebd4"
"data/demos/place_blue_cube_blue_pad_medium_20260702_051752/episodes/episode_000034_seed_34.npz","735407","8803f47c1750414f8e1c0b477ca02187b595388e3622800f935f81107a35b5e1"
"data/demos/place_blue_cube_blue_pad_medium_20260702_051752/episodes/episode_000035_seed_35.npz","789295","2e2fce6806a8b28f57418c0270cc7be4a5e872f5f83f526a77bd6359222e3522"
"data/demos/place_blue_cube_blue_pad_medium_20260702_051752/episodes/episode_000036_seed_36.npz","805200","3331e61a3f8a60e2e650a6d5b59a09dae457d05e5c483b3a93b6cb44d3077777"
"data/demos/place_blue_cube_blue_pad_medium_20260702_051752/episodes/episode_000037_seed_37.npz","922771","4ce480e951118c75e06eb32b37311c34ad9d98186ab69feb873aebdcaba635e2"
"data/demos/place_blue_cube_blue_pad_medium_20260702_051752/episodes/episode_000038_seed_38.npz","762349","dd8ce4df707f057aacb8c3bfebd600ef2231e992e4283052ecfa183cb478dbb1"
"data/demos/place_blue_cube_blue_pad_medium_20260702_051752/episodes/episode_000039_seed_39.npz","796212","60e5e6f65074f1eff9f145c20294b2cfbd0b0748d29b39f03266e7d1bdcedd28"
"data/demos/place_blue_cube_blue_pad_medium_20260702_051752/episodes/episode_000040_seed_40.npz","2115719","e711140b1560369db3374e40c810be4cb2550f0f6cca7114015005dc6973ace1"
"data/demos/place_blue_cube_blue_pad_medium_20260702_051752/episodes/episode_000041_seed_41.npz","735599","3852a7249ddb3684b80faa5e941bd42af5fcc14c0aadf6097113ea38741101a2"
"data/demos/place_blue_cube_blue_pad_medium_20260702_051752/episodes/episode_000042_seed_42.npz","846536","a4ac2d28c70f748b35b2d5cd11017d43aaa499e35121fa00ee9bba67dfebfba6"
"data/demos/place_blue_cube_blue_pad_medium_20260702_051752/episodes/episode_000043_seed_43.npz","775960","79de344ff5a941c140e23e5749a7bf2fae2cd3904af437a912cbb08347e79974"
"data/demos/place_blue_cube_blue_pad_medium_20260702_051752/episodes/episode_000044_seed_44.npz","796342","8b22bbcc117f6f9b9941c529a2391929034307511faa2e421f9dc5a8dc2357f9"
"data/demos/place_blue_cube_blue_pad_medium_20260702_051752/episodes/episode_000045_seed_45.npz","837272","2557a20686f5de76625b03f34d289f16bf041d25a2e819e772408dd8427195e5"
"data/demos/place_blue_cube_blue_pad_medium_20260702_051752/episodes/episode_000046_seed_46.npz","803817","9aaa2b7750f29552a796660701c26a241de045a8b8371871374532d0be0b3965"
"data/demos/place_blue_cube_blue_pad_medium_20260702_051752/episodes/episode_000047_seed_47.npz","1616788","3239e6c8311834827e33b54bf66224a937dcd66d6b6d9d1538eebfd5e6c3472f"
"data/demos/place_blue_cube_blue_pad_medium_20260702_051752/episodes/episode_000048_seed_48.npz","847559","767771835686613a18dc12817966905b54d0e4b48cd1a5c620a6a4ba794af37f"
"data/demos/place_blue_cube_blue_pad_medium_20260702_051752/episodes/episode_000049_seed_49.npz","905874","43ba7a9f590a4926396fbaaac43357b96e0c081be24cf5d33384b616319b2f67"
"data/demos/place_blue_cube_blue_pad_medium_20260702_051752/episodes/episode_000050_seed_50.npz","724660","7248599938968d1cb4460255921716081fb3e72a97944f6192d504058a01adec"
"data/demos/place_blue_cube_blue_pad_medium_20260702_051752/episodes/episode_000051_seed_51.npz","791434","8441ed6b9e3005334c65809a94090747c18b0753765319d131809a2c70e02d16"
"data/demos/place_blue_cube_blue_pad_medium_20260702_051752/episodes/episode_000052_seed_52.npz","1493277","7ad7ae9f849906e1889d6370bdd73f2454e0af67ec096876f0978af9ce602faf"
"data/demos/place_blue_cube_blue_pad_medium_20260702_051752/episodes/episode_000053_seed_53.npz","804506","7d6dec66790e0cf1f16b75e6f187ad7e60c098daee8f7d4ee40b1ac01fdad6e4"
"data/demos/place_blue_cube_blue_pad_medium_20260702_051752/episodes/episode_000054_seed_54.npz","816212","90f17fc81b1dedb62549fbab8b7dd3f0a6b78432bc071d03588fb462381c761f"
"data/demos/place_blue_cube_blue_pad_medium_20260702_051752/episodes/episode_000055_seed_55.npz","906079","266e1463844f35f028ade7936ce43096f9379694075b14a135f9eccf2a83b872"
"data/demos/place_blue_cube_blue_pad_medium_20260702_051752/episodes/episode_000056_seed_56.npz","856235","3ad2a69c76dc1699741fba368763f918fd39169220c9d3902c633ba3ade40716"
"data/demos/place_blue_cube_blue_pad_medium_20260702_051752/episodes/episode_000057_seed_57.npz","809812","be883114c938fe020437f601490a29bb5b7da70e8722c55df70ffd6c75db0967"
"data/demos/place_blue_cube_blue_pad_medium_20260702_051752/episodes/episode_000058_seed_58.npz","743394","cb7e152b59475919497a948f88440d359faf777d5ff3ce1ef1b2eeeda8c63783"
"data/demos/place_blue_cube_blue_pad_medium_20260702_051752/episodes/episode_000059_seed_59.npz","889440","7dcb0bb593b2350dd452f8b91970993a83a757d5b24d5b10b53e20a80cf8ef84"
"data/demos/place_blue_cube_blue_pad_medium_20260702_051752/episodes/episode_000060_seed_60.npz","2342059","bc7075e63b0c05040c95b8247e52c3f30f97917ea4101a6a7237ece591a0ad0c"
"data/demos/place_blue_cube_blue_pad_medium_20260702_051752/episodes/episode_000061_seed_61.npz","825942","a51451fdb9a681991b43df3e9d663d8b6dbb8e93da12e551560ab96566e3063d"
"data/demos/place_blue_cube_blue_pad_medium_20260702_051752/episodes/episode_000062_seed_62.npz","853052","83fa0bed8ee9f5e2ee24e17505030b5eb2bed2ff5e7883afc3515b0ff740049e"
"data/demos/place_blue_cube_blue_pad_medium_20260702_051752/episodes/episode_000063_seed_63.npz","866792","a3a2aecfba6b152c10262c08c0c45942f2b6eb5e1374de704b2789e775571728"
"data/demos/place_blue_cube_blue_pad_medium_20260702_051752/episodes/episode_000064_seed_64.npz","1593692","56bc9905d8c58e415ba86ef0b4c2fc8afb361d8733fd222f41cbd6d97851f870"
"data/demos/place_blue_cube_blue_pad_medium_20260702_051752/episodes/episode_000065_seed_65.npz","2199409","fe35e538dc1ff02ddeaa895214bbd4514a07c996ab1b557865c3c45be866cefc"
"data/demos/place_blue_cube_blue_pad_medium_20260702_051752/episodes/episode_000066_seed_66.npz","744364","8e0b2e4c4db10df4a9445fb8cf088ef23482ad36883c120238c34e0b7dc7aa5e"
"data/demos/place_blue_cube_blue_pad_medium_20260702_051752/episodes/episode_000067_seed_67.npz","896734","4077bbe88f3d3c4af6ab6f7e8bd403aaa7052426bbb55ddc93420da3dee642f1"
"data/demos/place_blue_cube_blue_pad_medium_20260702_051752/episodes/episode_000068_seed_68.npz","2334418","51293ed8ea2177bb6849eced8a572386e175491c03059eafaf3bd649d2786d3b"
"data/demos/place_blue_cube_blue_pad_medium_20260702_051752/episodes/episode_000069_seed_69.npz","1977027","2ff395c99d06440949182904206984ae369921ee42eee6350e0557ac339645dc"
"data/demos/place_blue_cube_blue_pad_medium_20260702_051752/episodes/episode_000070_seed_70.npz","861300","deb09cca53c88ee7c733d51357ead45ee7ef58102d6ef900e03aa03ca9423351"
"data/demos/place_blue_cube_blue_pad_medium_20260702_051752/episodes/episode_000071_seed_71.npz","847499","d7cd8d89e74946306acb14980e2f8d1a4e3aac1d65d9725f32365a489083d98d"
"data/demos/place_blue_cube_blue_pad_medium_20260702_051752/episodes/episode_000072_seed_72.npz","829958","5cd89d82443e1ac81fe632ee263583fb013433e5d643bf0c494078c941c351fb"
"data/demos/place_blue_cube_blue_pad_medium_20260702_051752/episodes/episode_000073_seed_73.npz","824759","de7f9539985e176b055ff7cf9fcf11d2a9485a22fbdc2f23e6c22fbac6ffe96c"
"data/demos/place_blue_cube_blue_pad_medium_20260702_051752/episodes/episode_000074_seed_74.npz","840675","8e46a18d4484ba15a7fc25ec402a5ffa6d7341a08fafa8711f6cf8987e2320fd"
"data/demos/place_blue_cube_blue_pad_medium_20260702_051752/episodes/episode_000075_seed_75.npz","1661885","1c472d096b6cacf1505750ecaa2240d5696e9957872edb4d23fe929a391a5e96"
"data/demos/place_blue_cube_blue_pad_medium_20260702_051752/episodes/episode_000076_seed_76.npz","795886","12e24fec81ebe6fcc2d8cc504764796e32d632eea81d1de8e26573ae05330af1"
"data/demos/place_blue_cube_blue_pad_medium_20260702_051752/episodes/episode_000077_seed_77.npz","936737","0af7c7b68f95067db8f91c7fac42b8dd94b47248cce9e7b7fe142ce54211249f"
"data/demos/place_blue_cube_blue_pad_medium_20260702_051752/episodes/episode_000078_seed_78.npz","799013","7cb97e2f9e247f9effd26c652d5c2f13ac569cdb55f419023375e4f9c68219e5"
"data/demos/place_blue_cube_blue_pad_medium_20260702_051752/episodes/episode_000079_seed_79.npz","792326","6c76802ffaddd4f65d152c0a57fa6b02eed4e27786890e247a962978798cc2a6"
"data/demos/place_blue_cube_blue_pad_medium_20260702_051752/episodes/episode_000080_seed_80.npz","851736","f08fdafe21a022fe27ad4a57156d95028d61a36328ecb35d8c7ae5e93e5e7b43"
"data/demos/place_blue_cube_blue_pad_medium_20260702_051752/episodes/episode_000081_seed_81.npz","737171","72e61c46a880d87038b7d5056952c4c82576380fcee9859d1f433c18c85c2a62"
"data/demos/place_blue_cube_blue_pad_medium_20260702_051752/episodes/episode_000082_seed_82.npz","849079","f5ca686706606378b48683a026bd0a88fbd79f865ac7e8b828ad1767b9d74317"
"data/demos/place_blue_cube_blue_pad_medium_20260702_051752/episodes/episode_000083_seed_83.npz","2381022","50588212c689214563ed9211303237625c968d54deb74545beb36607fd4d3dfb"
"data/demos/place_blue_cube_blue_pad_medium_20260702_051752/episodes/episode_000084_seed_84.npz","850400","7aeae1a685008818a9d0ee66a0bfe2a3213e20bfdbd8e92407be353044dea0d1"
"data/demos/place_blue_cube_blue_pad_medium_20260702_051752/episodes/episode_000085_seed_85.npz","2527583","b3f21c60e31e3e6e35904230fa6e81908944c86419bba02a747479dc61084caa"
"data/demos/place_blue_cube_blue_pad_medium_20260702_051752/episodes/episode_000086_seed_86.npz","854882","fb869e1d1e2165a13177e05744afd886fb0715c1bd199270becba29fd219ff53"
"data/demos/place_blue_cube_blue_pad_medium_20260702_051752/episodes/episode_000087_seed_87.npz","833803","18ecab42563387a3e56f87911998e3c213f6aa0ee90f3e91599f747e7e0b289a"
"data/demos/place_blue_cube_blue_pad_medium_20260702_051752/episodes/episode_000088_seed_88.npz","823429","1098e50c68b853f94f97477c5cefe5e932f0b2cc12f6ed4babc98ec0c431c2b5"
"data/demos/place_blue_cube_blue_pad_medium_20260702_051752/episodes/episode_000089_seed_89.npz","807583","8fc9241b66eb2f3b1f32a7c756099a91608084fd75d7b461e7624624d0f4c9be"
"data/demos/place_blue_cube_blue_pad_medium_20260702_051752/episodes/episode_000090_seed_90.npz","736001","ae7b39a87cf75a6de513ded925d91b41c296f2a1a40edfcaae322cf11d2467a6"
"data/demos/place_blue_cube_blue_pad_medium_20260702_051752/episodes/episode_000091_seed_91.npz","820984","4ddf3e1ba567c06516cbaf16409b932de1628171521fdd4e60fcc43ae480ddd2"
"data/demos/place_blue_cube_blue_pad_medium_20260702_051752/episodes/episode_000092_seed_92.npz","2299760","842994f28effab61027e96f42c7cf98dc521654ba49c3dba01b141511dc5c3c0"
"data/demos/place_blue_cube_blue_pad_medium_20260702_051752/episodes/episode_000093_seed_93.npz","1537321","f5ed42f0fb338f0cbccd96ead23baec789ff06b1eb5079cf43cbd1438f5db35e"
"data/demos/place_blue_cube_blue_pad_medium_20260702_051752/episodes/episode_000094_seed_94.npz","846889","0ccf3790ac7b7aa077569becae9e98cce2772014ba8a5a95f9c4661541ada6ad"
"data/demos/place_blue_cube_blue_pad_medium_20260702_051752/episodes/episode_000095_seed_95.npz","733521","bf6359f04d6476bc962cb9d60fed0dcb8ef8a704faed7a0c928749efb335ba7a"
"data/demos/place_blue_cube_blue_pad_medium_20260702_051752/episodes/episode_000096_seed_96.npz","849226","8fbf85b93042a8e12561555d002dee3024ba81a80dc5ec80b538769bd885cf29"
"data/demos/place_blue_cube_blue_pad_medium_20260702_051752/episodes/episode_000097_seed_97.npz","791018","92cc4a5d6cfdfc66248da8d62a9e7c5ada4b5e56e13cacaacbf8b2e840e90189"
"data/demos/place_blue_cube_blue_pad_medium_20260702_051752/episodes/episode_000098_seed_98.npz","1922180","4f525bd94e58dd228a0c5e4432c3a6065ff815b9c2ca282b0735e067773ab56b"
"data/demos/place_blue_cube_blue_pad_medium_20260702_051752/episodes/episode_000099_seed_99.npz","724700","c83c6485b0cd3a532d0a201fcb2b4067bd5e624c0a76b98537b42a1440a93fbf"
"data/demos/place_blue_cube_blue_pad_medium_20260702_051752/metadata.jsonl","126850","4a74047397a10b87b576c9619d852ed676be6c5655903a6c5c7e9532d1903e0a"
"data/demos/place_blue_cube_blue_pad_medium_20260702_051752/summary.json","101","2d8b27604a13696b47cc668cbd35da3d4c05e22fe884be082a6596cd169d7ddb"
"data/demos/place_blue_cube_red_pad_medium_20260702_031844/episodes/episode_000000_seed_0.npz","582827","922f5c6af7d7943cd4298be0726ff141c063ee19b107a7d2c3c851f6956276ee"
"data/demos/place_blue_cube_red_pad_medium_20260702_031844/episodes/episode_000001_seed_1.npz","575000","4062f277135793fb7b5bb5609ac888ead02b8f093661a8106ab37da878e49b1b"
"data/demos/place_blue_cube_red_pad_medium_20260702_031844/episodes/episode_000002_seed_2.npz","1688970","87e39b5dd144ff4c80e3af741585776c5e42b2ea3c493758d045be542eb3d4e8"
"data/demos/place_blue_cube_red_pad_medium_20260702_031844/episodes/episode_000003_seed_3.npz","555916","ebfc4317837d63ccdbe22140036a9f3b2132ab8182bffe01cab9ab7418a4744f"
"data/demos/place_blue_cube_red_pad_medium_20260702_031844/episodes/episode_000004_seed_4.npz","576199","6f469bf268af51f097537a8eec5bbb7d03adcbad7dbc979166871f8ca02d899f"
"data/demos/place_blue_cube_red_pad_medium_20260702_031844/metadata.jsonl","6322","9fda050ec771fd6a39255d49730aee7470abacc7da123c2a15b6cc6c1b23a607"
"data/demos/place_blue_cube_red_pad_medium_20260702_031844/summary.json","97","680bd73a601fa43078fbd522dd1aea85bf345c3d41694220fc6f14fa565c98d2"
"data/demos/place_blue_cube_red_pad_medium_20260702_033945/episodes/episode_000000_seed_0.npz","583792","988373b06e52a2b7fc296c8877bd7df773f0932b9b7adf9e2235af2a44e93912"
"data/demos/place_blue_cube_red_pad_medium_20260702_033945/episodes/episode_000001_seed_1.npz","575960","1d1c76f48646944f32ac11f055d6e54226db6d4ffeef00de3ff348965f28f1ef"
"data/demos/place_blue_cube_red_pad_medium_20260702_033945/episodes/episode_000002_seed_2.npz","1690697","b7ed3a0b23263b3bc5df3967379da0c3a679ee0c08c195ab0c8ff1e43366568f"
"data/demos/place_blue_cube_red_pad_medium_20260702_033945/episodes/episode_000003_seed_3.npz","556879","f599c9a4947c299210855b69af0795311bdac5ca8d55cfcae14a6b0fad7013e3"
"data/demos/place_blue_cube_red_pad_medium_20260702_033945/episodes/episode_000004_seed_4.npz","577165","07f55bbba40e78835241ff203d1bce6f9cb670ceec89d1d04bf3ca14ad08bed1"
"data/demos/place_blue_cube_red_pad_medium_20260702_033945/metadata.jsonl","6322","9fda050ec771fd6a39255d49730aee7470abacc7da123c2a15b6cc6c1b23a607"
"data/demos/place_blue_cube_red_pad_medium_20260702_033945/summary.json","97","680bd73a601fa43078fbd522dd1aea85bf345c3d41694220fc6f14fa565c98d2"
"data/demos/place_blue_cube_red_pad_medium_20260702_035110/episodes/episode_000000_seed_0.npz","584524","66cf7686b083cd51a058ef1b7bc1beedb21c9493d02d1afee3dcbe697de8b01b"
"data/demos/place_blue_cube_red_pad_medium_20260702_035110/episodes/episode_000001_seed_1.npz","576690","f08cf524fc1aefd91a8b1325b9f17cabd35a5236713d513ba7f72fb62a8b66f0"
"data/demos/place_blue_cube_red_pad_medium_20260702_035110/episodes/episode_000002_seed_2.npz","1691546","6aba5240af23daf9f9c527ba085906f63a4cd073ec21a1a2b720b6e944d97223"
"data/demos/place_blue_cube_red_pad_medium_20260702_035110/episodes/episode_000003_seed_3.npz","557610","d5a04dc7671a1a2495c4d500532d5b8d666bd37eede30e4b7c7d6e8d4e232e44"
"data/demos/place_blue_cube_red_pad_medium_20260702_035110/episodes/episode_000004_seed_4.npz","577897","b523b65747b28e9479bd370f8c61d9c32d57465e585263dcb6bfd8fe240f73c0"
"data/demos/place_blue_cube_red_pad_medium_20260702_035110/metadata.jsonl","6322","9fda050ec771fd6a39255d49730aee7470abacc7da123c2a15b6cc6c1b23a607"
"data/demos/place_blue_cube_red_pad_medium_20260702_035110/summary.json","97","680bd73a601fa43078fbd522dd1aea85bf345c3d41694220fc6f14fa565c98d2"
"data/demos/place_blue_cube_red_pad_medium_20260702_035939/episodes/episode_000000_seed_0.npz","584205","c198115313cc275ea80da3ae106b87b82cf58e552cd326a934a75edafcf21ae6"
"data/demos/place_blue_cube_red_pad_medium_20260702_035939/episodes/episode_000001_seed_1.npz","576979","f5c5a31434c55be17afed53ed9485d21654b304f1104c9ecf566a0b01ff132da"
"data/demos/place_blue_cube_red_pad_medium_20260702_035939/episodes/episode_000002_seed_2.npz","1694956","ccdf565ee0b2a270a97b8220abd16e6a79933a8a6bc7d408d4a0e9e6963276f9"
"data/demos/place_blue_cube_red_pad_medium_20260702_035939/episodes/episode_000003_seed_3.npz","557223","5c2fd301297f760a6c9cfa711670e7e96be24e950e30d26bde9d258413fca287"
"data/demos/place_blue_cube_red_pad_medium_20260702_035939/episodes/episode_000004_seed_4.npz","577519","6c93056d90eca3cd16b2cc6e05f144d45730262178ecca26ce2b2e280faa2cc0"
"data/demos/place_blue_cube_red_pad_medium_20260702_035939/metadata.jsonl","6321","d777ff7c7b22fdf96430e0680e55ff4b9eb056f5968a8083cd3144e072474605"
"data/demos/place_blue_cube_red_pad_medium_20260702_035939/summary.json","97","680bd73a601fa43078fbd522dd1aea85bf345c3d41694220fc6f14fa565c98d2"
"data/demos/place_blue_cube_red_pad_medium_20260702_045346/episodes/episode_000000_seed_0.npz","821943","f4b7b06158845cafb1d91b1a05e7a5f05b598041e6aba48728f82ce73b7a076f"
"data/demos/place_blue_cube_red_pad_medium_20260702_045346/episodes/episode_000001_seed_1.npz","807676","caef8141287ac6ec9a817da60843671fbc70db0df4fa625d6e31126993982233"
"data/demos/place_blue_cube_red_pad_medium_20260702_045346/episodes/episode_000002_seed_2.npz","853184","ac8d01f8842634e613939343656461edb5c80ab2809b5ff2581f85c9578bdc46"
"data/demos/place_blue_cube_red_pad_medium_20260702_045346/episodes/episode_000003_seed_3.npz","780576","3dbb9102e83b0b27d10df4c847928ed57969358f27a3fcdd28a2941d6830b8bc"
"data/demos/place_blue_cube_red_pad_medium_20260702_045346/episodes/episode_000004_seed_4.npz","806494","6bb7c3824582582a978fd8c661e62a5c4257e0922b60218b185a7d32e1e501ed"
"data/demos/place_blue_cube_red_pad_medium_20260702_045346/episodes/episode_000005_seed_5.npz","796648","e2e38af1da346c1fc576f778f6bd7d0761d10eeccab06f35d25aa4f1611c8257"
"data/demos/place_blue_cube_red_pad_medium_20260702_045346/episodes/episode_000006_seed_6.npz","762499","217f703e572dde847c13f78240b892f83cad6f820e2f2edeb0bbac38415de164"
"data/demos/place_blue_cube_red_pad_medium_20260702_045346/episodes/episode_000007_seed_7.npz","853373","a61e13a55932c3dd5abd08a6faa7b3ce74514bac73f8ba0b409b8dc6feda3b33"
"data/demos/place_blue_cube_red_pad_medium_20260702_045346/episodes/episode_000008_seed_8.npz","778496","db6a0f96ca1620d8a27b39bb0a999627ccf066662aab8ba189e9761c23bef12e"
"data/demos/place_blue_cube_red_pad_medium_20260702_045346/episodes/episode_000009_seed_9.npz","883597","496a7f2e8d603d119c3fff70b294da1cc04c82f18b444cac53efd6c1142387ff"
"data/demos/place_blue_cube_red_pad_medium_20260702_045346/episodes/episode_000010_seed_10.npz","814393","98810a8410061133901e0c605adad066fde064dd66e901a616798edc0096a8cd"
"data/demos/place_blue_cube_red_pad_medium_20260702_045346/episodes/episode_000011_seed_11.npz","1544374","09379b5d186701549caa9961ae86c79c0098653040a6e01d0a8e92c395b4e72a"
"data/demos/place_blue_cube_red_pad_medium_20260702_045346/episodes/episode_000012_seed_12.npz","817717","4fe6f9c4732e365dccb0de732998351890df63d156a8b02e9b955c797ad29817"
"data/demos/place_blue_cube_red_pad_medium_20260702_045346/episodes/episode_000013_seed_13.npz","805579","061c4b1205c1b7b671c0f7e60682e8b8c880ada81727a5e43078de840157be20"
"data/demos/place_blue_cube_red_pad_medium_20260702_045346/episodes/episode_000014_seed_14.npz","816900","8b1149b7c40eecc118bf6ae6dcaeeb7362ff619a7ef7e1c1f50ba84f9f17449f"
"data/demos/place_blue_cube_red_pad_medium_20260702_045346/episodes/episode_000015_seed_15.npz","817721","dbc052c91035cab545a7cfb90288fa7c023e602bd731d43dee212b9979bcd6cf"
"data/demos/place_blue_cube_red_pad_medium_20260702_045346/episodes/episode_000016_seed_16.npz","1694974","a9877c1abb2de1d8f324be86a24e5b07261e1e4835d994c80000b6d849d8d104"
"data/demos/place_blue_cube_red_pad_medium_20260702_045346/episodes/episode_000017_seed_17.npz","806274","d96f11a80cb586df9a4d1f8bda5126ce998c640c09b5358556790d33eba478b1"
"data/demos/place_blue_cube_red_pad_medium_20260702_045346/episodes/episode_000018_seed_18.npz","810292","9cb5cc916787928d63e3c7903f43a96fe2fd0965b1a4489d1afda92bcc527958"
"data/demos/place_blue_cube_red_pad_medium_20260702_045346/episodes/episode_000019_seed_19.npz","760962","60f9d2054a1ed5f1d1e395e9ffb9f075eb5df1d127839972a1d44aed20b5c0d0"
"data/demos/place_blue_cube_red_pad_medium_20260702_045346/episodes/episode_000020_seed_20.npz","2200168","f1e729a2d4d561b05d8a62e1e922c7a42e121b890b2db576cee61c8e32fc1b0b"
"data/demos/place_blue_cube_red_pad_medium_20260702_045346/episodes/episode_000021_seed_21.npz","805506","eccc1d6d14b25b1d42ddda1c3b0b664c8d392cca9779f86adeee509f7ab51c63"
"data/demos/place_blue_cube_red_pad_medium_20260702_045346/episodes/episode_000022_seed_22.npz","793785","417fd80cb5e768c9c33027724c724b3380b6782cb27cbbd5f2014ac74b46cc0f"
"data/demos/place_blue_cube_red_pad_medium_20260702_045346/episodes/episode_000023_seed_23.npz","856322","87cff4495d228022fb7b10b421a5713ab88dd7f3dedbf86b4980195b207e5cd0"
"data/demos/place_blue_cube_red_pad_medium_20260702_045346/episodes/episode_000024_seed_24.npz","852472","6b5f6a7d7c437f89e31f77d1021a78600b36b23c1420e162c810f899815407dd"
"data/demos/place_blue_cube_red_pad_medium_20260702_045346/metadata.jsonl","31676","3fc56c1ec25ee1d9a235d4b212bd96ece9ef52d91b1d0d242900c98f0466ddc5"
"data/demos/place_blue_cube_red_pad_medium_20260702_045346/summary.json","100","cf64a394240bf3e0c42251d0e6421f78ea9005202941968a7715a02d64bf0d95"
"data/demos/place_blue_cube_red_pad_medium_20260702_050525/episodes/episode_000000_seed_0.npz","821943","f4b7b06158845cafb1d91b1a05e7a5f05b598041e6aba48728f82ce73b7a076f"
"data/demos/place_blue_cube_red_pad_medium_20260702_050525/episodes/episode_000001_seed_1.npz","807676","caef8141287ac6ec9a817da60843671fbc70db0df4fa625d6e31126993982233"
"data/demos/place_blue_cube_red_pad_medium_20260702_050525/episodes/episode_000002_seed_2.npz","853184","ac8d01f8842634e613939343656461edb5c80ab2809b5ff2581f85c9578bdc46"
"data/demos/place_blue_cube_red_pad_medium_20260702_050525/episodes/episode_000003_seed_3.npz","780576","3dbb9102e83b0b27d10df4c847928ed57969358f27a3fcdd28a2941d6830b8bc"
"data/demos/place_blue_cube_red_pad_medium_20260702_050525/episodes/episode_000004_seed_4.npz","806494","6bb7c3824582582a978fd8c661e62a5c4257e0922b60218b185a7d32e1e501ed"
"data/demos/place_blue_cube_red_pad_medium_20260702_050525/episodes/episode_000005_seed_5.npz","796648","e2e38af1da346c1fc576f778f6bd7d0761d10eeccab06f35d25aa4f1611c8257"
"data/demos/place_blue_cube_red_pad_medium_20260702_050525/episodes/episode_000006_seed_6.npz","762499","217f703e572dde847c13f78240b892f83cad6f820e2f2edeb0bbac38415de164"
"data/demos/place_blue_cube_red_pad_medium_20260702_050525/episodes/episode_000007_seed_7.npz","853373","a61e13a55932c3dd5abd08a6faa7b3ce74514bac73f8ba0b409b8dc6feda3b33"
"data/demos/place_blue_cube_red_pad_medium_20260702_050525/episodes/episode_000008_seed_8.npz","778496","db6a0f96ca1620d8a27b39bb0a999627ccf066662aab8ba189e9761c23bef12e"
"data/demos/place_blue_cube_red_pad_medium_20260702_050525/episodes/episode_000009_seed_9.npz","883597","496a7f2e8d603d119c3fff70b294da1cc04c82f18b444cac53efd6c1142387ff"
"data/demos/place_blue_cube_red_pad_medium_20260702_050525/episodes/episode_000010_seed_10.npz","814393","98810a8410061133901e0c605adad066fde064dd66e901a616798edc0096a8cd"
"data/demos/place_blue_cube_red_pad_medium_20260702_050525/episodes/episode_000011_seed_11.npz","1544374","09379b5d186701549caa9961ae86c79c0098653040a6e01d0a8e92c395b4e72a"
"data/demos/place_blue_cube_red_pad_medium_20260702_050525/episodes/episode_000012_seed_12.npz","817717","4fe6f9c4732e365dccb0de732998351890df63d156a8b02e9b955c797ad29817"
"data/demos/place_blue_cube_red_pad_medium_20260702_050525/episodes/episode_000013_seed_13.npz","805579","061c4b1205c1b7b671c0f7e60682e8b8c880ada81727a5e43078de840157be20"
"data/demos/place_blue_cube_red_pad_medium_20260702_050525/episodes/episode_000014_seed_14.npz","816900","8b1149b7c40eecc118bf6ae6dcaeeb7362ff619a7ef7e1c1f50ba84f9f17449f"
"data/demos/place_blue_cube_red_pad_medium_20260702_050525/episodes/episode_000015_seed_15.npz","817721","dbc052c91035cab545a7cfb90288fa7c023e602bd731d43dee212b9979bcd6cf"
"data/demos/place_blue_cube_red_pad_medium_20260702_050525/episodes/episode_000016_seed_16.npz","1694974","a9877c1abb2de1d8f324be86a24e5b07261e1e4835d994c80000b6d849d8d104"
"data/demos/place_blue_cube_red_pad_medium_20260702_050525/episodes/episode_000017_seed_17.npz","806274","d96f11a80cb586df9a4d1f8bda5126ce998c640c09b5358556790d33eba478b1"
"data/demos/place_blue_cube_red_pad_medium_20260702_050525/episodes/episode_000018_seed_18.npz","810292","9cb5cc916787928d63e3c7903f43a96fe2fd0965b1a4489d1afda92bcc527958"
"data/demos/place_blue_cube_red_pad_medium_20260702_050525/episodes/episode_000019_seed_19.npz","760962","60f9d2054a1ed5f1d1e395e9ffb9f075eb5df1d127839972a1d44aed20b5c0d0"
"data/demos/place_blue_cube_red_pad_medium_20260702_050525/episodes/episode_000020_seed_20.npz","2200168","f1e729a2d4d561b05d8a62e1e922c7a42e121b890b2db576cee61c8e32fc1b0b"
"data/demos/place_blue_cube_red_pad_medium_20260702_050525/episodes/episode_000021_seed_21.npz","805506","eccc1d6d14b25b1d42ddda1c3b0b664c8d392cca9779f86adeee509f7ab51c63"
"data/demos/place_blue_cube_red_pad_medium_20260702_050525/episodes/episode_000022_seed_22.npz","793785","417fd80cb5e768c9c33027724c724b3380b6782cb27cbbd5f2014ac74b46cc0f"
"data/demos/place_blue_cube_red_pad_medium_20260702_050525/episodes/episode_000023_seed_23.npz","856322","87cff4495d228022fb7b10b421a5713ab88dd7f3dedbf86b4980195b207e5cd0"
"data/demos/place_blue_cube_red_pad_medium_20260702_050525/episodes/episode_000024_seed_24.npz","852472","6b5f6a7d7c437f89e31f77d1021a78600b36b23c1420e162c810f899815407dd"
"data/demos/place_blue_cube_red_pad_medium_20260702_050525/episodes/episode_000025_seed_25.npz","1494489","3f058bda8d04b440b173ae6316b3a59f7efda4c69f8d38191151663d439b2d95"
"data/demos/place_blue_cube_red_pad_medium_20260702_050525/episodes/episode_000026_seed_26.npz","849995","886b0c9e07510e73d5379c1189f84546e5bd7832995dfb2e1c2e069de2fe4f9c"
"data/demos/place_blue_cube_red_pad_medium_20260702_050525/episodes/episode_000027_seed_27.npz","1531715","87bb0e07d9eaa0e972bb8bdb39e19feda6b9e3ead29882a4356f16006242ecdb"
"data/demos/place_blue_cube_red_pad_medium_20260702_050525/episodes/episode_000028_seed_28.npz","1740270","6c501db3984bbd8772e6645c1feed2600d6f57b427bc6300e363ac9162b74c73"
"data/demos/place_blue_cube_red_pad_medium_20260702_050525/episodes/episode_000029_seed_29.npz","831470","328bbd34207859fc955dd3b841e5479c8a35ec7dc0afb89034d24898c61199cd"
"data/demos/place_blue_cube_red_pad_medium_20260702_050525/episodes/episode_000030_seed_30.npz","897865","7552bd258787e76165c6890e2a5e7a8769a44f881bf50a407e123fffc4fce979"
"data/demos/place_blue_cube_red_pad_medium_20260702_050525/episodes/episode_000031_seed_31.npz","847446","0ee435d5288aee7ec08fbc0fda68f065726ce00c89536fe2e1005af872ce32d2"
"data/demos/place_blue_cube_red_pad_medium_20260702_050525/episodes/episode_000032_seed_32.npz","855358","f14992c1cf2a526c2500d83ceee8969f537594d30aa562b63c56b0f9aa8b82fd"
"data/demos/place_blue_cube_red_pad_medium_20260702_050525/episodes/episode_000033_seed_33.npz","811497","7772719f724b8b0bc2b8fe01f3e22da4cf4a32f303211e34df78b3bd77114ed8"
"data/demos/place_blue_cube_red_pad_medium_20260702_050525/episodes/episode_000034_seed_34.npz","739333","b88d3b7963e20a1a3f24eae5ccda52467bbd9f04051ca4ede43d095a2c753792"
"data/demos/place_blue_cube_red_pad_medium_20260702_050525/episodes/episode_000035_seed_35.npz","786694","4df6a9f792bdeca950f13cd91b6f738fa6a25964dfd2eb729b03cd43c69be001"
"data/demos/place_blue_cube_red_pad_medium_20260702_050525/episodes/episode_000036_seed_36.npz","806617","fe9e5c4e91e27d92cb4b0dc64bde83a545d6f300acce772a3ed9e33f12fb3ee8"
"data/demos/place_blue_cube_red_pad_medium_20260702_050525/episodes/episode_000037_seed_37.npz","935288","fe7ef0cda25795a6ca23b1fc8c5f56692fd73ca840e16568ef69b322c19ff579"
"data/demos/place_blue_cube_red_pad_medium_20260702_050525/episodes/episode_000038_seed_38.npz","804063","2c6ee828ad2813338236165eb5795881654940cf259650120c4c0ecce86a34ba"
"data/demos/place_blue_cube_red_pad_medium_20260702_050525/episodes/episode_000039_seed_39.npz","798681","5b5621d11512f97f9ff974d3bec3fe4e492becdce8e6565e5e091bcbf8d74f79"
"data/demos/place_blue_cube_red_pad_medium_20260702_050525/episodes/episode_000040_seed_40.npz","1497495","68b83b674e8ad88bdb4524c8eaf529f9006a2419869631dffd9645ac55e3300d"
"data/demos/place_blue_cube_red_pad_medium_20260702_050525/episodes/episode_000041_seed_41.npz","763493","f2759cbeb5fd5261854bdeaf334033b6ea652bcbd8e260bad635febd1d66d58b"
"data/demos/place_blue_cube_red_pad_medium_20260702_050525/episodes/episode_000042_seed_42.npz","846751","2f95f63d2557f9d12f86cdf523755e3d732e814f0a4adab4f0a3e777d0fd6dd8"
"data/demos/place_blue_cube_red_pad_medium_20260702_050525/episodes/episode_000043_seed_43.npz","774837","b4b33b175294c7e1d0fd774d36a66e85c7d8856408a016a9ac8c7b74309af1a6"
"data/demos/place_blue_cube_red_pad_medium_20260702_050525/episodes/episode_000044_seed_44.npz","799025","6f8c3b080dcc9e81d1034f0867dcb409a18fea5b742cb6263c5b7b14bf57062b"
"data/demos/place_blue_cube_red_pad_medium_20260702_050525/episodes/episode_000045_seed_45.npz","836936","2f1f14bb70e3156d78f1483e9f54aeda4ad2449d4b131049ec3d2f64b7c63b5e"
"data/demos/place_blue_cube_red_pad_medium_20260702_050525/episodes/episode_000046_seed_46.npz","818025","81a67f201e4dfff90a0fb0c852ad3527faf000f6328196e5d6e2704e24672657"
"data/demos/place_blue_cube_red_pad_medium_20260702_050525/episodes/episode_000047_seed_47.npz","1617816","6a4e8479021451d9b253d43619ab6d23078e2cc26fc1e8e1ecc9e60afe7d3f1a"
"data/demos/place_blue_cube_red_pad_medium_20260702_050525/episodes/episode_000048_seed_48.npz","848162","d1c9297344db3edf0b13c6a4743aba19e4d3f92bf7a95814566d684b6bfa1b4a"
"data/demos/place_blue_cube_red_pad_medium_20260702_050525/episodes/episode_000049_seed_49.npz","906780","bf98ccd6254c302fff5155a56995558ddcc19814e0215820fac327be81f08b95"
"data/demos/place_blue_cube_red_pad_medium_20260702_050525/episodes/episode_000050_seed_50.npz","730935","9ff20bb0064e3cbcfb25621545ea06e9f52ab77fbe73626a1475e2ec27f491d3"
"data/demos/place_blue_cube_red_pad_medium_20260702_050525/episodes/episode_000051_seed_51.npz","791982","c640c336f19fc451fe8c80fa458d2321c91fa558eccf1eba169d15eaa46487d1"
"data/demos/place_blue_cube_red_pad_medium_20260702_050525/episodes/episode_000052_seed_52.npz","1495005","b68d6c05ea81a6aeca00c2e58ec4f640887892ac272a42c17c7c94b5b2f79117"
"data/demos/place_blue_cube_red_pad_medium_20260702_050525/episodes/episode_000053_seed_53.npz","807806","aa13ad873d10f9d5bc343428d26a852f38b16b7412a8b71389dc87b0ab0798d7"
"data/demos/place_blue_cube_red_pad_medium_20260702_050525/episodes/episode_000054_seed_54.npz","812464","fc37833e16588c9df6214b75dd429f9e50bd2e1eba01fe35cb72533f2d86f111"
"data/demos/place_blue_cube_red_pad_medium_20260702_050525/episodes/episode_000055_seed_55.npz","938582","4d33ebf17b4ca5e104ccb72fa67ff97160cb526b0d52d211c78c21f155ab0123"
"data/demos/place_blue_cube_red_pad_medium_20260702_050525/episodes/episode_000056_seed_56.npz","857758","2f71b51505b5b4d21db68ed401ac748831621f7074b55135d83c893f935d4988"
"data/demos/place_blue_cube_red_pad_medium_20260702_050525/episodes/episode_000057_seed_57.npz","809751","905abca2d4bf66947cae979fbe11b9598239cf8f3bc9d14afa5e779326c3716f"
"data/demos/place_blue_cube_red_pad_medium_20260702_050525/episodes/episode_000058_seed_58.npz","743082","a8615e87e897bf17cb0a6b96392c730da28b5bab5125b4f70eada074cfe64458"
"data/demos/place_blue_cube_red_pad_medium_20260702_050525/episodes/episode_000059_seed_59.npz","900588","b8b1427f7c84825f48743954dd56bf802d83552acddaa8930256e28360453bad"
"data/demos/place_blue_cube_red_pad_medium_20260702_050525/episodes/episode_000060_seed_60.npz","1499222","91df0600cc920f38b266638d175736d8389290e8d59281656a563b0421cd1027"
"data/demos/place_blue_cube_red_pad_medium_20260702_050525/episodes/episode_000061_seed_61.npz","815971","acd7fc29b8f11641e767e7989dcaa5006d7467e1128520d93f8f4142471b256a"
"data/demos/place_blue_cube_red_pad_medium_20260702_050525/episodes/episode_000062_seed_62.npz","852692","f31d4f19ba910dc18d75354b87b635285d87e88a6ba669c3631df23c12d09c64"
"data/demos/place_blue_cube_red_pad_medium_20260702_050525/episodes/episode_000063_seed_63.npz","866984","2d2e2c8dcf5730ea9f4db4d276d17820e06b5591533161aa83d5ed4a09761cd5"
"data/demos/place_blue_cube_red_pad_medium_20260702_050525/episodes/episode_000064_seed_64.npz","826678","30b2f1ba7301b44afbb0334fb9a0acf4f39afa1dcb8817fb0c98eda3fd22122c"
"data/demos/place_blue_cube_red_pad_medium_20260702_050525/episodes/episode_000065_seed_65.npz","2275511","6c378f99cdde0f4e31ba79001cbd4916230bc04b0f0749776ccdcc597a00bf42"
"data/demos/place_blue_cube_red_pad_medium_20260702_050525/episodes/episode_000066_seed_66.npz","736804","03bab93c70e20643884084d1520be9c82805ce73c9e0f61e422e4497544eace1"
"data/demos/place_blue_cube_red_pad_medium_20260702_050525/episodes/episode_000067_seed_67.npz","897149","f712b9228e7cc4c079822da95fbb07cca8f6e8dc928004201335acb742c36708"
"data/demos/place_blue_cube_red_pad_medium_20260702_050525/episodes/episode_000068_seed_68.npz","2338259","5ee4db43229c872fcca815a4d5044cab85f84daa1e0ff0d0d5c396530ea61118"
"data/demos/place_blue_cube_red_pad_medium_20260702_050525/episodes/episode_000069_seed_69.npz","1910733","e97ab142b3b30d05507ec251578ed7b4d14827a4cbe10755457762507cd587c9"
"data/demos/place_blue_cube_red_pad_medium_20260702_050525/episodes/episode_000070_seed_70.npz","857348","06dcccecdf6997d58a7bf8e04525451c467d05c80eaa793d3f5a30c5f3ae55ac"
"data/demos/place_blue_cube_red_pad_medium_20260702_050525/episodes/episode_000071_seed_71.npz","841058","7ca41e30fcac6372e109296f4818b109453b435cc2cc4857515bc19166cd1f00"
"data/demos/place_blue_cube_red_pad_medium_20260702_050525/episodes/episode_000072_seed_72.npz","831834","7b763b263fd5724ff02f58474b3f0cb8e37189ae24d55375e8262d8ea180b6ee"
"data/demos/place_blue_cube_red_pad_medium_20260702_050525/episodes/episode_000073_seed_73.npz","823528","6fc46876ad8109e1d38e30d2513a663be4ebc8f969c64e7c6db4f36957198399"
"data/demos/place_blue_cube_red_pad_medium_20260702_050525/episodes/episode_000074_seed_74.npz","811416","cfc559006d385410b1e4a29b6421e72d1b46f8e89c3962c2069c6d1be1c19621"
"data/demos/place_blue_cube_red_pad_medium_20260702_050525/episodes/episode_000075_seed_75.npz","1304038","efaaa5e140ba1594fc78102ea588f15a642dd70c9a97f7797207d60de3676905"
"data/demos/place_blue_cube_red_pad_medium_20260702_050525/episodes/episode_000076_seed_76.npz","793366","05a8ec419218cd91ee2100a80ac6e56aef4d59aac8e10d9694e7bac4aad1f7ff"
"data/demos/place_blue_cube_red_pad_medium_20260702_050525/episodes/episode_000077_seed_77.npz","936699","4e43e9f72ddc72666c8134e966f55ca7a9d638371f83e49f400d7845a320ee31"
"data/demos/place_blue_cube_red_pad_medium_20260702_050525/episodes/episode_000078_seed_78.npz","798782","3f1f712be3ca31e65b2a70738cb852d410cdc0880357b7aa5fa316a1e2fc6ac0"
"data/demos/place_blue_cube_red_pad_medium_20260702_050525/episodes/episode_000079_seed_79.npz","789644","d41ca668f0aa5536c67d54dd6ad3739047ceeb1ecb559fdf5fe2b1c5b0af686b"
"data/demos/place_blue_cube_red_pad_medium_20260702_050525/episodes/episode_000080_seed_80.npz","859464","862e514a540861c8c622191f8398cd279a667aeb077af10fe68ce364b24e197e"
"data/demos/place_blue_cube_red_pad_medium_20260702_050525/episodes/episode_000081_seed_81.npz","734053","72fe5c2017c1096762ee15d6e51519327f41e52c16e4a38847e2ea1aa50de1dc"
"data/demos/place_blue_cube_red_pad_medium_20260702_050525/episodes/episode_000082_seed_82.npz","847101","a6b9e4ce6af28e18555a429b37c723ca97ee76fba6cb7316fc10ac319d662a33"
"data/demos/place_blue_cube_red_pad_medium_20260702_050525/episodes/episode_000083_seed_83.npz","2378762","c6fb35fd8758e7bd7c21a8a153e38b1311267bbaa0650c5d0267d7a7f5547956"
"data/demos/place_blue_cube_red_pad_medium_20260702_050525/episodes/episode_000084_seed_84.npz","851046","739e00714290cf0b6445bcfe93783d7a2f8e8835831ea8d2bf8dac152f1b1e61"
"data/demos/place_blue_cube_red_pad_medium_20260702_050525/episodes/episode_000085_seed_85.npz","2446470","bd4cf7d091eba81bf2b3a00bc36bab3a145da3954bf4a5c53eba2e0cb5ef4af6"
"data/demos/place_blue_cube_red_pad_medium_20260702_050525/episodes/episode_000086_seed_86.npz","850641","10b1900349e60aa1ba7a8177f5c050963351e79e22bfd3ea78debcd6ba389c0e"
"data/demos/place_blue_cube_red_pad_medium_20260702_050525/episodes/episode_000087_seed_87.npz","836523","98cdba95f23ff3deec18d55f9380f03b679572a722971ac706a755450bb8251b"
"data/demos/place_blue_cube_red_pad_medium_20260702_050525/episodes/episode_000088_seed_88.npz","825042","aeeb1da8f9286f60efbdd0733384a4c3f8abd35eb1326c1bb2af9a0367f63375"
"data/demos/place_blue_cube_red_pad_medium_20260702_050525/episodes/episode_000089_seed_89.npz","808582","e1ca5773209ba321c5ddd4b86ecfc74bb6cdacb7379a2ada5ef071ca69252423"
"data/demos/place_blue_cube_red_pad_medium_20260702_050525/episodes/episode_000090_seed_90.npz","739111","9f7dbfde9b0b685dc89e33e2c213ffca62d3edea9243b342e4eaa07216595fca"
"data/demos/place_blue_cube_red_pad_medium_20260702_050525/episodes/episode_000091_seed_91.npz","818764","621189a1ce12aeb339eb3c6a4268b45ce813a56c47b88b612b9ac333eed4a727"
"data/demos/place_blue_cube_red_pad_medium_20260702_050525/episodes/episode_000092_seed_92.npz","2395983","e27956eb9fa0c149b62d1cadadf9ca67c0488a9f57c8fd10acf34c2eb2e97163"
"data/demos/place_blue_cube_red_pad_medium_20260702_050525/episodes/episode_000093_seed_93.npz","2536570","ef360e473c8a19fec76ddfcc289965125872e0e1c4d9acaa7755336413140545"
"data/demos/place_blue_cube_red_pad_medium_20260702_050525/episodes/episode_000094_seed_94.npz","854434","6c428120da8083b6a70b8c36517eae6769727ec04e691ba125779c28ae68e47c"
"data/demos/place_blue_cube_red_pad_medium_20260702_050525/episodes/episode_000095_seed_95.npz","740418","0b49530ca2c41eb91978fcd7dfae2a8006c98ba3ef69bfd7ef8e760f0d0a8447"
"data/demos/place_blue_cube_red_pad_medium_20260702_050525/episodes/episode_000096_seed_96.npz","854892","72020206f06a7af1329da2d16b26b4476528b7438ae045f652c48b95e59f8eae"
"data/demos/place_blue_cube_red_pad_medium_20260702_050525/episodes/episode_000097_seed_97.npz","792857","f645ab2e1fb7599649cda706600a2aea7c4ae8b51dd9f7c2c54fd968105bda21"
"data/demos/place_blue_cube_red_pad_medium_20260702_050525/episodes/episode_000098_seed_98.npz","1985804","03e98d27056bbdd90d9ec2b80f3e51f1cb595cba45938dc352354e91e4819a2d"
"data/demos/place_blue_cube_red_pad_medium_20260702_050525/episodes/episode_000099_seed_99.npz","728211","d28a0b382577e83b15706f42a6af6536f4bd747ce3b3d7ee0621e73e926f67bf"
"data/demos/place_blue_cube_red_pad_medium_20260702_050525/metadata.jsonl","126727","5ad5cace9087ffb35fd171549d6b46678a4761a519bed5e9c6163ad45366fb36"
"data/demos/place_blue_cube_red_pad_medium_20260702_050525/summary.json","101","df32937a38eb4eb7d46018b0b784f40f5e26a1e0003ce096c1aa05701891f77a"
"data/kaggle_clip_lora_gpu_v1/kernel.ipynb","4147","a991f74e1513b98035d990f98969ce9a5de6789deee81442e50bace52edbf1c6"
"data/kaggle_clip_lora_gpu_v1/kernel-metadata.json","508","0538d58e17fd804d1198ec7eb9c87da05f2b5875b2ac2e2a455f1875cccd736b"
"data/kaggle_lora_code_upload_v1/dataset-metadata.json","188","671e3494e95e5d4bbe5e8f6736c0892d25e0fa217484276e994bb5a3f867867e"
"data/kaggle_lora_code_upload_v1/kaggle_lora_code_v1.zip","6745","70b8c5a4bc746a2288f7a039e44b0b1b7b9978121bdda0c9bcc172715e1f37df"
"data/kaggle_lora_code_v1/manifest.json","403","353e068e80d375622c48f5f1cd5d10a17831c937b090296c07b1f4ffe9c732d3"
"data/kaggle_lora_code_v1/scripts/clip_lora_utils.py","2394","a3b4acfaf7738cee0bf10fe3caf5614a3fc75de2feed632121a51394e054a5de"
"data/kaggle_lora_code_v1/scripts/train_clip_lora_patch_pointer.py","17743","4c18ea1fa695800da35c6de91b55319dc4fd9f1983221ce65e04e02a6b08e08c"
"data/kaggle_patch_pointer_kernel_v2/kernel.ipynb","2415","fdac6754556f3faadb7b5ad9d370b7fd490a8cacb838b3f28bd67ebe426ed7bf"
"data/kaggle_patch_pointer_kernel_v2/kernel-metadata.json","469","81516103323b6739c69d7ac07e5d195bd50ecbeaeb1e4a12ea4cf2c67bfc37d3"
"data/kaggle_patch_pointer_upload_v2/dataset-metadata.json","167","9c8d183d9811d94f8ae5dd03870868a0336f3f0359097036e1db0019ea61dc8f"
"data/kaggle_patch_pointer_upload_v2/kaggle_patch_pointer_v2.zip","9290051","b13a47b942cbc2a0a7bb490519827d1b6ebfaf44f2efbcab89f90851fb7dfb70"
"data/kaggle_patch_pointer_upload_v2_cpu/dataset-metadata.json","167","9c8d183d9811d94f8ae5dd03870868a0336f3f0359097036e1db0019ea61dc8f"
"data/kaggle_patch_pointer_upload_v2_cpu/kaggle_patch_pointer_v2_cpu.zip","9290152","3d73cfe9174ca8745438d245f3e0f5cfab803995b58ccba4633e689e50e3b10c"
"data/kaggle_patch_pointer_v1/images/move_leftmost_cube_to_bowl_seed_1300.png","23644","59611c1c14363ec62d0b50016f77f9a99fef30ba94504385de66f1f7d8da8905"
"data/kaggle_patch_pointer_v1/images/move_leftmost_cube_to_bowl_seed_1301.png","23586","ec9ed489c0dd60f6388788f8d8a7a74d0bf7389db7d29a77549d46a049fee6a8"
"data/kaggle_patch_pointer_v1/images/move_leftmost_cube_to_bowl_seed_1302.png","23497","62bf26b04f7d11cc3d8ef5f5956578012969d0bd8aeb3c340b6bbe5876270b43"
"data/kaggle_patch_pointer_v1/images/move_leftmost_cube_to_bowl_seed_1303.png","23433","a7edcd639715f8443e66a06e053d6ac219bc392db44f8b29e3b71e2b2030a749"
"data/kaggle_patch_pointer_v1/images/move_leftmost_cube_to_bowl_seed_1305.png","23536","0759409294b2a6788e2f20579c0f1218544b9936af6570178204ebc66d090afa"
"data/kaggle_patch_pointer_v1/images/move_leftmost_cube_to_bowl_seed_1306.png","23560","7d7bb5b7f37950f2a5f0875f456c7083430bf1d512e5d6c160b4158a0883c108"
"data/kaggle_patch_pointer_v1/images/move_leftmost_cube_to_bowl_seed_1307.png","23558","d3fbc944976ae2c8ffee70dae82d7c0e43a2af1a3e6e7c1cddac10710bb0fe24"
"data/kaggle_patch_pointer_v1/images/move_leftmost_cube_to_bowl_seed_1308.png","23688","1e3dd7a7d406cf68c2076e571889ca295d7c980f2514083ce55dd5b3026ad743"
"data/kaggle_patch_pointer_v1/images/move_leftmost_cube_to_bowl_seed_1309.png","23551","ce66053a3f34d0e79796ed286f767531a6056c30f3a4f2929a3f896feadfab93"
"data/kaggle_patch_pointer_v1/images/move_leftmost_cube_to_bowl_seed_1310.png","23606","3bde2841ab138e6d5c953d48b89a4a1bfe36bcc98bb2103f2a12f3749d64265c"
"data/kaggle_patch_pointer_v1/images/move_leftmost_cube_to_bowl_seed_1311.png","23467","1015f6eef6f48c23dea39f86ff1e6f6e6dbf167365003b6548bc28e7efc88826"
"data/kaggle_patch_pointer_v1/images/move_leftmost_cube_to_bowl_seed_1312.png","23517","f9c593d684208173a2f93d8d2683c8ef36f1f523979994e7f622896a52d7aa44"
"data/kaggle_patch_pointer_v1/images/move_leftmost_cube_to_bowl_seed_1313.png","23642","330506bf20b1b9d5f4f28e1a0ae71c5735f2e73fc352521bf4a3cfcb19f5f203"
"data/kaggle_patch_pointer_v1/images/move_leftmost_cube_to_bowl_seed_1314.png","23633","5b0672ae309fe1d854861894d93ddbf67ddffc3b54df7d31c02ad4e7eca85c4a"
"data/kaggle_patch_pointer_v1/images/move_leftmost_cube_to_bowl_seed_1315.png","23579","c6ca5c68232f19cbc5c07a0f3715db006ead7d240eb3781522b5c1347e5f4fc3"
"data/kaggle_patch_pointer_v1/images/move_leftmost_cube_to_bowl_seed_1316.png","23524","2a633aed34e98d73e6dbf143286d1f705dc662a98d05ce035a00e0b3a19dad59"
"data/kaggle_patch_pointer_v1/images/move_leftmost_cube_to_bowl_seed_1317.png","23566","243308763b1b5856234b00723c36af71a27d27b977289524af995140064a3dc5"
"data/kaggle_patch_pointer_v1/images/move_leftmost_cube_to_bowl_seed_1318.png","23741","5171a9ee473721962bdc1a30919f47a59c1c833de8a1574eb5f0a3c6cc2e34bc"
"data/kaggle_patch_pointer_v1/images/move_leftmost_cube_to_bowl_seed_1319.png","23567","1c37229bcb357c7b821f0917a55a9a9c98f063fe77606818d6a8d5aecf39cf37"
"data/kaggle_patch_pointer_v1/images/move_leftmost_cube_to_bowl_seed_1320.png","23596","4752e4461a15c5f417c71ec2c729e42292a90085895ba489d9b8511f240b607d"
"data/kaggle_patch_pointer_v1/images/move_leftmost_cube_to_bowl_seed_1321.png","23547","09ac9fa56054f20f0be2eb87e61ccdc340ffb8a7657f7e344a7138eb9f760dad"
"data/kaggle_patch_pointer_v1/images/move_leftmost_cube_to_bowl_seed_1322.png","23534","700a67e7d1c0ec8cc150aa71d730992e339ab57b34888a97197f3ca7b16b3a9c"
"data/kaggle_patch_pointer_v1/images/move_leftmost_cube_to_bowl_seed_1323.png","23579","18ac43cde6bbac73c9623046153804407873b674ccbed425c7cddc3fbc16288d"
"data/kaggle_patch_pointer_v1/images/move_leftmost_cube_to_bowl_seed_1324.png","23560","e8482db40b699811ebb1408c3f9f3b92dc96bbeb5498e3c844ffad49975005cc"
"data/kaggle_patch_pointer_v1/images/move_leftmost_cube_to_bowl_seed_1325.png","23594","ba866d411f10cb13521585e9dc6ec44f4f6fc6699d369515968867e21c8d1cb9"
"data/kaggle_patch_pointer_v1/images/move_leftmost_cube_to_bowl_seed_1327.png","23473","b4f016a502d824195b5d04c62aca47f8898e42706d9db69a0b9beaceb8732915"
"data/kaggle_patch_pointer_v1/images/move_leftmost_cube_to_bowl_seed_1328.png","23720","2bd4c1d2d952f8e3e80ddd16f9b05f4bc70320ea4225240b7e78a6cea6c90760"
"data/kaggle_patch_pointer_v1/images/move_leftmost_cube_to_bowl_seed_1329.png","23640","e5e85774694f66fe6a8fca3beb06f2cbc291ea4d7daef7cbf46351f1b1d2f900"
"data/kaggle_patch_pointer_v1/images/move_leftmost_cube_to_bowl_seed_1330.png","23634","1632a6991a8b5514c1efe3eb1e81671141a6eef0ccea547bb56ffa8c29ed94d5"
"data/kaggle_patch_pointer_v1/images/move_leftmost_cube_to_bowl_seed_1331.png","23561","583d93d1a6d2acff15b55a9e81cbeaaf8f82f817380778c3cc5e6d8715fcacbe"
"data/kaggle_patch_pointer_v1/images/move_leftmost_cube_to_bowl_seed_1332.png","23586","3c078d3ced17df39c800eee4c4d3b45b60c418b7ac1f8cb683bb802054b1a2c3"
"data/kaggle_patch_pointer_v1/images/move_leftmost_cube_to_bowl_seed_1333.png","23634","be466f95f79629cefe02f66a5e8b8f5a3d0758dcd3a32faa1156f825617c5bf1"
"data/kaggle_patch_pointer_v1/images/move_leftmost_cube_to_bowl_seed_1335.png","23652","3d33367d82858075d8297cb43bd1851850ff54234e9d0115d54ba584c651f1f7"
"data/kaggle_patch_pointer_v1/images/move_leftmost_cube_to_bowl_seed_1336.png","23694","6a208a8ef95c923f7acfa029dd34f25a71a76386a16ca13cd5765e04f10ddc19"
"data/kaggle_patch_pointer_v1/images/move_leftmost_cube_to_bowl_seed_1337.png","23644","4689119fa7d06639f792e992509fe96dc817bc26b2829f6204e9f5c9be10cd91"
"data/kaggle_patch_pointer_v1/images/move_leftmost_cube_to_bowl_seed_1338.png","23590","aa4a54286665050b9a778519f54afc816d18187a0ac2a9d58da0ed30963f394b"
"data/kaggle_patch_pointer_v1/images/move_leftmost_cube_to_bowl_seed_1339.png","23544","aca06b63cd18f0e4a248ff596e3494fc357d957d1296f297865a40043c3861bd"
"data/kaggle_patch_pointer_v1/images/move_leftmost_cube_to_bowl_seed_1340.png","23594","c53205267ac2e606e44ffb32fb40fb5fab73fe6e42cb1c4ebae994619c9feb38"
"data/kaggle_patch_pointer_v1/images/move_leftmost_cube_to_bowl_seed_1341.png","23621","13dbad8b7ce98dd9642ab6f340e1836985ba392c958bfcfc14cd03b2a0ed4560"
"data/kaggle_patch_pointer_v1/images/move_leftmost_cube_to_bowl_seed_1342.png","23573","07f757ee1877962cde46afd9461015afa7be3ce0df376a100490fae90ccc4dd2"
"data/kaggle_patch_pointer_v1/images/move_leftmost_cube_to_bowl_seed_1343.png","23442","acdefd96e72bb52d712700b9440e78dd1f90b014be7892973ff736a9d9a3675b"
"data/kaggle_patch_pointer_v1/images/move_leftmost_cube_to_bowl_seed_1344.png","23530","7e46d2d5b2794811a7ca3cd2075ece61d6a44a0c8c6e52f7d032cd97276968c2"
"data/kaggle_patch_pointer_v1/images/move_leftmost_cube_to_bowl_seed_1345.png","23463","184f983dc03709ec1e79c350a5b9896711c10c90ab68627733c22328dbeddb1a"
"data/kaggle_patch_pointer_v1/images/move_leftmost_cube_to_bowl_seed_1346.png","23722","767fe8d29d7bd26f47883806e508f13747b5f14cfd958a4cb2acd9c67bee4956"
"data/kaggle_patch_pointer_v1/images/move_leftmost_cube_to_bowl_seed_1347.png","23468","b30526889e0074460121226fb393901a6b754c2e384eb81a5957094d976d176e"
"data/kaggle_patch_pointer_v1/images/move_leftmost_cube_to_bowl_seed_1348.png","23570","5e3df35b0f395ae97bd29d4f7bc0f69836df8c24d7fd446347560b96fed551dc"
"data/kaggle_patch_pointer_v1/images/move_leftmost_cube_to_bowl_seed_1349.png","23570","9ff3a2bdfffb4b94c582b218871bddd2fc973ea762089edad668a266550f4991"
"data/kaggle_patch_pointer_v1/images/move_leftmost_cube_to_bowl_seed_1350.png","23498","4a823990b03846f289886a6e6c46fba41de5d2c937594d4ff71c70157722d708"
"data/kaggle_patch_pointer_v1/images/move_leftmost_cube_to_bowl_seed_1351.png","23490","c46e0ae7c2a2fde92d7e409c27f51ac029999c031a180fdec6b205d5454ea540"
"data/kaggle_patch_pointer_v1/images/move_leftmost_cube_to_bowl_seed_1352.png","23617","13f16ea3bfeef030ecb108afce969da68f439a27567bf9dabcedc2f73ca92c9c"
"data/kaggle_patch_pointer_v1/images/move_leftmost_cube_to_bowl_seed_1353.png","23417","7bc48dd0a5dd9b8a4b7f2fddc332ba9d8dc809fb8f2a071885f62442efbc49e7"
"data/kaggle_patch_pointer_v1/images/move_leftmost_cube_to_bowl_seed_1354.png","23460","196f3ea9ba8e82ee6182193e4e743d81f2b6b722309b606c28bbd191dd6048b3"
"data/kaggle_patch_pointer_v1/images/move_leftmost_cube_to_bowl_seed_1355.png","23699","7dccc713009f70922005e0faf56489fbebacb57b22b3e4b39eebbb2628600c87"
"data/kaggle_patch_pointer_v1/images/move_leftmost_cube_to_bowl_seed_1356.png","23499","6b4c0bbf3a5bc356231ecac5f951c23c7c2109fd5829fd592f87844d2f44f315"
"data/kaggle_patch_pointer_v1/images/move_leftmost_cube_to_bowl_seed_1357.png","23653","34c6873c05b399c9d01217c1ef778ec3d19be4e603eb314b741db98bccefe67f"
"data/kaggle_patch_pointer_v1/images/move_leftmost_cube_to_bowl_seed_1358.png","23542","c6e563884f244534b1c66953e3c43390e50caffea40b752cecaebee44d9fd215"
"data/kaggle_patch_pointer_v1/images/move_leftmost_cube_to_bowl_seed_1359.png","23662","5affa3c5903416c5f55eab1ae02094a490a15bc84aee0113e4d0ce7fafa5bd0d"
"data/kaggle_patch_pointer_v1/images/move_leftmost_cube_to_bowl_seed_1360.png","23456","b79cd4fa0e506564088d500693b77af388940c9667c33162de6274c363b0029e"
"data/kaggle_patch_pointer_v1/images/move_leftmost_cube_to_bowl_seed_1361.png","23498","c8ee3b20d72e9b9a597d2d4533930a496b128011a1a0a0ea1dd38d163808ea70"
"data/kaggle_patch_pointer_v1/images/move_leftmost_cube_to_bowl_seed_1362.png","23516","5685fa6eedbf72fa2273490e503db7ccbbca1b07001cfa10c8f8ecf6389555bc"
"data/kaggle_patch_pointer_v1/images/move_leftmost_cube_to_bowl_seed_1363.png","23679","bcaf3ac4356b40679fc3ea1d2717270906565f0801cbef274c57fb1a0f17c7dd"
"data/kaggle_patch_pointer_v1/images/move_leftmost_cube_to_bowl_seed_1364.png","23696","5fbd649058e37f1377b273723e04a8392508fe2b28f33589b65295e65c6f2af0"
"data/kaggle_patch_pointer_v1/images/move_leftmost_cube_to_bowl_seed_1365.png","23559","5aa6ef7868bacc47f753835592ee3634fc3e09d92f337e7c6d5a2a1a98b9b46d"
"data/kaggle_patch_pointer_v1/images/move_leftmost_cube_to_bowl_seed_1366.png","23528","5adde1ee67cc36c1235da5d33d17f01f5dcf61b434104a1a6ebe1871d6b80251"
"data/kaggle_patch_pointer_v1/images/move_leftmost_cube_to_bowl_seed_1367.png","23525","b91e77e911a923d9b21881e737628cef00de1f319b3740fe7d5ea090396600b1"
"data/kaggle_patch_pointer_v1/images/move_leftmost_cube_to_bowl_seed_1368.png","23574","f5198473a92121352a372d553f6480292066c694193d508d45a79bf66a1080d7"
"data/kaggle_patch_pointer_v1/images/move_leftmost_cube_to_bowl_seed_1369.png","23459","81f343196f68cf60b44d1fa5c4856474a705983120f28503c7fd10b234b9f1f4"
"data/kaggle_patch_pointer_v1/images/move_leftmost_cube_to_bowl_seed_1370.png","23611","34745a1e590bed6c77f0824a61c7989a405acf578157355b7282869dec7c5a0f"
"data/kaggle_patch_pointer_v1/images/move_leftmost_cube_to_bowl_seed_1371.png","23451","9efc4433354b45178297d01bc5f87aed317d9c6c4caba2f9d88c0904c27d4ab1"
"data/kaggle_patch_pointer_v1/images/move_leftmost_cube_to_bowl_seed_1372.png","23586","5d15a46cc5de71d1551deff6614a30bb11587522b520cdf88b823806739026fd"
"data/kaggle_patch_pointer_v1/images/move_leftmost_cube_to_bowl_seed_1373.png","23692","c216df19d37593c4948a4bb741386dab057e96cb975ce85634ca0077b58856b3"
"data/kaggle_patch_pointer_v1/images/move_leftmost_cube_to_bowl_seed_1374.png","23532","d27d493ea8f1d9b3a794c510c6191c62ab19b8f7afbb03c02a4127a365785913"
"data/kaggle_patch_pointer_v1/images/move_leftmost_cube_to_bowl_seed_1375.png","23610","4c29846923bc1b0fe6e7147c69821c34c52200a06cd0c55332c9a96b066f6068"
"data/kaggle_patch_pointer_v1/images/move_leftmost_cube_to_bowl_seed_1376.png","23629","461c4bf4f5967e18e479a219a723ccbceea1a93bf5251ed98a08d44539de2c22"
"data/kaggle_patch_pointer_v1/images/move_leftmost_cube_to_bowl_seed_1377.png","23628","a099e0f3f4f450f29cc58806bccb71a5e29aa0bf8ec1e1081e0c2f43e25303a1"
"data/kaggle_patch_pointer_v1/images/move_leftmost_cube_to_bowl_seed_1378.png","23541","8658d3382503d2eb98d88558ed7299a18f38f7c5567b54f5915cf183d8901cfa"
"data/kaggle_patch_pointer_v1/images/move_leftmost_cube_to_bowl_seed_1379.png","23628","d1f05deb29d48f543736c47824760a75744217d908c3f9adf7e7a114550e96eb"
"data/kaggle_patch_pointer_v1/images/move_leftmost_cube_to_bowl_seed_400.png","23497","977f1b9fa0868eb933af95e9cd7b7913a16e91a2882a74275bd8a11c039e7c03"
"data/kaggle_patch_pointer_v1/images/move_leftmost_cube_to_bowl_seed_401.png","23655","d15118ff796d84e096d92daa2af253ae54d753819f60adb2c700abdc3412079f"
"data/kaggle_patch_pointer_v1/images/move_leftmost_cube_to_bowl_seed_402.png","23571","b972a14b3b486032aa4b29933fc82b7625b1af8eb429aea952c236497b5ac33b"
"data/kaggle_patch_pointer_v1/images/move_leftmost_cube_to_bowl_seed_403.png","23598","0159a5cb0668d0e69180df031347487e1e52102dd07d80c4db924dca4cf8945a"
"data/kaggle_patch_pointer_v1/images/move_leftmost_cube_to_bowl_seed_404.png","23590","2d23a4c0975046efd321d2f94480d7a24fb15755e504468dbf5815a3dc26f545"
"data/kaggle_patch_pointer_v1/images/move_leftmost_cube_to_bowl_seed_406.png","23496","92ec14b9b37fa2ea4b825eb939df28f45865af5527436c6b4964d9a0ef330b58"
"data/kaggle_patch_pointer_v1/images/move_leftmost_cube_to_bowl_seed_407.png","23416","e8000794ef0ce29c001aa692287b0c3de5d475c046292ca39153989bc95f7c2b"
"data/kaggle_patch_pointer_v1/images/move_leftmost_cube_to_bowl_seed_408.png","23559","6b14fcf2f4b986c8a8bfcd64678ff19d1fefd06f7439afc2ecc54f621ff327ab"
"data/kaggle_patch_pointer_v1/images/move_leftmost_cube_to_bowl_seed_409.png","23533","287e136127ab3d185be9bb99f25ca2792c13249001f1dd21e13b105cae06b2e7"
"data/kaggle_patch_pointer_v1/images/move_leftmost_cube_to_bowl_seed_410.png","23560","1f718a5d6019a8b4ecdc87e9d426fb06202083b447689a71a7863b94efe268c1"
"data/kaggle_patch_pointer_v1/images/move_leftmost_cube_to_bowl_seed_411.png","23686","c43e3884fc6e6672652e1b486b4e5b7b5a1f712c390f116d6b4463f7878360ca"
"data/kaggle_patch_pointer_v1/images/move_leftmost_cube_to_bowl_seed_412.png","23577","b6d17c1b834cc7879ffc61613bb2dde422655585a69bf1ddf68ec6ad37956197"
"data/kaggle_patch_pointer_v1/images/move_leftmost_cube_to_bowl_seed_413.png","23461","f2c2343ca651ce771ba05224003edc09d504ad11045b318f586b463dc3778551"
"data/kaggle_patch_pointer_v1/images/move_leftmost_cube_to_bowl_seed_414.png","23649","bea71fbb1b13c08dea1b8366f5c65eaef435476210dcdbfd25b43b84898bf255"
"data/kaggle_patch_pointer_v1/images/move_leftmost_cube_to_bowl_seed_415.png","23639","318dde20adc30398933e30af86cf920b50ed96675c2ebee4f6c4a09a87506c6c"
"data/kaggle_patch_pointer_v1/images/move_leftmost_cube_to_bowl_seed_416.png","23486","3b43fe2fff6e3587cc2a24a55e1198ea32bfae4f021a00a4975cd933db01e5e4"
"data/kaggle_patch_pointer_v1/images/move_leftmost_cube_to_bowl_seed_417.png","23514","2be8c4553db5991a85286180274e4c7cb1c8a1de6a1f861769c7fba5c99eaf21"
"data/kaggle_patch_pointer_v1/images/move_leftmost_cube_to_bowl_seed_418.png","23684","b654acba56aaa395eefb5e5dbaa6c497e79bb26152a223aafcaa9af08b109dc8"
"data/kaggle_patch_pointer_v1/images/move_leftmost_cube_to_bowl_seed_419.png","23524","9b76354066d2297c7129dbb22c386d100bff073e32a8ad8ed0f78c862450b612"
"data/kaggle_patch_pointer_v1/images/place_blue_cube_blue_pad_seed_0.png","23237","494b09f03d0448461ee9311961102e5a411a89117764f1cbb7c90b1f85bcfd0e"
"data/kaggle_patch_pointer_v1/images/place_blue_cube_blue_pad_seed_1.png","23220","2b15087b7faf4fbf2714afab17e75b2117b459093dab6df88d489fd93e8e19e7"
"data/kaggle_patch_pointer_v1/images/place_blue_cube_blue_pad_seed_10.png","23449","f65cb3e053cb5c1484eca2f08b43be985000e6279905e599d6fb152109776aac"
"data/kaggle_patch_pointer_v1/images/place_blue_cube_blue_pad_seed_1000.png","23197","c17e638df5e7f5359a7b98bba4c7e1543bba4dbb9097b2119e8d32734fe39918"
"data/kaggle_patch_pointer_v1/images/place_blue_cube_blue_pad_seed_1001.png","23405","0bba0e9341e06154137f8cef1b6328338019cec1adc574687fa03b7cde9f4eef"
"data/kaggle_patch_pointer_v1/images/place_blue_cube_blue_pad_seed_1002.png","23409","50392bf79229a748b9b63f504ac8089ba226dd9dc96633a56eda44eb8dd4e1bc"
"data/kaggle_patch_pointer_v1/images/place_blue_cube_blue_pad_seed_1003.png","23113","9ad4fbab2b004d75f1df9d7251ac360bb40c3163488c2211febeeba1f4339dc5"
"data/kaggle_patch_pointer_v1/images/place_blue_cube_blue_pad_seed_1004.png","23154","bda0f96dccfda4e82d2b75141a89bdc3887176fe046446999529e74c3f931ae9"
"data/kaggle_patch_pointer_v1/images/place_blue_cube_blue_pad_seed_1005.png","23216","63ea7c8c913c1063c909d06efadcc8233e31948d9e287cdf7a90062c2b83d269"
"data/kaggle_patch_pointer_v1/images/place_blue_cube_blue_pad_seed_1006.png","23208","c0eefbfccbb73b5652674895d63ee3980bce93ebe2295b5cba2c7e199bfd2140"
"data/kaggle_patch_pointer_v1/images/place_blue_cube_blue_pad_seed_1007.png","23201","44392a87871a63fcf96e8a0df476860da74731e8985933b94707f2b93bd5a814"
"data/kaggle_patch_pointer_v1/images/place_blue_cube_blue_pad_seed_1008.png","23319","7bf2994ebae799a3fac93e5bcd8cdf141d2853daa2cd88cc751e6bb20e209322"
"data/kaggle_patch_pointer_v1/images/place_blue_cube_blue_pad_seed_1009.png","23118","5042e1bb5aeab9720062451b8b2f439533cdb97e4bf96b9d5223526a83918e01"
"data/kaggle_patch_pointer_v1/images/place_blue_cube_blue_pad_seed_1010.png","23243","3bf59860c24fc95517582151abf79292994fd2d65c684d53d4244c51d9204cb4"
"data/kaggle_patch_pointer_v1/images/place_blue_cube_blue_pad_seed_1011.png","23278","5986ee56f580d23647c1b10a5b95732c04a21300ee8b0e18202a88d8f84d5d5b"
"data/kaggle_patch_pointer_v1/images/place_blue_cube_blue_pad_seed_1012.png","23242","4d2d4c42144bd9fea01b5614b2656d6e565fd6a24b58fc813558c6b0cd6917f9"
"data/kaggle_patch_pointer_v1/images/place_blue_cube_blue_pad_seed_1013.png","23574","9f9b6a97462acb2b3bc1f1f1d120b3b8e09ba83f575832ab2538512092c76869"
"data/kaggle_patch_pointer_v1/images/place_blue_cube_blue_pad_seed_1014.png","23487","c9418e9994b8518f36ed749e0e0d8051acfe60c47be19ad61dbb88cb8bf500c3"
"data/kaggle_patch_pointer_v1/images/place_blue_cube_blue_pad_seed_1015.png","23620","9ad1e3d3c16142e2603c085c6bcdd07ee436dd896c03f5baa367e3cd8d2fe77a"
"data/kaggle_patch_pointer_v1/images/place_blue_cube_blue_pad_seed_1016.png","23060","603cb0aeb765cb46383fd86a92bda28cfd6525ca059c8419d9961d8e359dbca2"
"data/kaggle_patch_pointer_v1/images/place_blue_cube_blue_pad_seed_1017.png","23045","af1a7696b18c588a95f5aea26abba1595e1da488ae759065a674219a4be315a1"
"data/kaggle_patch_pointer_v1/images/place_blue_cube_blue_pad_seed_1018.png","23363","944ac6509ebbaf2649a45f92de0e2fd8fa7af9ab9399eed9fee558aee58f0749"
"data/kaggle_patch_pointer_v1/images/place_blue_cube_blue_pad_seed_1019.png","23089","fb0d9c9e6ea220af77d4296fdaea9d502fcdd55e5ded16d134e7d8fa52d0aad4"
"data/kaggle_patch_pointer_v1/images/place_blue_cube_blue_pad_seed_1020.png","23569","adfb93460b2ac9aff4a9b183baee5599258247e67a3d5ef8dccb65eedb5e10ec"
"data/kaggle_patch_pointer_v1/images/place_blue_cube_blue_pad_seed_1021.png","23184","ba62230ab78de7fce37fa811e8e0533c26e719415bd9fdba8c88ab358a1e5531"
"data/kaggle_patch_pointer_v1/images/place_blue_cube_blue_pad_seed_1022.png","23344","6c1ffdda2e8be05c9900e466355120a773180056a9268866b47e7e25108f0c48"
"data/kaggle_patch_pointer_v1/images/place_blue_cube_blue_pad_seed_1023.png","23099","f58586772daf3f94bbf24046963d483e3f4b1c17407a1a966814160d9c9bfd03"
"data/kaggle_patch_pointer_v1/images/place_blue_cube_blue_pad_seed_1024.png","23522","d845de07ef2a862fcd7d4907122cee2151f26522df3c83fb55dfa5456f2fa37b"
"data/kaggle_patch_pointer_v1/images/place_blue_cube_blue_pad_seed_1025.png","23001","ce90f7f44ecdeda96fdb5f8f308f85efa60c330f1c9a1acbc0a43e6ad098201f"
"data/kaggle_patch_pointer_v1/images/place_blue_cube_blue_pad_seed_1026.png","22972","ef7043c2cd6bd13edef1d0516a7c4fb3841f687e2f167e4097074b3e10cf9696"
"data/kaggle_patch_pointer_v1/images/place_blue_cube_blue_pad_seed_1027.png","23480","822dcaa25b63790a2e9f5a06f85e1e823d9463b99c5ce30a567cc9466c189d6e"
"data/kaggle_patch_pointer_v1/images/place_blue_cube_blue_pad_seed_1028.png","23273","3ba0dda7c8dbf6a4d4ec212024e830d94a5480fb1330785ca77a0628c2a1efb7"
"data/kaggle_patch_pointer_v1/images/place_blue_cube_blue_pad_seed_1029.png","23173","0e88bf5c410eb53222af201d1c23343ec4c67c4c245b73d9a507e3a06ed88e1c"
"data/kaggle_patch_pointer_v1/images/place_blue_cube_blue_pad_seed_1030.png","23661","09e8686bfd0fdd73ecf7883acae31e324e3b72c1a1f0f3d1204b205b088c72de"
"data/kaggle_patch_pointer_v1/images/place_blue_cube_blue_pad_seed_1031.png","23172","0fdfb3a011e6b39297b41a1ae0d409303d793c008300c77ffc6b6ec753e696a0"
"data/kaggle_patch_pointer_v1/images/place_blue_cube_blue_pad_seed_1032.png","23333","bbd0e4f79388ff4e99ca7198e0eb5b2c4c1bf06189934ad53ba81da897a4f42c"
"data/kaggle_patch_pointer_v1/images/place_blue_cube_blue_pad_seed_1033.png","23189","2408d7dd52530d140baaaa8bcf98b7783f5a49e72d17dfd0fadeaad3c8d2b263"
"data/kaggle_patch_pointer_v1/images/place_blue_cube_blue_pad_seed_1034.png","23171","178d19f247b8edd3d1ebc2d544ef060ea8d1234bec77c3f0516576390554bc63"
"data/kaggle_patch_pointer_v1/images/place_blue_cube_blue_pad_seed_1035.png","23574","8cdc4e43d67441ebb9a0dbc780b6251f10797830cd29333d94589ef00973fe98"
"data/kaggle_patch_pointer_v1/images/place_blue_cube_blue_pad_seed_1036.png","23241","3ed46acd2be9c1aedb698f22338302c9da33602a1b84e100571af09875b25b94"
"data/kaggle_patch_pointer_v1/images/place_blue_cube_blue_pad_seed_1037.png","23602","ad6ea6c347b6566bb21faf42bebabb4307b9915131f94c5884905e4109f55e97"
"data/kaggle_patch_pointer_v1/images/place_blue_cube_blue_pad_seed_1038.png","23144","a63c656b32ba1e1bbc29119fda80854633968c3ec7d47ce3fc14a08649b2448b"
"data/kaggle_patch_pointer_v1/images/place_blue_cube_blue_pad_seed_1039.png","23202","9c312d37782c9e3169a016fdc8f816a87d33b927a004db55764c4975c8acf676"
"data/kaggle_patch_pointer_v1/images/place_blue_cube_blue_pad_seed_1040.png","23598","f3189fe733e1ae25ff2935730f71d28eb5fb700cea9ab106331db310ff574c33"
"data/kaggle_patch_pointer_v1/images/place_blue_cube_blue_pad_seed_1041.png","23309","f520571afea2cd03f0d388ba9b68058c2f24a3f4aba36cee2e96c44c775c08b9"
"data/kaggle_patch_pointer_v1/images/place_blue_cube_blue_pad_seed_1042.png","23392","d16f8a0f5b42016c831d7f9ee477c53cbf1f9fda67084212fd5c93604d89d574"
"data/kaggle_patch_pointer_v1/images/place_blue_cube_blue_pad_seed_1043.png","23474","6b4db68706c4f5eacc96dbbb25671358f6f0fcec1976e672855ef331f70949df"
"data/kaggle_patch_pointer_v1/images/place_blue_cube_blue_pad_seed_1044.png","23203","d6286bf7987216f877c974251002149eff185caa8d2365e31c286d7583cd4f14"
"data/kaggle_patch_pointer_v1/images/place_blue_cube_blue_pad_seed_1045.png","23575","65729752646e1b2c045552f154ef1dd3155c0416ce3471b3083efe353d2a3730"
"data/kaggle_patch_pointer_v1/images/place_blue_cube_blue_pad_seed_1046.png","23392","72b8122d14e666ec36dc5a2e9c3e5768041a6e1f407962f78a92e65fb58a5b80"
"data/kaggle_patch_pointer_v1/images/place_blue_cube_blue_pad_seed_1047.png","23505","0275f9a6220febdc2ead5fbe0cb1bd112847f7f3602dc5e837f1348d1237110b"
"data/kaggle_patch_pointer_v1/images/place_blue_cube_blue_pad_seed_1049.png","23385","2894c892a65b1e3614d088955527297c1c56d22509e756cb546caca4e615e4e0"
"data/kaggle_patch_pointer_v1/images/place_blue_cube_blue_pad_seed_1050.png","23539","076c2feb17911771e37e4b01d99072f71d6513540baebb09f157197d90692bdd"
"data/kaggle_patch_pointer_v1/images/place_blue_cube_blue_pad_seed_1051.png","23520","34990bb2edc1b1f926217ba3cdbd844d7e1c41c7b50bf2093d4d055073133729"
"data/kaggle_patch_pointer_v1/images/place_blue_cube_blue_pad_seed_1052.png","23442","9009b846b5798e5239e6609ad401b91ddc9c5851e08abdb624dcadd97a93a76c"
"data/kaggle_patch_pointer_v1/images/place_blue_cube_blue_pad_seed_1053.png","23166","d177da94aff9175e279405fdf3ffac342e617f27132622ccfe1d4e12afd6f356"
"data/kaggle_patch_pointer_v1/images/place_blue_cube_blue_pad_seed_1054.png","23336","552c07c8eafb57b139c15b9c0ab8f18b3ded8adfd0a79104e241d6d7d62e8e0b"
"data/kaggle_patch_pointer_v1/images/place_blue_cube_blue_pad_seed_1055.png","23115","ab2c59f8413b2aa4d129b407a041aebbc632a39fe3bc6e88167a46dcc61504d9"
"data/kaggle_patch_pointer_v1/images/place_blue_cube_blue_pad_seed_1056.png","23428","cd8c212399cc554ded5289721c48494796d15d85b633d8e96e7d480149b7f7e2"
"data/kaggle_patch_pointer_v1/images/place_blue_cube_blue_pad_seed_1057.png","23181","c5e8e707b0cdda5f2aa960dfef917902dbfeacf83b4ac13656e5c93bdb89ec56"
"data/kaggle_patch_pointer_v1/images/place_blue_cube_blue_pad_seed_1058.png","23279","6002b7c426ac1c6dd94e1e6add1ba2cc77429f1c06c688230690260f729cf1e9"
"data/kaggle_patch_pointer_v1/images/place_blue_cube_blue_pad_seed_1059.png","23255","dcefb29c082d81aebe51f7b2900dd55d784c3547b85a1ae188d7164f35ec08e8"
"data/kaggle_patch_pointer_v1/images/place_blue_cube_blue_pad_seed_1060.png","23085","0606a35b1568512c63ad767a1b54c00d78b56dcc6e41374dba95bf5f0493725d"
"data/kaggle_patch_pointer_v1/images/place_blue_cube_blue_pad_seed_1061.png","23146","4480a748de9ad1e12c4c6830b400f6cd47dc696d4452b0a37bb7b0c79c6be62b"
"data/kaggle_patch_pointer_v1/images/place_blue_cube_blue_pad_seed_1062.png","23155","909bc69533a073bdb4e34f500dff1322c0688f40faff34c23a4f430feee86565"
"data/kaggle_patch_pointer_v1/images/place_blue_cube_blue_pad_seed_1063.png","23258","58b30fdcd312c551b74ba152957d36ca4d2befff5757fe35a57fa5bf73406173"
"data/kaggle_patch_pointer_v1/images/place_blue_cube_blue_pad_seed_1064.png","23308","4020d75d4cdbbd17245360e7fdac1d2c56f95f549375965afc03876bad57f6b8"
"data/kaggle_patch_pointer_v1/images/place_blue_cube_blue_pad_seed_1065.png","23163","0e1d39ff7c6d86afc3730d8ef5fe69d556e358e1bdf08777e1ef45f596f9093e"
"data/kaggle_patch_pointer_v1/images/place_blue_cube_blue_pad_seed_1066.png","23132","e552e0749dd633e3540731ec9f9bdec86d5fca3558aa2358272b6d021716f946"
"data/kaggle_patch_pointer_v1/images/place_blue_cube_blue_pad_seed_1067.png","23426","96db795df46891d64f2aa4bdbef5dc2b12617ca55d98554c7165067b7899e0d8"
"data/kaggle_patch_pointer_v1/images/place_blue_cube_blue_pad_seed_1068.png","23485","6d079168168d89ce1c86ec6aa5701913ad999c579cf04ac4e89b2189acb67f45"
"data/kaggle_patch_pointer_v1/images/place_blue_cube_blue_pad_seed_1069.png","23180","53d0ee3ca13ab0828b8438e25157bafef8ec32b3c3f3b2f4db1691731f5d7e76"
"data/kaggle_patch_pointer_v1/images/place_blue_cube_blue_pad_seed_1070.png","23405","e4b12d12566f4f3f9b01ea8512e835a1e87d399cb267cabb31da9cb759c6dadc"
"data/kaggle_patch_pointer_v1/images/place_blue_cube_blue_pad_seed_1071.png","23276","c887d4d767bd570eb44e4b409c3985c033de1960ea18b3bfb0f5f0634231327f"
"data/kaggle_patch_pointer_v1/images/place_blue_cube_blue_pad_seed_1072.png","23457","7b43397b88304aa330231ae234f639323bb7b7a48bbadd4f3ea3f42b5d3e34a0"
"data/kaggle_patch_pointer_v1/images/place_blue_cube_blue_pad_seed_1073.png","23371","cdf1525a4e2559fc3ba8a284445b9e94a0cfd4615dda7accb7e0bcadb84b629c"
"data/kaggle_patch_pointer_v1/images/place_blue_cube_blue_pad_seed_1074.png","23141","d2cb565bea0d2b9b6cb180670010b80c0eba598ffec639c10f468c7ec2028746"
"data/kaggle_patch_pointer_v1/images/place_blue_cube_blue_pad_seed_1075.png","23040","7346d62a2738941826128a1eb0cc2703f46e19055bf633ab10f1101225ab8d71"
"data/kaggle_patch_pointer_v1/images/place_blue_cube_blue_pad_seed_1076.png","23154","cafcd5da633295fb162791256d324fba2b4a590c042de91ddcfafe552c7e41ba"
"data/kaggle_patch_pointer_v1/images/place_blue_cube_blue_pad_seed_1077.png","23074","28110a86ac0f4e440ab7309d576bcbcfde0d775fa14c6092ef025f16ecc04c68"
"data/kaggle_patch_pointer_v1/images/place_blue_cube_blue_pad_seed_1078.png","23526","57c6f52877cdd28b1cfcba22499112caafbe45393e40939204d0923549653fdc"
"data/kaggle_patch_pointer_v1/images/place_blue_cube_blue_pad_seed_1079.png","23567","ec24df0fea726db202831aa6278af8c35c63622a96126ad7348a3e9ed3fcfbe3"
"data/kaggle_patch_pointer_v1/images/place_blue_cube_blue_pad_seed_11.png","23280","85a5b6cb67d74699857492be5ad1fe26225f1c9872305fbdab62ff0f6b77e902"
"data/kaggle_patch_pointer_v1/images/place_blue_cube_blue_pad_seed_12.png","23244","a3fb1bb0c67b0d4ef4fc9b23f491e791c3f9b2f2fb20164f213a5d5d0c7d93cf"
"data/kaggle_patch_pointer_v1/images/place_blue_cube_blue_pad_seed_13.png","23163","e9a3b408feb9d1bb899833e7217812ff19f372aa325d337085638dea6f0770d4"
"data/kaggle_patch_pointer_v1/images/place_blue_cube_blue_pad_seed_14.png","23217","8ec46bc8a1c635a817e562b19e1382fd66a23b4c5e16cd048ac118864864b414"
"data/kaggle_patch_pointer_v1/images/place_blue_cube_blue_pad_seed_15.png","23111","47e2b06672a86d684d149fc4a96735160895956c438059a1bf87aa94279a8b90"
"data/kaggle_patch_pointer_v1/images/place_blue_cube_blue_pad_seed_16.png","23276","717407e394864f48648bb7e25354d2e7e889169873582bebb4f37687be22297c"
"data/kaggle_patch_pointer_v1/images/place_blue_cube_blue_pad_seed_17.png","23120","2184d6a14677e97ae499f812b044cc0a04cc3e4a226f1b9aa93341708acfc968"
"data/kaggle_patch_pointer_v1/images/place_blue_cube_blue_pad_seed_18.png","23072","10422556acf96634403c084c59bcc464609b2ecae728f7052f56ee71d550afb8"
"data/kaggle_patch_pointer_v1/images/place_blue_cube_blue_pad_seed_19.png","23279","b24835dce2fd96a89f1a9c3d885df55355bd67ea7f71e3d5063fdbdd65d14ba4"
"data/kaggle_patch_pointer_v1/images/place_blue_cube_blue_pad_seed_2.png","23499","afc4e350e6c5e6d518bacc4bfe3c509671454061ef36301fae6bb9377edcd33e"
"data/kaggle_patch_pointer_v1/images/place_blue_cube_blue_pad_seed_3.png","23429","2d8ded64823c5323c05fe20f90425b2f654f66b9d1b4e8abd9c963fd5a4f9477"
"data/kaggle_patch_pointer_v1/images/place_blue_cube_blue_pad_seed_4.png","23060","2f05ef6729824b5d2491af4046f31d5470886e05af5031d7b13069a6920995a0"
"data/kaggle_patch_pointer_v1/images/place_blue_cube_blue_pad_seed_5.png","23254","62a4ebe2ef55e8609e124ebcccffadb64272e4b21232641dccb2bcda54af41e4"
"data/kaggle_patch_pointer_v1/images/place_blue_cube_blue_pad_seed_6.png","23271","87f65d6f9d56c7c3bd17140a46cc4efd4dde06422308468b8f7f7db9e94c5a92"
"data/kaggle_patch_pointer_v1/images/place_blue_cube_blue_pad_seed_7.png","23489","b81237b1769d3e0753da7a779e9ea110e91957906f5efdba5d066f39adbf60fd"
"data/kaggle_patch_pointer_v1/images/place_blue_cube_blue_pad_seed_8.png","23246","c13c957c4f93e86a5a735b3f0a09c09b1c20c2bae1837baccfe9921251296be4"
"data/kaggle_patch_pointer_v1/images/place_blue_cube_blue_pad_seed_9.png","23536","f01de2091e8576bac7b7a1753c6af382bac75bda1a6138c377140d88ef6b37b6"
"data/kaggle_patch_pointer_v1/images/place_blue_cube_red_pad_seed_100.png","23246","1c40c655bbd98910323048a897027fabdee96ade8ccdbf97cf0d86f3cec77cc8"
"data/kaggle_patch_pointer_v1/images/place_blue_cube_red_pad_seed_101.png","23212","a0082068e0e3f3e593b479dcaa31fa9195961ad2b519002278969a6530b0a744"
"data/kaggle_patch_pointer_v1/images/place_blue_cube_red_pad_seed_102.png","23366","51110ea20fc5a52ed346f23c03455111c6ed7efe2c8b67b64dd0c89609029d59"
"data/kaggle_patch_pointer_v1/images/place_blue_cube_red_pad_seed_103.png","23428","4c043003fad99c4105697d236d2d78412a90009a05591b56426f2dc2da7c4b9f"
"data/kaggle_patch_pointer_v1/images/place_blue_cube_red_pad_seed_104.png","23243","39961d8aed65db17cea9cd425704c9ed89aec44af1feb2862a137cf552ee8234"
"data/kaggle_patch_pointer_v1/images/place_blue_cube_red_pad_seed_105.png","23238","1ea29effd59e58a939138103561a6d8f1ad5d22ef307b8a62debef1602d76e3b"
"data/kaggle_patch_pointer_v1/images/place_blue_cube_red_pad_seed_106.png","23469","c07b4910553f9444dd94eeed78a129cede47b71228578170fb5f229ca16220ad"
"data/kaggle_patch_pointer_v1/images/place_blue_cube_red_pad_seed_107.png","23348","d0b747262b4b9b6c1a0b3c5bd6b597bfc7a92c032c44d62ba1e5edfd3aaac02b"
"data/kaggle_patch_pointer_v1/images/place_blue_cube_red_pad_seed_108.png","23274","622b3145c9e18f13a33dd50e20a3f82b38dd42e12728a43309aba083e21b0d78"
"data/kaggle_patch_pointer_v1/images/place_blue_cube_red_pad_seed_109.png","23418","8b61620482cb2467c6ee30d69b1f8dffc6827580bc9a9160e3941066dab989db"
"data/kaggle_patch_pointer_v1/images/place_blue_cube_red_pad_seed_110.png","23462","822ecf0cd1e8c349e1617374f57814b35cd73636434cdc02dde165ac86cf711f"
"data/kaggle_patch_pointer_v1/images/place_blue_cube_red_pad_seed_1100.png","23341","1818adcb28ebce75c96f52bee7172acc6123f6f27ef302a4def55d1034a3efee"
"data/kaggle_patch_pointer_v1/images/place_blue_cube_red_pad_seed_1101.png","23581","78107e7342f9ab52b44336ea81be9721533c2a817e5bbf1780b157d2f0e60bff"
"data/kaggle_patch_pointer_v1/images/place_blue_cube_red_pad_seed_1102.png","23403","c05e798fcb5998176c07dc5bfb4220a11064e88595f56d6dd2f1663b8b9caa2a"
"data/kaggle_patch_pointer_v1/images/place_blue_cube_red_pad_seed_1103.png","23271","12a5891957c3ee8a18c960c889151de558ab1ea480e12a283e57f4187d4ffee7"
"data/kaggle_patch_pointer_v1/images/place_blue_cube_red_pad_seed_1104.png","23613","cc0df00e1f950d15cfc200cae85f63f3b8d0105669c3076d3b72a5a0983ca26a"
"data/kaggle_patch_pointer_v1/images/place_blue_cube_red_pad_seed_1105.png","23165","a72cc89b7426a0a6d26a9620831fcd9f72592a02b805e793cecf4d536a9f3a79"
"data/kaggle_patch_pointer_v1/images/place_blue_cube_red_pad_seed_1106.png","23170","45418ff81c4d1a7d46cf04f5230907e4ecb5527395010a4e5525f312f0df347e"
"data/kaggle_patch_pointer_v1/images/place_blue_cube_red_pad_seed_1107.png","23200","f7f193bc1f6868b54d053f9ad3bfa13d33cfda46c7617e5b981b22520bd25212"
"data/kaggle_patch_pointer_v1/images/place_blue_cube_red_pad_seed_1108.png","23243","339a11e614714f1a369c19d981ce9b29bcfbdf0b65efeb78f5ef36170861b8a6"
"data/kaggle_patch_pointer_v1/images/place_blue_cube_red_pad_seed_1109.png","23410","16ee3c595dbff17b08e3194b1c38850559b6805168d9d84d978cc746cac7beb8"
"data/kaggle_patch_pointer_v1/images/place_blue_cube_red_pad_seed_111.png","23437","ef55ff384ba068f4f80110ed34a5fa173999410219b1c5dcfb0a2d9798110b19"
"data/kaggle_patch_pointer_v1/images/place_blue_cube_red_pad_seed_1110.png","23367","62fcdb1ae7380baba850c6cc9dc9945623993ef6ec78382d5602e4adc8398845"
"data/kaggle_patch_pointer_v1/images/place_blue_cube_red_pad_seed_1111.png","23110","bb1d7e16e9db191023fb780e1747bc020b9d3b6875912d1f2d8600213c349ac8"
"data/kaggle_patch_pointer_v1/images/place_blue_cube_red_pad_seed_1112.png","23265","cf980ce9516036be9bf36e87ad4447a445af3ff69ff5802deb1b80a3df6ba7d6"
"data/kaggle_patch_pointer_v1/images/place_blue_cube_red_pad_seed_1113.png","23328","ab580075e46d11e5bfb3938d682d73c726f4992bb74d75214980dc2889f1ef7d"
"data/kaggle_patch_pointer_v1/images/place_blue_cube_red_pad_seed_1114.png","23221","7fab88df8aa4cdd73b95dedfd5bfd5290d1c30b63c626a3ce93d01617ff6473b"
"data/kaggle_patch_pointer_v1/images/place_blue_cube_red_pad_seed_1115.png","23396","61559cc8c79ee91b95a6af85a1a7cb584566e8d421f96a666a23f88ed1657f49"
"data/kaggle_patch_pointer_v1/images/place_blue_cube_red_pad_seed_1116.png","23692","3b5d7eb399ce25d6ab8478aaefa63bf422ea50b9beac6a4cb77c66b8002f4e10"
"data/kaggle_patch_pointer_v1/images/place_blue_cube_red_pad_seed_1117.png","23103","5977e86a381c4dee6804031fd755f5a2d8b634221ade0c1696bc51a02260cf87"
"data/kaggle_patch_pointer_v1/images/place_blue_cube_red_pad_seed_1118.png","23370","c41f58a2292ba2709206b044c66ec706e0cd9159db9b686ee51dbeb2d0f29cff"
"data/kaggle_patch_pointer_v1/images/place_blue_cube_red_pad_seed_1119.png","23413","5c08dc9bbcd1b307bdb316e97b349177c149d884e05687a6e29b7319cdf8e477"
"data/kaggle_patch_pointer_v1/images/place_blue_cube_red_pad_seed_112.png","23326","3ef842da4afaa0de312c48b830848f592f0bf87fc9e50b6217b9373c9adc5661"
"data/kaggle_patch_pointer_v1/images/place_blue_cube_red_pad_seed_1120.png","23147","b91447878de84934fac1a2f49be41e56c83cebac870b97f4bfcb4b3a3af97a47"
"data/kaggle_patch_pointer_v1/images/place_blue_cube_red_pad_seed_1121.png","23505","999399746303bd864b57a27417d6b0efad75208d643edc3cc98984c2e8f49659"
"data/kaggle_patch_pointer_v1/images/place_blue_cube_red_pad_seed_1122.png","23221","74415c612aa9057242accb2b34a6537a764b73ad07071b131febbed7bbae81b3"
"data/kaggle_patch_pointer_v1/images/place_blue_cube_red_pad_seed_1123.png","23242","da6b142f85f54e30124524a98edfdc969b870f9c8cb34c03c998c5ad39fd5e06"
"data/kaggle_patch_pointer_v1/images/place_blue_cube_red_pad_seed_1124.png","23231","068bffe0468d8cf8d4ba3f7eec15e19fb8a6b79de4dd95917eda7e7813aa96f9"
"data/kaggle_patch_pointer_v1/images/place_blue_cube_red_pad_seed_1125.png","23174","cf5d6eb18f5b775bab1a2b6ffdbf05b55d9a3a99a91adee4a3091f8c1aebd17a"
"data/kaggle_patch_pointer_v1/images/place_blue_cube_red_pad_seed_1126.png","23300","83a8d86bfe0ef6eb7f9321c83ca59f24c08c0003f05143da1c1a02ad38ed9847"
"data/kaggle_patch_pointer_v1/images/place_blue_cube_red_pad_seed_1127.png","22997","1839a1269926898495daece28109bc02b3c4ae473dc47e1e06b6ff3493ec6b24"
"data/kaggle_patch_pointer_v1/images/place_blue_cube_red_pad_seed_1128.png","23186","cfa7b05d03930a711259fc3431479e2c719baf540d143cc209b6cdcf14ce7f36"
"data/kaggle_patch_pointer_v1/images/place_blue_cube_red_pad_seed_1129.png","23559","f7201f110c0f8f6d1b26b70c290b77616485b050839eb68e6a0a085b2a78f35b"
"data/kaggle_patch_pointer_v1/images/place_blue_cube_red_pad_seed_113.png","23411","ebde1f865ed566457bea0f183bde7d76c819cc85a1391f968c99a0d79d235288"
"data/kaggle_patch_pointer_v1/images/place_blue_cube_red_pad_seed_1130.png","23659","b088a5be3e0a2168f5909f7c24fe77fa34e971d0bd38d3ee075fb7e102db28d0"
"data/kaggle_patch_pointer_v1/images/place_blue_cube_red_pad_seed_1131.png","23265","783c32087d79e9d9915b276a83b34de1929f65fd7265bc8f25b9220e6fe2f30d"
"data/kaggle_patch_pointer_v1/images/place_blue_cube_red_pad_seed_1132.png","23108","5e720222d24116ac08f739c900c96fc1503b6a1c70f43e77bdc0899c457834a1"
"data/kaggle_patch_pointer_v1/images/place_blue_cube_red_pad_seed_1133.png","23518","fff17f8de0b95db892adf799686ffc6f162bcab7e1f7c4e9b146eca8bd722c54"
"data/kaggle_patch_pointer_v1/images/place_blue_cube_red_pad_seed_1134.png","23198","16829d532759505012a1109df9b000013393fc6143058cd2be86a5d1ce43c765"
"data/kaggle_patch_pointer_v1/images/place_blue_cube_red_pad_seed_1135.png","23403","966bcc5ffca7395c1a4370363f5214f18b0d739889663958edfa756de0792998"
"data/kaggle_patch_pointer_v1/images/place_blue_cube_red_pad_seed_1136.png","23274","3a0c5c838f3bfa08d34966a6cc12d9faae984b8f68c67bd3feca32d54600311c"
"data/kaggle_patch_pointer_v1/images/place_blue_cube_red_pad_seed_1137.png","23480","4cff77eb02f3228a073a880dae96755e30a9111dfd604b60640ed4cc46ba48e8"
"data/kaggle_patch_pointer_v1/images/place_blue_cube_red_pad_seed_1138.png","23436","e2763aaf465e0b13e4345143675a8535d4e5c51783ff227f66eec9d71096bdbd"
"data/kaggle_patch_pointer_v1/images/place_blue_cube_red_pad_seed_1139.png","23272","6183d63bc9b4d127b0de60a372cdc81aee868bc366c2fd091d2d01cf2c36e5e4"
"data/kaggle_patch_pointer_v1/images/place_blue_cube_red_pad_seed_114.png","23302","8ca0fff38e367fe2e44b23ba96242b06a902fc49e95e48b78053a25728767cc1"
"data/kaggle_patch_pointer_v1/images/place_blue_cube_red_pad_seed_1140.png","23311","7ac8e0488ba5b52eea3d40176115e8f55e9fd191a21461a5cb0ce8e20f95817e"
"data/kaggle_patch_pointer_v1/images/place_blue_cube_red_pad_seed_1141.png","23588","2a67094d0bf731a23876db73039fd597a19a21398543275c40fdca02d9bd7c7a"
"data/kaggle_patch_pointer_v1/images/place_blue_cube_red_pad_seed_1142.png","23433","db765242c2d81c557cb338e36a0c615888c80b3dfa9494607b0e0f5fac1ae7eb"
"data/kaggle_patch_pointer_v1/images/place_blue_cube_red_pad_seed_1143.png","23410","41cb6f653ad6ec5097796244ff75173c2fb42e403e3d41c351547250e78f9bf5"
"data/kaggle_patch_pointer_v1/images/place_blue_cube_red_pad_seed_1144.png","23399","51d677b09b0e52b333b85f8533f458fdebac526062f44c96591192411c26339a"
"data/kaggle_patch_pointer_v1/images/place_blue_cube_red_pad_seed_1145.png","23251","97c0d08a20cbb4faa90b2294d054d483f79612d53637d1d3f58bd9c7e603620b"
"data/kaggle_patch_pointer_v1/images/place_blue_cube_red_pad_seed_1146.png","23469","75df9edbb9b6d09c53295c2e64aab99ebbf700d60998b3ec31cc19c43d56f12b"
"data/kaggle_patch_pointer_v1/images/place_blue_cube_red_pad_seed_1147.png","23355","c443ff935562af930d3c9bc1e45678acfd73a1e9ccd18cf826e78265d146089c"
"data/kaggle_patch_pointer_v1/images/place_blue_cube_red_pad_seed_1148.png","23261","b314919e35de94ce0f7f72f6c8b65c19ea2e2126d25295dafbf7be5c03794fc6"
"data/kaggle_patch_pointer_v1/images/place_blue_cube_red_pad_seed_1149.png","23101","c4b124381a3a005a38dbd5e3df614b3ee3d725fe680e2145c8a48644304e7bc1"
"data/kaggle_patch_pointer_v1/images/place_blue_cube_red_pad_seed_115.png","23134","65df48814394a1b9237ec2f7c4d86c2eea1ab47db0823ed5debc4c615f1cab09"
"data/kaggle_patch_pointer_v1/images/place_blue_cube_red_pad_seed_1150.png","23536","88ce75d2a07e7866debf01df886a2eb144aac7c4832a7f4f735e932469e7b81f"
"data/kaggle_patch_pointer_v1/images/place_blue_cube_red_pad_seed_1151.png","23196","2aeb255f5da77a308fe7615df7bcfbd35b0f5005a38b028b7a014c160b0092a6"
"data/kaggle_patch_pointer_v1/images/place_blue_cube_red_pad_seed_1152.png","23348","fd45516f858cc6c91d0e166543d590f34ace966d50420da5fcbf3e1dd1050c63"
"data/kaggle_patch_pointer_v1/images/place_blue_cube_red_pad_seed_1153.png","23489","26eed2de34712dd30e477c21235df42685d591f07af38678e07204156ee7476e"
"data/kaggle_patch_pointer_v1/images/place_blue_cube_red_pad_seed_1154.png","23419","999cfa460ca6ceecfa18a4036dc7d1078c282247be5cef6a43b23014b8b97a1f"
"data/kaggle_patch_pointer_v1/images/place_blue_cube_red_pad_seed_1155.png","23186","16d348b690a4a43c152ba756707848ffe79ce2596d5ec45f3265a30f08d53bab"
"data/kaggle_patch_pointer_v1/images/place_blue_cube_red_pad_seed_1156.png","23285","907cade00b12f32716072e898f5a6896f622d00e34a44a67b3c6a057d4947b06"
"data/kaggle_patch_pointer_v1/images/place_blue_cube_red_pad_seed_1157.png","23381","2053b68be348d27b96fdd966e07a5b639bb822146ff02b91db37675cf056081d"
"data/kaggle_patch_pointer_v1/images/place_blue_cube_red_pad_seed_1158.png","23055","164c09c973de19a01267d6995703178066c06b5e27aa57a4f297c46681fcde82"
"data/kaggle_patch_pointer_v1/images/place_blue_cube_red_pad_seed_116.png","23558","7dd26868567beb25984a198f6fc6c8ed82b5091f19accebbe8d2cdfbf0131aa7"
"data/kaggle_patch_pointer_v1/images/place_blue_cube_red_pad_seed_1160.png","23295","64240321b3768fcfb466b27041c443a6cbef61d369e1898adfdb1e731d72b9e5"
"data/kaggle_patch_pointer_v1/images/place_blue_cube_red_pad_seed_1161.png","23112","6fc815649e730b73235b15cc02a596dbc100051278d7758f15f19cc901994876"
"data/kaggle_patch_pointer_v1/images/place_blue_cube_red_pad_seed_1162.png","23230","1c2c9e02e2d936f1923966a7c7c46bb74d56ab23fe132893189138512a02260f"
"data/kaggle_patch_pointer_v1/images/place_blue_cube_red_pad_seed_1163.png","23222","67c18f64a12b5fb7a5e4851472a347b0e9c1e85d5e48b33c03cb4fe03aeca76b"
"data/kaggle_patch_pointer_v1/images/place_blue_cube_red_pad_seed_1164.png","23127","0d0e74202aeb24a872e2c63746fca1a3f02bc11937c8d38dcaa358aa4b0afab6"
"data/kaggle_patch_pointer_v1/images/place_blue_cube_red_pad_seed_1165.png","23186","9fc5f4b8334d4a706e8c7b7be004d89f201767b7a4a21a1125b48f250d2dd4a8"
"data/kaggle_patch_pointer_v1/images/place_blue_cube_red_pad_seed_1166.png","23271","2f0c81c155c5494e4825766eca0f7b801b6e79a878ce8377dfa15ba2ceadb49b"
"data/kaggle_patch_pointer_v1/images/place_blue_cube_red_pad_seed_1167.png","23516","04f29ff731271a63c33c518ba715b2e3c7bd8c6ed2d19ec66900f070aa49a51a"
"data/kaggle_patch_pointer_v1/images/place_blue_cube_red_pad_seed_1168.png","23147","d9e2386db4c976bb6396f934e4bb425273f31e00bd4447d8df702d612f60a010"
"data/kaggle_patch_pointer_v1/images/place_blue_cube_red_pad_seed_1169.png","23467","be6f880824a14f4bf8b07197792f7283576ff520318fb52a4bdd26c8f324aa3a"
"data/kaggle_patch_pointer_v1/images/place_blue_cube_red_pad_seed_117.png","23325","61b17dad691f1eee88020a889ac5b25e0ca787f888102a6bed95136764c7e8d9"
"data/kaggle_patch_pointer_v1/images/place_blue_cube_red_pad_seed_1170.png","23236","ea0e0cba4e937ecfc4ba73db9aa3b1fb201c1163e03389b326f6a93884004c58"
"data/kaggle_patch_pointer_v1/images/place_blue_cube_red_pad_seed_1171.png","23280","2efc3ba0079ac758dc4efb06bf67a2ef728de5c01b62cbd530eb57878ad0e6bf"
"data/kaggle_patch_pointer_v1/images/place_blue_cube_red_pad_seed_1172.png","23044","d9a707b61060ce28e6cb9443d39d41985ebddffc255d465f3afbaba07ae8ee93"
"data/kaggle_patch_pointer_v1/images/place_blue_cube_red_pad_seed_1173.png","23356","3429396ce64c613554cd9c14c53e7bac872354e03a09182df1818c5a434a0c2e"
"data/kaggle_patch_pointer_v1/images/place_blue_cube_red_pad_seed_1174.png","23275","0be31164dd55443975d38b10ba3b7bbfff4a9a0cf6b342b1c05962d68599210f"
"data/kaggle_patch_pointer_v1/images/place_blue_cube_red_pad_seed_1175.png","23136","6d1340d14965afbae95511e22a7d8a798384189f81ae028f510d06586c6bfbe2"
"data/kaggle_patch_pointer_v1/images/place_blue_cube_red_pad_seed_1176.png","23227","73fa61fb806a39a2699b616afb61a4570f71f52d860c3700b94ca15b4f4cb1ce"
"data/kaggle_patch_pointer_v1/images/place_blue_cube_red_pad_seed_1177.png","23181","797d9406a14b8a02d37536f5696d1037d8b36ec0ecf34e3fa64d8bcb4215f5be"
"data/kaggle_patch_pointer_v1/images/place_blue_cube_red_pad_seed_1178.png","23430","cbe4970c9cf544f34a71bf4701db2c94cd19934bbc23dd680c2d17364045da9a"
"data/kaggle_patch_pointer_v1/images/place_blue_cube_red_pad_seed_1179.png","23180","22533244261134bc272d759f43458da4dbacbd348e07402bac6d576c5050511b"
"data/kaggle_patch_pointer_v1/images/place_blue_cube_red_pad_seed_118.png","23348","15b4265cdf3e9d55a61cb1588faeffa235eb918ea93cad4ba716c64ed0f77498"
"data/kaggle_patch_pointer_v1/images/place_blue_cube_red_pad_seed_119.png","23495","55bfb42a67badee74052e5a0bc533e932e65ecd4d0863d5fb1c64c900f9f838d"
"data/kaggle_patch_pointer_v1/images/place_red_cube_red_pad_seed_1200.png","23160","34e859c474e705747ea26cf590624e94da068476bf6f6d15903e64df9c7c61d4"
"data/kaggle_patch_pointer_v1/images/place_red_cube_red_pad_seed_1201.png","23377","4624202ac736f66209937736a36e8cc08915f0665d65ae1b0dff8d79528c8132"
"data/kaggle_patch_pointer_v1/images/place_red_cube_red_pad_seed_1202.png","23381","1ef3b4ac15db6e49c785a1d69efbd28572e8f8139bfd14b024715449fe711b5e"
"data/kaggle_patch_pointer_v1/images/place_red_cube_red_pad_seed_1203.png","23463","f5914dd6df4db6aa323451f6ea69b10e8eb57fd4c51706ea8aa0b0d0fd16aae8"
"data/kaggle_patch_pointer_v1/images/place_red_cube_red_pad_seed_1204.png","23415","1ab8a9bf6ca690722a97b06a2c4913a160950d990f48388a7c29d3714ab3e485"
"data/kaggle_patch_pointer_v1/images/place_red_cube_red_pad_seed_1205.png","23355","e426fad75e8261b11b5fd4c2b889712f1fe4c6ed61d825bbbd1b895103a86f20"
"data/kaggle_patch_pointer_v1/images/place_red_cube_red_pad_seed_1206.png","23102","f73fda57d1926bd536443e2dfa091e04d82939ba8714dd388c22c5979ca51eee"
"data/kaggle_patch_pointer_v1/images/place_red_cube_red_pad_seed_1207.png","23376","c14ee5530887a3f395793ca66eab7c8a5196f19590888e92a4e3a96ccd10fd02"
"data/kaggle_patch_pointer_v1/images/place_red_cube_red_pad_seed_1208.png","23512","8342002ff2e1ca2f9281c35517201eda07f5f34634ba4a1d18de983ab3b13725"
"data/kaggle_patch_pointer_v1/images/place_red_cube_red_pad_seed_1209.png","23279","b29fdadb0e00c270da418b91daaba35261119ad1bcc25ea49234a71d08ab3b0e"
"data/kaggle_patch_pointer_v1/images/place_red_cube_red_pad_seed_1210.png","23282","1c3e6b09d4839c915500a8aa029165a92997cb366c50d56fae352ab16ea6a7b2"
"data/kaggle_patch_pointer_v1/images/place_red_cube_red_pad_seed_1211.png","23240","50cffbbd3e174de40b51e3f5dc0d090d56fea4a01bc60b05eb48cabd1a917554"
"data/kaggle_patch_pointer_v1/images/place_red_cube_red_pad_seed_1212.png","23363","959c8f1fbb1ccc969b11cc3c14b2cdb05e31ac1136337474e70d0f48f7d5823e"
"data/kaggle_patch_pointer_v1/images/place_red_cube_red_pad_seed_1213.png","23417","979c71fd4bf0fae41e87dbd22c0533f90cad0e499b4529c2dd5421bfe0d16d82"
"data/kaggle_patch_pointer_v1/images/place_red_cube_red_pad_seed_1214.png","23278","b73258d103c413fbfa8ef1393360a094190259b5da8f01fad0c3ebbf861c480b"
"data/kaggle_patch_pointer_v1/images/place_red_cube_red_pad_seed_1215.png","23281","61b161644bd122a67ad675977cea81b4435bb4b12ef41881f506b67f49e3cdfd"
"data/kaggle_patch_pointer_v1/images/place_red_cube_red_pad_seed_1216.png","23358","11dd5843ae4542a8078e3a75b77d6b8fcd6a8e6780148815d6de9c8fc21ba480"
"data/kaggle_patch_pointer_v1/images/place_red_cube_red_pad_seed_1217.png","23196","dd4388a3508fa070e815a029592d5b094448088e3f97bfe7cee8f41fdb73aeb3"
"data/kaggle_patch_pointer_v1/images/place_red_cube_red_pad_seed_1218.png","23467","4d8b7857c330a1719d384d8729acf150cd4e9fbae7b576df6fcd8799c5f6f89c"
"data/kaggle_patch_pointer_v1/images/place_red_cube_red_pad_seed_1219.png","23098","c49bf3ef46c386b43987c232b6009d4e182d505eae7fb10b34a2022226aecd52"
"data/kaggle_patch_pointer_v1/images/place_red_cube_red_pad_seed_1220.png","23209","8d09abe72c8799e0a48ce0f7cada6342a53faa00c6f0ecab0b9d3f855064abc5"
"data/kaggle_patch_pointer_v1/images/place_red_cube_red_pad_seed_1221.png","23084","4c6949024aacc9f35fd06dc94ce5f58f6a273241747fbb3528740e86ab75c817"
"data/kaggle_patch_pointer_v1/images/place_red_cube_red_pad_seed_1222.png","23267","9e0010ea0fdf58b7b0b43f889b43655126926c0db4c280df942cc79f69ad9e31"
"data/kaggle_patch_pointer_v1/images/place_red_cube_red_pad_seed_1223.png","23441","29cdda00c71343da06682a3b93804256ccb4fabe948ee78836a8c18aec90dfbe"
"data/kaggle_patch_pointer_v1/images/place_red_cube_red_pad_seed_1224.png","23276","34e896b7c949fb0fb2a7c94e06b5aef2023e0c58538b398badbad74c19e8948f"
"data/kaggle_patch_pointer_v1/images/place_red_cube_red_pad_seed_1225.png","23530","61ebb281f799604377531f9083587658bf5a2867cc5cb9e8e8e11ae42f42aeb1"
"data/kaggle_patch_pointer_v1/images/place_red_cube_red_pad_seed_1227.png","23122","ed374ce87107cedf1ea843940157249421bd773eaf9acf2566e794affa7eb4f3"
"data/kaggle_patch_pointer_v1/images/place_red_cube_red_pad_seed_1228.png","23340","a9a4ea1d56ba20b532e8e17094dfdfa58fc6c550f8ff2db0bc49d5fca9e06ae2"
"data/kaggle_patch_pointer_v1/images/place_red_cube_red_pad_seed_1229.png","23373","cd9c5df82f7dc5689785cf737e57d1a795aa9bdfcf430fba4b7d43ec7590edcf"
"data/kaggle_patch_pointer_v1/images/place_red_cube_red_pad_seed_1230.png","23194","15342fcf38c7ef8f3c4d958e8a8fcb729a27de17008ff49a1843cf49a0827ed8"
"data/kaggle_patch_pointer_v1/images/place_red_cube_red_pad_seed_1231.png","23343","9a5e86d492dbd8330942edf7538314dc9bcdff3623c67e2c533565433119cdc1"
"data/kaggle_patch_pointer_v1/images/place_red_cube_red_pad_seed_1232.png","23493","166a7d0b1daccd9cdfda0a13bb40c2781ae5039d7aa6984214f3b7ebed9d7e1b"
"data/kaggle_patch_pointer_v1/images/place_red_cube_red_pad_seed_1233.png","23530","e1f3a0e69f2b7343a26140a121e66159e5b33f00f78541ab636b7e92e29c273c"
"data/kaggle_patch_pointer_v1/images/place_red_cube_red_pad_seed_1234.png","23475","de02670820c310348646819f9b26cd8da0f57e314f50b5ae88b13205d2c81fac"
"data/kaggle_patch_pointer_v1/images/place_red_cube_red_pad_seed_1235.png","23253","9287129d3df4cb23912eea752df241bbcc82d58420ef7b7134c291922ba1582b"
"data/kaggle_patch_pointer_v1/images/place_red_cube_red_pad_seed_1236.png","23480","55b602fc0cc3a94065f13b68b917ff8da1dfd9c4eafbfa5b79148b0c8e5bd75f"
"data/kaggle_patch_pointer_v1/images/place_red_cube_red_pad_seed_1237.png","23208","99f48c971c5ab6b79000aa47fda7641b6b66fd848c249f2d325513f5112600ce"
"data/kaggle_patch_pointer_v1/images/place_red_cube_red_pad_seed_1238.png","23252","d3393ca15cea9b57a1bf720a4d94c6b219e779e98d853eb9ff3c4b9439698d2e"
"data/kaggle_patch_pointer_v1/images/place_red_cube_red_pad_seed_1239.png","23162","e7fcafcf92912e2cafd86bfa5ffde3b964a4e99ade1e917e7d2af383eb41e514"
"data/kaggle_patch_pointer_v1/images/place_red_cube_red_pad_seed_1240.png","23248","91e0d28a4e9d59097d5b6769d947ed984ab97bff47b4ac1ac3e1615811edffdf"
"data/kaggle_patch_pointer_v1/images/place_red_cube_red_pad_seed_1241.png","23337","d6edb59b0b8cd4523734dbdccb4f414109ba8cee20760926cf91b09376f57fee"
"data/kaggle_patch_pointer_v1/images/place_red_cube_red_pad_seed_1242.png","23546","f84ad7633018c6e4d17c2e18d1b73d4fa03ef4a9396bda2cc74ead3b981fd1f1"
"data/kaggle_patch_pointer_v1/images/place_red_cube_red_pad_seed_1243.png","23211","494422c39b49467fc64ff2e4882d57661f30a0e3e675a5bc5c5526d7b700f6d8"
"data/kaggle_patch_pointer_v1/images/place_red_cube_red_pad_seed_1244.png","23194","838c1f472d164a3f852864cd71796a7c8c3124ce94beb1c3880fc01c2a848842"
"data/kaggle_patch_pointer_v1/images/place_red_cube_red_pad_seed_1245.png","23553","da6f5000e70e298a192d7681408758a319e3bbb2e88d027246ec622eaa311f16"
"data/kaggle_patch_pointer_v1/images/place_red_cube_red_pad_seed_1246.png","23331","f6175662204d6ac35d8b1e16b0d253740221cf95333989214391181ea081676b"
"data/kaggle_patch_pointer_v1/images/place_red_cube_red_pad_seed_1247.png","23459","7b979dbd8b987ea84e5b5fbf3472c8bc51a5eced858471185c79c84bc1560111"
"data/kaggle_patch_pointer_v1/images/place_red_cube_red_pad_seed_1248.png","23277","0d2654bf102fc568800e73305b72f3e4f7407cbdad3d1a3132bcec3b0197928f"
"data/kaggle_patch_pointer_v1/images/place_red_cube_red_pad_seed_1249.png","23174","0e5f574eb3ca356ffcfa71d45d1476cdf6dcbeb3cd9214c501ef9e0d72253117"
"data/kaggle_patch_pointer_v1/images/place_red_cube_red_pad_seed_1250.png","23326","ed9f5c813a0adac86e8348421a80a57243eed0b3e7b0bb92a0d009e83a9923b6"
"data/kaggle_patch_pointer_v1/images/place_red_cube_red_pad_seed_1251.png","23210","6fcd523195d22b0d72121d7e7359dd9d7fb908fc676d29f9a633b31d3117c086"
"data/kaggle_patch_pointer_v1/images/place_red_cube_red_pad_seed_1252.png","23074","471d141c189090950e58dfe427459d1480f2bb77676b5e06e13b99183d93aecf"
"data/kaggle_patch_pointer_v1/images/place_red_cube_red_pad_seed_1253.png","23248","a926c276fd33e0a741524012b84fd9189b29378a934e6a474986c8014a916122"
"data/kaggle_patch_pointer_v1/images/place_red_cube_red_pad_seed_1254.png","23471","579a1d9fd80fb52a85b2cc68b418065ad0dbc0d952c9d0b82a897ac92083530f"
"data/kaggle_patch_pointer_v1/images/place_red_cube_red_pad_seed_1255.png","23503","7d292ab6f16ee9a1c52e2c6642115768ea46753f522233239ce36d1f4ac3e416"
"data/kaggle_patch_pointer_v1/images/place_red_cube_red_pad_seed_1256.png","23278","69f5dafae4df19001d66f1efed4d253fc03259a2f569ecf70e8c536296827007"
"data/kaggle_patch_pointer_v1/images/place_red_cube_red_pad_seed_1257.png","23582","cac44bd5e4f33d81dd7195486f3c70bf0389941ef19351d19521326ff3eac234"
"data/kaggle_patch_pointer_v1/images/place_red_cube_red_pad_seed_1258.png","23301","728e24e070b93843c428862cff32499de0e235b45867bc1e19812cadfd617304"
"data/kaggle_patch_pointer_v1/images/place_red_cube_red_pad_seed_1259.png","23109","dd2d6cb98ffd80a04a55b2e584cde8a7e454bfb8667a21258d1b1c8f41c358aa"
"data/kaggle_patch_pointer_v1/images/place_red_cube_red_pad_seed_1260.png","23232","7ea12eeb55d919c7c94a40d4bd9daff277228887e08f40c1e68a9503d86d6a5b"
"data/kaggle_patch_pointer_v1/images/place_red_cube_red_pad_seed_1261.png","23327","73ade431b683394763a5cdc3e8288848febfcce653a99f056a8c6987dee78a0e"
"data/kaggle_patch_pointer_v1/images/place_red_cube_red_pad_seed_1262.png","23448","746c72a4450aabbae377a2728224ab3c9017f06ca96334f14deb804a7748dfb1"
"data/kaggle_patch_pointer_v1/images/place_red_cube_red_pad_seed_1263.png","23549","e784eebf6d8d24c4b13a09fa92a8a1907d6abb6c556b403558a24fde5a97e07f"
"data/kaggle_patch_pointer_v1/images/place_red_cube_red_pad_seed_1264.png","23301","736b7712e22e9924084821d048d122d680f9fa61e3d8db2abbe979905a6ea4c6"
"data/kaggle_patch_pointer_v1/images/place_red_cube_red_pad_seed_1265.png","23393","a523a98f04f79b49d71ec4c0801c89f8c536a1f61abf576a238e453c75ddd42b"
"data/kaggle_patch_pointer_v1/images/place_red_cube_red_pad_seed_1266.png","23292","8e54d9c2d7ded6bb79fdc9a4fa9cc5686e258b2173597b2ece024262c63e1a82"
"data/kaggle_patch_pointer_v1/images/place_red_cube_red_pad_seed_1267.png","23466","c40a326fa64718d4e7b6ce78757cf8482be58acbfc4eb1f27a72d44474dfb669"
"data/kaggle_patch_pointer_v1/images/place_red_cube_red_pad_seed_1268.png","23088","515c744e1b5a0fffa2cb79caaa5a5ad81f9e8c1033f53566f28a27fd1bfde137"
"data/kaggle_patch_pointer_v1/images/place_red_cube_red_pad_seed_1269.png","23229","39651cae9f671be5e0b9bbd6ca125a090154a78588b41d96a1fb836c8b2c9c35"
"data/kaggle_patch_pointer_v1/images/place_red_cube_red_pad_seed_1270.png","23314","4f32363344533da321fa57db560585a81d4cf1ba462cb83798356c47364a3772"
"data/kaggle_patch_pointer_v1/images/place_red_cube_red_pad_seed_1271.png","23114","b1cc5c12277aab96a1b9223223519b5ea5ef6362ef2a78c9ed10bab850cf5fc5"
"data/kaggle_patch_pointer_v1/images/place_red_cube_red_pad_seed_1272.png","23400","d942fee626bab4ad504068788497d047cfced3fa39017d3960832e2a3efb3ce2"
"data/kaggle_patch_pointer_v1/images/place_red_cube_red_pad_seed_1273.png","23417","b4dd6e30ad48c2b530d5dd488f0d1d37701ffbd68ddef07e1797d35536150594"
"data/kaggle_patch_pointer_v1/images/place_red_cube_red_pad_seed_1274.png","23540","7cfc2db70689baf96b9fc58e0e7a156f32f4d2f4df328d0c7ab6af8a0d844666"
"data/kaggle_patch_pointer_v1/images/place_red_cube_red_pad_seed_1275.png","23469","ee4ca9c9729577df38fec0ef918d2e6f5b06722c4e63c57186cbd53452f4b7dc"
"data/kaggle_patch_pointer_v1/images/place_red_cube_red_pad_seed_1276.png","23604","31ac9036b6d76765596922edaf19ce5c48e358eed332c53db049320b7976b214"
"data/kaggle_patch_pointer_v1/images/place_red_cube_red_pad_seed_1277.png","23036","c3e011ba9ea409edbaf4289d855897d79b74e88b328d6ff5ad706545f7d5e6e3"
"data/kaggle_patch_pointer_v1/images/place_red_cube_red_pad_seed_1278.png","23534","7376218c70e8af602cd830f9b554b6a77aa0ebd51395e84fce8e3d0fd71ec2bf"
"data/kaggle_patch_pointer_v1/images/place_red_cube_red_pad_seed_1279.png","23223","2db69b6013b8fdf451b7d393bde28d8dbe08c1ef3a5bbafd28f7cf134f075b0e"
"data/kaggle_patch_pointer_v1/images/place_red_cube_red_pad_seed_200.png","23191","6b46cc049700dd0d2822d8042adf71c33ffcce18b798c4ef71d50e833b8c4155"
"data/kaggle_patch_pointer_v1/images/place_red_cube_red_pad_seed_201.png","23263","9496d29c45bbd4af0422fca03b50b614217d7533058998470fdfc1ed1059b937"
"data/kaggle_patch_pointer_v1/images/place_red_cube_red_pad_seed_202.png","23212","fd5195fbb63361c51242f1d305cfc27943870316ca83dd895e4305a8add51346"
"data/kaggle_patch_pointer_v1/images/place_red_cube_red_pad_seed_203.png","23155","38accb0ab053a1ecd45b874a0b8ad797ad33a5841b57461e578e064701ddc5b0"
"data/kaggle_patch_pointer_v1/images/place_red_cube_red_pad_seed_204.png","23218","73fbbbc494daa1a1dbc6fa17075e1079638c4017f5a832b793d97955555f8e75"
"data/kaggle_patch_pointer_v1/images/place_red_cube_red_pad_seed_205.png","23326","26d0d72e9c7b7ec00e46883e89a655d0188b6a5d0ecc84d2a4adf6fa92cd05bb"
"data/kaggle_patch_pointer_v1/images/place_red_cube_red_pad_seed_206.png","23123","91eaf975357a75d6c3dcaf6c6a92b2204944d32fae354ec5d4d521e40037d6a8"
"data/kaggle_patch_pointer_v1/images/place_red_cube_red_pad_seed_207.png","23122","a58a22528607414d54c90efe46898d7ecc74520a1643e98ea8496a7646869eab"
"data/kaggle_patch_pointer_v1/images/place_red_cube_red_pad_seed_208.png","23286","0d3d705251492cc88fb38dc4da54b8c7cd8e66dbc8f85956d17e199352fd802d"
"data/kaggle_patch_pointer_v1/images/place_red_cube_red_pad_seed_209.png","23483","689cb97865205e1cbe067a165ee09861910dea5aa59c517c247bde21922d6df1"
"data/kaggle_patch_pointer_v1/images/place_red_cube_red_pad_seed_210.png","23000","3f42dfb97ad084288bc0414b6834401c8705e4a2f0e2868017aafb1206d9b4e5"
"data/kaggle_patch_pointer_v1/images/place_red_cube_red_pad_seed_211.png","23501","c1456d913b0d8f3f25bba2e98352ad486400bc7608cc2a272f992d1b67608cac"
"data/kaggle_patch_pointer_v1/images/place_red_cube_red_pad_seed_212.png","23371","8edebb1e6819431dce369e0315f049224f47b95dc3b3540f7596fdc11b2838c0"
"data/kaggle_patch_pointer_v1/images/place_red_cube_red_pad_seed_213.png","23444","eb11bca195e4cadee32ddbdab5c1a0052b78ad66d7a2e3fb9a915e24fad281f4"
"data/kaggle_patch_pointer_v1/images/place_red_cube_red_pad_seed_214.png","23295","12e8f51397a7cad70d0d628b2168a2405320537b07894b06b0ed7198774ab28d"
"data/kaggle_patch_pointer_v1/images/place_red_cube_red_pad_seed_215.png","23257","1cd66ab2192a60a934f72f76e0ac0be3a40e3d42e8c977b7aa2e1866b0076633"
"data/kaggle_patch_pointer_v1/images/place_red_cube_red_pad_seed_216.png","23356","e3b5849e416ecff6fd07ce088217bedbdbe9e445038bf15627e037365bf88d8c"
"data/kaggle_patch_pointer_v1/images/place_red_cube_red_pad_seed_217.png","23297","bb609bcd8b69d23fc8736e655fa265988d0cff40375e4e2912f501e9c9e8fa72"
"data/kaggle_patch_pointer_v1/images/place_red_cube_red_pad_seed_218.png","23447","58706fab866fb732f1c723a66556546b8f616bcc81bb263cd5cc47449daf9944"
"data/kaggle_patch_pointer_v1/images/place_red_cube_red_pad_seed_219.png","23475","10fe105adb5498ab8291c8e4e5db2b89e79cbcb4fdc283f06cfcb3ee12bc9fd4"
"data/kaggle_patch_pointer_v1/kaggle_train_patch_pointer.ipynb","1471","e96abfd74feb41c6f71a1b55e292e9de1cd5e6acbf83c081d0501caab2273349"
"data/kaggle_patch_pointer_v1/KAGGLE_UPLOAD.md","764","41935d6ccfe5670dca3414526a20489302b44866b5afdaed5162e63932f4b64e"
"data/kaggle_patch_pointer_v1/manifest.json","2814","ced9107a64015db9ea9774dc2a4afad49775b89fdbcd7903c287b583a43747b2"
"data/kaggle_patch_pointer_v1/requirements.txt","44","24631de1be4c25c2c5579d21b95b5ad9861ace86c3bb3e9a8e28a1d334438533"
"data/kaggle_patch_pointer_v1/samples.jsonl","267997","305bed11435074c5707872263b94cc41739b189c562d20397b28324ecd074c85"
"data/kaggle_patch_pointer_v1/scripts/kaggle_train_patch_pointer.py","12003","e0dce23bb5016f4da1aa6d0ba9571318a7c25f67f07f600eed6bae87e8d74bd8"
"data/kaggle_patch_pointer_v2/images/move_leftmost_cube_to_bowl_seed_1300.png","23644","59611c1c14363ec62d0b50016f77f9a99fef30ba94504385de66f1f7d8da8905"
"data/kaggle_patch_pointer_v2/images/move_leftmost_cube_to_bowl_seed_1301.png","23586","ec9ed489c0dd60f6388788f8d8a7a74d0bf7389db7d29a77549d46a049fee6a8"
"data/kaggle_patch_pointer_v2/images/move_leftmost_cube_to_bowl_seed_1302.png","23497","62bf26b04f7d11cc3d8ef5f5956578012969d0bd8aeb3c340b6bbe5876270b43"
"data/kaggle_patch_pointer_v2/images/move_leftmost_cube_to_bowl_seed_1303.png","23433","a7edcd639715f8443e66a06e053d6ac219bc392db44f8b29e3b71e2b2030a749"
"data/kaggle_patch_pointer_v2/images/move_leftmost_cube_to_bowl_seed_1305.png","23536","0759409294b2a6788e2f20579c0f1218544b9936af6570178204ebc66d090afa"
"data/kaggle_patch_pointer_v2/images/move_leftmost_cube_to_bowl_seed_1306.png","23560","7d7bb5b7f37950f2a5f0875f456c7083430bf1d512e5d6c160b4158a0883c108"
"data/kaggle_patch_pointer_v2/images/move_leftmost_cube_to_bowl_seed_1307.png","23558","d3fbc944976ae2c8ffee70dae82d7c0e43a2af1a3e6e7c1cddac10710bb0fe24"
"data/kaggle_patch_pointer_v2/images/move_leftmost_cube_to_bowl_seed_1308.png","23688","1e3dd7a7d406cf68c2076e571889ca295d7c980f2514083ce55dd5b3026ad743"
"data/kaggle_patch_pointer_v2/images/move_leftmost_cube_to_bowl_seed_1309.png","23551","ce66053a3f34d0e79796ed286f767531a6056c30f3a4f2929a3f896feadfab93"
"data/kaggle_patch_pointer_v2/images/move_leftmost_cube_to_bowl_seed_1310.png","23606","3bde2841ab138e6d5c953d48b89a4a1bfe36bcc98bb2103f2a12f3749d64265c"
"data/kaggle_patch_pointer_v2/images/move_leftmost_cube_to_bowl_seed_1311.png","23467","1015f6eef6f48c23dea39f86ff1e6f6e6dbf167365003b6548bc28e7efc88826"
"data/kaggle_patch_pointer_v2/images/move_leftmost_cube_to_bowl_seed_1312.png","23517","f9c593d684208173a2f93d8d2683c8ef36f1f523979994e7f622896a52d7aa44"
"data/kaggle_patch_pointer_v2/images/move_leftmost_cube_to_bowl_seed_1313.png","23642","330506bf20b1b9d5f4f28e1a0ae71c5735f2e73fc352521bf4a3cfcb19f5f203"
"data/kaggle_patch_pointer_v2/images/move_leftmost_cube_to_bowl_seed_1314.png","23633","5b0672ae309fe1d854861894d93ddbf67ddffc3b54df7d31c02ad4e7eca85c4a"
"data/kaggle_patch_pointer_v2/images/move_leftmost_cube_to_bowl_seed_1315.png","23579","c6ca5c68232f19cbc5c07a0f3715db006ead7d240eb3781522b5c1347e5f4fc3"
"data/kaggle_patch_pointer_v2/images/move_leftmost_cube_to_bowl_seed_1316.png","23524","2a633aed34e98d73e6dbf143286d1f705dc662a98d05ce035a00e0b3a19dad59"
"data/kaggle_patch_pointer_v2/images/move_leftmost_cube_to_bowl_seed_1317.png","23566","243308763b1b5856234b00723c36af71a27d27b977289524af995140064a3dc5"
"data/kaggle_patch_pointer_v2/images/move_leftmost_cube_to_bowl_seed_1318.png","23741","5171a9ee473721962bdc1a30919f47a59c1c833de8a1574eb5f0a3c6cc2e34bc"
"data/kaggle_patch_pointer_v2/images/move_leftmost_cube_to_bowl_seed_1319.png","23567","1c37229bcb357c7b821f0917a55a9a9c98f063fe77606818d6a8d5aecf39cf37"
"data/kaggle_patch_pointer_v2/images/move_leftmost_cube_to_bowl_seed_1320.png","23596","4752e4461a15c5f417c71ec2c729e42292a90085895ba489d9b8511f240b607d"
"data/kaggle_patch_pointer_v2/images/move_leftmost_cube_to_bowl_seed_1321.png","23547","09ac9fa56054f20f0be2eb87e61ccdc340ffb8a7657f7e344a7138eb9f760dad"
"data/kaggle_patch_pointer_v2/images/move_leftmost_cube_to_bowl_seed_1322.png","23534","700a67e7d1c0ec8cc150aa71d730992e339ab57b34888a97197f3ca7b16b3a9c"
"data/kaggle_patch_pointer_v2/images/move_leftmost_cube_to_bowl_seed_1323.png","23579","18ac43cde6bbac73c9623046153804407873b674ccbed425c7cddc3fbc16288d"
"data/kaggle_patch_pointer_v2/images/move_leftmost_cube_to_bowl_seed_1324.png","23560","e8482db40b699811ebb1408c3f9f3b92dc96bbeb5498e3c844ffad49975005cc"
"data/kaggle_patch_pointer_v2/images/move_leftmost_cube_to_bowl_seed_1325.png","23594","ba866d411f10cb13521585e9dc6ec44f4f6fc6699d369515968867e21c8d1cb9"
"data/kaggle_patch_pointer_v2/images/move_leftmost_cube_to_bowl_seed_1327.png","23473","b4f016a502d824195b5d04c62aca47f8898e42706d9db69a0b9beaceb8732915"
"data/kaggle_patch_pointer_v2/images/move_leftmost_cube_to_bowl_seed_1328.png","23720","2bd4c1d2d952f8e3e80ddd16f9b05f4bc70320ea4225240b7e78a6cea6c90760"
"data/kaggle_patch_pointer_v2/images/move_leftmost_cube_to_bowl_seed_1329.png","23640","e5e85774694f66fe6a8fca3beb06f2cbc291ea4d7daef7cbf46351f1b1d2f900"
"data/kaggle_patch_pointer_v2/images/move_leftmost_cube_to_bowl_seed_1330.png","23634","1632a6991a8b5514c1efe3eb1e81671141a6eef0ccea547bb56ffa8c29ed94d5"
"data/kaggle_patch_pointer_v2/images/move_leftmost_cube_to_bowl_seed_1331.png","23561","583d93d1a6d2acff15b55a9e81cbeaaf8f82f817380778c3cc5e6d8715fcacbe"
"data/kaggle_patch_pointer_v2/images/move_leftmost_cube_to_bowl_seed_1332.png","23586","3c078d3ced17df39c800eee4c4d3b45b60c418b7ac1f8cb683bb802054b1a2c3"
"data/kaggle_patch_pointer_v2/images/move_leftmost_cube_to_bowl_seed_1333.png","23634","be466f95f79629cefe02f66a5e8b8f5a3d0758dcd3a32faa1156f825617c5bf1"
"data/kaggle_patch_pointer_v2/images/move_leftmost_cube_to_bowl_seed_1335.png","23652","3d33367d82858075d8297cb43bd1851850ff54234e9d0115d54ba584c651f1f7"
"data/kaggle_patch_pointer_v2/images/move_leftmost_cube_to_bowl_seed_1336.png","23694","6a208a8ef95c923f7acfa029dd34f25a71a76386a16ca13cd5765e04f10ddc19"
"data/kaggle_patch_pointer_v2/images/move_leftmost_cube_to_bowl_seed_1337.png","23644","4689119fa7d06639f792e992509fe96dc817bc26b2829f6204e9f5c9be10cd91"
"data/kaggle_patch_pointer_v2/images/move_leftmost_cube_to_bowl_seed_1338.png","23590","aa4a54286665050b9a778519f54afc816d18187a0ac2a9d58da0ed30963f394b"
"data/kaggle_patch_pointer_v2/images/move_leftmost_cube_to_bowl_seed_1339.png","23544","aca06b63cd18f0e4a248ff596e3494fc357d957d1296f297865a40043c3861bd"
"data/kaggle_patch_pointer_v2/images/move_leftmost_cube_to_bowl_seed_1340.png","23594","c53205267ac2e606e44ffb32fb40fb5fab73fe6e42cb1c4ebae994619c9feb38"
"data/kaggle_patch_pointer_v2/images/move_leftmost_cube_to_bowl_seed_1341.png","23621","13dbad8b7ce98dd9642ab6f340e1836985ba392c958bfcfc14cd03b2a0ed4560"
"data/kaggle_patch_pointer_v2/images/move_leftmost_cube_to_bowl_seed_1342.png","23573","07f757ee1877962cde46afd9461015afa7be3ce0df376a100490fae90ccc4dd2"
"data/kaggle_patch_pointer_v2/images/move_leftmost_cube_to_bowl_seed_1343.png","23442","acdefd96e72bb52d712700b9440e78dd1f90b014be7892973ff736a9d9a3675b"
"data/kaggle_patch_pointer_v2/images/move_leftmost_cube_to_bowl_seed_1344.png","23530","7e46d2d5b2794811a7ca3cd2075ece61d6a44a0c8c6e52f7d032cd97276968c2"
"data/kaggle_patch_pointer_v2/images/move_leftmost_cube_to_bowl_seed_1345.png","23463","184f983dc03709ec1e79c350a5b9896711c10c90ab68627733c22328dbeddb1a"
"data/kaggle_patch_pointer_v2/images/move_leftmost_cube_to_bowl_seed_1346.png","23722","767fe8d29d7bd26f47883806e508f13747b5f14cfd958a4cb2acd9c67bee4956"
"data/kaggle_patch_pointer_v2/images/move_leftmost_cube_to_bowl_seed_1347.png","23468","b30526889e0074460121226fb393901a6b754c2e384eb81a5957094d976d176e"
"data/kaggle_patch_pointer_v2/images/move_leftmost_cube_to_bowl_seed_1348.png","23570","5e3df35b0f395ae97bd29d4f7bc0f69836df8c24d7fd446347560b96fed551dc"
"data/kaggle_patch_pointer_v2/images/move_leftmost_cube_to_bowl_seed_1349.png","23570","9ff3a2bdfffb4b94c582b218871bddd2fc973ea762089edad668a266550f4991"
"data/kaggle_patch_pointer_v2/images/move_leftmost_cube_to_bowl_seed_1350.png","23498","4a823990b03846f289886a6e6c46fba41de5d2c937594d4ff71c70157722d708"
"data/kaggle_patch_pointer_v2/images/move_leftmost_cube_to_bowl_seed_1351.png","23490","c46e0ae7c2a2fde92d7e409c27f51ac029999c031a180fdec6b205d5454ea540"
"data/kaggle_patch_pointer_v2/images/move_leftmost_cube_to_bowl_seed_1352.png","23617","13f16ea3bfeef030ecb108afce969da68f439a27567bf9dabcedc2f73ca92c9c"
"data/kaggle_patch_pointer_v2/images/move_leftmost_cube_to_bowl_seed_1353.png","23417","7bc48dd0a5dd9b8a4b7f2fddc332ba9d8dc809fb8f2a071885f62442efbc49e7"
"data/kaggle_patch_pointer_v2/images/move_leftmost_cube_to_bowl_seed_1354.png","23460","196f3ea9ba8e82ee6182193e4e743d81f2b6b722309b606c28bbd191dd6048b3"
"data/kaggle_patch_pointer_v2/images/move_leftmost_cube_to_bowl_seed_1355.png","23699","7dccc713009f70922005e0faf56489fbebacb57b22b3e4b39eebbb2628600c87"
"data/kaggle_patch_pointer_v2/images/move_leftmost_cube_to_bowl_seed_1356.png","23499","6b4c0bbf3a5bc356231ecac5f951c23c7c2109fd5829fd592f87844d2f44f315"
"data/kaggle_patch_pointer_v2/images/move_leftmost_cube_to_bowl_seed_1357.png","23653","34c6873c05b399c9d01217c1ef778ec3d19be4e603eb314b741db98bccefe67f"
"data/kaggle_patch_pointer_v2/images/move_leftmost_cube_to_bowl_seed_1358.png","23542","c6e563884f244534b1c66953e3c43390e50caffea40b752cecaebee44d9fd215"
"data/kaggle_patch_pointer_v2/images/move_leftmost_cube_to_bowl_seed_1359.png","23662","5affa3c5903416c5f55eab1ae02094a490a15bc84aee0113e4d0ce7fafa5bd0d"
"data/kaggle_patch_pointer_v2/images/move_leftmost_cube_to_bowl_seed_1360.png","23456","b79cd4fa0e506564088d500693b77af388940c9667c33162de6274c363b0029e"
"data/kaggle_patch_pointer_v2/images/move_leftmost_cube_to_bowl_seed_1361.png","23498","c8ee3b20d72e9b9a597d2d4533930a496b128011a1a0a0ea1dd38d163808ea70"
"data/kaggle_patch_pointer_v2/images/move_leftmost_cube_to_bowl_seed_1362.png","23516","5685fa6eedbf72fa2273490e503db7ccbbca1b07001cfa10c8f8ecf6389555bc"
"data/kaggle_patch_pointer_v2/images/move_leftmost_cube_to_bowl_seed_1363.png","23679","bcaf3ac4356b40679fc3ea1d2717270906565f0801cbef274c57fb1a0f17c7dd"
"data/kaggle_patch_pointer_v2/images/move_leftmost_cube_to_bowl_seed_1364.png","23696","5fbd649058e37f1377b273723e04a8392508fe2b28f33589b65295e65c6f2af0"
"data/kaggle_patch_pointer_v2/images/move_leftmost_cube_to_bowl_seed_1365.png","23559","5aa6ef7868bacc47f753835592ee3634fc3e09d92f337e7c6d5a2a1a98b9b46d"
"data/kaggle_patch_pointer_v2/images/move_leftmost_cube_to_bowl_seed_1366.png","23528","5adde1ee67cc36c1235da5d33d17f01f5dcf61b434104a1a6ebe1871d6b80251"
"data/kaggle_patch_pointer_v2/images/move_leftmost_cube_to_bowl_seed_1367.png","23525","b91e77e911a923d9b21881e737628cef00de1f319b3740fe7d5ea090396600b1"
"data/kaggle_patch_pointer_v2/images/move_leftmost_cube_to_bowl_seed_1368.png","23574","f5198473a92121352a372d553f6480292066c694193d508d45a79bf66a1080d7"
"data/kaggle_patch_pointer_v2/images/move_leftmost_cube_to_bowl_seed_1369.png","23459","81f343196f68cf60b44d1fa5c4856474a705983120f28503c7fd10b234b9f1f4"
"data/kaggle_patch_pointer_v2/images/move_leftmost_cube_to_bowl_seed_1370.png","23611","34745a1e590bed6c77f0824a61c7989a405acf578157355b7282869dec7c5a0f"
"data/kaggle_patch_pointer_v2/images/move_leftmost_cube_to_bowl_seed_1371.png","23451","9efc4433354b45178297d01bc5f87aed317d9c6c4caba2f9d88c0904c27d4ab1"
"data/kaggle_patch_pointer_v2/images/move_leftmost_cube_to_bowl_seed_1372.png","23586","5d15a46cc5de71d1551deff6614a30bb11587522b520cdf88b823806739026fd"
"data/kaggle_patch_pointer_v2/images/move_leftmost_cube_to_bowl_seed_1373.png","23692","c216df19d37593c4948a4bb741386dab057e96cb975ce85634ca0077b58856b3"
"data/kaggle_patch_pointer_v2/images/move_leftmost_cube_to_bowl_seed_1374.png","23532","d27d493ea8f1d9b3a794c510c6191c62ab19b8f7afbb03c02a4127a365785913"
"data/kaggle_patch_pointer_v2/images/move_leftmost_cube_to_bowl_seed_1375.png","23610","4c29846923bc1b0fe6e7147c69821c34c52200a06cd0c55332c9a96b066f6068"
"data/kaggle_patch_pointer_v2/images/move_leftmost_cube_to_bowl_seed_1376.png","23629","461c4bf4f5967e18e479a219a723ccbceea1a93bf5251ed98a08d44539de2c22"
"data/kaggle_patch_pointer_v2/images/move_leftmost_cube_to_bowl_seed_1377.png","23628","a099e0f3f4f450f29cc58806bccb71a5e29aa0bf8ec1e1081e0c2f43e25303a1"
"data/kaggle_patch_pointer_v2/images/move_leftmost_cube_to_bowl_seed_1378.png","23541","8658d3382503d2eb98d88558ed7299a18f38f7c5567b54f5915cf183d8901cfa"
"data/kaggle_patch_pointer_v2/images/move_leftmost_cube_to_bowl_seed_1379.png","23628","d1f05deb29d48f543736c47824760a75744217d908c3f9adf7e7a114550e96eb"
"data/kaggle_patch_pointer_v2/images/move_leftmost_cube_to_bowl_seed_400.png","23497","977f1b9fa0868eb933af95e9cd7b7913a16e91a2882a74275bd8a11c039e7c03"
"data/kaggle_patch_pointer_v2/images/move_leftmost_cube_to_bowl_seed_401.png","23655","d15118ff796d84e096d92daa2af253ae54d753819f60adb2c700abdc3412079f"
"data/kaggle_patch_pointer_v2/images/move_leftmost_cube_to_bowl_seed_402.png","23571","b972a14b3b486032aa4b29933fc82b7625b1af8eb429aea952c236497b5ac33b"
"data/kaggle_patch_pointer_v2/images/move_leftmost_cube_to_bowl_seed_403.png","23598","0159a5cb0668d0e69180df031347487e1e52102dd07d80c4db924dca4cf8945a"
"data/kaggle_patch_pointer_v2/images/move_leftmost_cube_to_bowl_seed_404.png","23590","2d23a4c0975046efd321d2f94480d7a24fb15755e504468dbf5815a3dc26f545"
"data/kaggle_patch_pointer_v2/images/move_leftmost_cube_to_bowl_seed_406.png","23496","92ec14b9b37fa2ea4b825eb939df28f45865af5527436c6b4964d9a0ef330b58"
"data/kaggle_patch_pointer_v2/images/move_leftmost_cube_to_bowl_seed_407.png","23416","e8000794ef0ce29c001aa692287b0c3de5d475c046292ca39153989bc95f7c2b"
"data/kaggle_patch_pointer_v2/images/move_leftmost_cube_to_bowl_seed_408.png","23559","6b14fcf2f4b986c8a8bfcd64678ff19d1fefd06f7439afc2ecc54f621ff327ab"
"data/kaggle_patch_pointer_v2/images/move_leftmost_cube_to_bowl_seed_409.png","23533","287e136127ab3d185be9bb99f25ca2792c13249001f1dd21e13b105cae06b2e7"
"data/kaggle_patch_pointer_v2/images/move_leftmost_cube_to_bowl_seed_410.png","23560","1f718a5d6019a8b4ecdc87e9d426fb06202083b447689a71a7863b94efe268c1"
"data/kaggle_patch_pointer_v2/images/move_leftmost_cube_to_bowl_seed_411.png","23686","c43e3884fc6e6672652e1b486b4e5b7b5a1f712c390f116d6b4463f7878360ca"
"data/kaggle_patch_pointer_v2/images/move_leftmost_cube_to_bowl_seed_412.png","23577","b6d17c1b834cc7879ffc61613bb2dde422655585a69bf1ddf68ec6ad37956197"
"data/kaggle_patch_pointer_v2/images/move_leftmost_cube_to_bowl_seed_413.png","23461","f2c2343ca651ce771ba05224003edc09d504ad11045b318f586b463dc3778551"
"data/kaggle_patch_pointer_v2/images/move_leftmost_cube_to_bowl_seed_414.png","23649","bea71fbb1b13c08dea1b8366f5c65eaef435476210dcdbfd25b43b84898bf255"
"data/kaggle_patch_pointer_v2/images/move_leftmost_cube_to_bowl_seed_415.png","23639","318dde20adc30398933e30af86cf920b50ed96675c2ebee4f6c4a09a87506c6c"
"data/kaggle_patch_pointer_v2/images/move_leftmost_cube_to_bowl_seed_416.png","23486","3b43fe2fff6e3587cc2a24a55e1198ea32bfae4f021a00a4975cd933db01e5e4"
"data/kaggle_patch_pointer_v2/images/move_leftmost_cube_to_bowl_seed_417.png","23514","2be8c4553db5991a85286180274e4c7cb1c8a1de6a1f861769c7fba5c99eaf21"
"data/kaggle_patch_pointer_v2/images/move_leftmost_cube_to_bowl_seed_418.png","23684","b654acba56aaa395eefb5e5dbaa6c497e79bb26152a223aafcaa9af08b109dc8"
"data/kaggle_patch_pointer_v2/images/move_leftmost_cube_to_bowl_seed_419.png","23524","9b76354066d2297c7129dbb22c386d100bff073e32a8ad8ed0f78c862450b612"
"data/kaggle_patch_pointer_v2/images/place_blue_cube_blue_pad_seed_0.png","23237","494b09f03d0448461ee9311961102e5a411a89117764f1cbb7c90b1f85bcfd0e"
"data/kaggle_patch_pointer_v2/images/place_blue_cube_blue_pad_seed_1.png","23220","2b15087b7faf4fbf2714afab17e75b2117b459093dab6df88d489fd93e8e19e7"
"data/kaggle_patch_pointer_v2/images/place_blue_cube_blue_pad_seed_10.png","23449","f65cb3e053cb5c1484eca2f08b43be985000e6279905e599d6fb152109776aac"
"data/kaggle_patch_pointer_v2/images/place_blue_cube_blue_pad_seed_1000.png","23197","c17e638df5e7f5359a7b98bba4c7e1543bba4dbb9097b2119e8d32734fe39918"
"data/kaggle_patch_pointer_v2/images/place_blue_cube_blue_pad_seed_1001.png","23405","0bba0e9341e06154137f8cef1b6328338019cec1adc574687fa03b7cde9f4eef"
"data/kaggle_patch_pointer_v2/images/place_blue_cube_blue_pad_seed_1002.png","23409","50392bf79229a748b9b63f504ac8089ba226dd9dc96633a56eda44eb8dd4e1bc"
"data/kaggle_patch_pointer_v2/images/place_blue_cube_blue_pad_seed_1003.png","23113","9ad4fbab2b004d75f1df9d7251ac360bb40c3163488c2211febeeba1f4339dc5"
"data/kaggle_patch_pointer_v2/images/place_blue_cube_blue_pad_seed_1004.png","23154","bda0f96dccfda4e82d2b75141a89bdc3887176fe046446999529e74c3f931ae9"
"data/kaggle_patch_pointer_v2/images/place_blue_cube_blue_pad_seed_1005.png","23216","63ea7c8c913c1063c909d06efadcc8233e31948d9e287cdf7a90062c2b83d269"
"data/kaggle_patch_pointer_v2/images/place_blue_cube_blue_pad_seed_1006.png","23208","c0eefbfccbb73b5652674895d63ee3980bce93ebe2295b5cba2c7e199bfd2140"
"data/kaggle_patch_pointer_v2/images/place_blue_cube_blue_pad_seed_1007.png","23201","44392a87871a63fcf96e8a0df476860da74731e8985933b94707f2b93bd5a814"
"data/kaggle_patch_pointer_v2/images/place_blue_cube_blue_pad_seed_1008.png","23319","7bf2994ebae799a3fac93e5bcd8cdf141d2853daa2cd88cc751e6bb20e209322"
"data/kaggle_patch_pointer_v2/images/place_blue_cube_blue_pad_seed_1009.png","23118","5042e1bb5aeab9720062451b8b2f439533cdb97e4bf96b9d5223526a83918e01"
"data/kaggle_patch_pointer_v2/images/place_blue_cube_blue_pad_seed_1010.png","23243","3bf59860c24fc95517582151abf79292994fd2d65c684d53d4244c51d9204cb4"
"data/kaggle_patch_pointer_v2/images/place_blue_cube_blue_pad_seed_1011.png","23278","5986ee56f580d23647c1b10a5b95732c04a21300ee8b0e18202a88d8f84d5d5b"
"data/kaggle_patch_pointer_v2/images/place_blue_cube_blue_pad_seed_1012.png","23242","4d2d4c42144bd9fea01b5614b2656d6e565fd6a24b58fc813558c6b0cd6917f9"
"data/kaggle_patch_pointer_v2/images/place_blue_cube_blue_pad_seed_1013.png","23574","9f9b6a97462acb2b3bc1f1f1d120b3b8e09ba83f575832ab2538512092c76869"
"data/kaggle_patch_pointer_v2/images/place_blue_cube_blue_pad_seed_1014.png","23487","c9418e9994b8518f36ed749e0e0d8051acfe60c47be19ad61dbb88cb8bf500c3"
"data/kaggle_patch_pointer_v2/images/place_blue_cube_blue_pad_seed_1015.png","23620","9ad1e3d3c16142e2603c085c6bcdd07ee436dd896c03f5baa367e3cd8d2fe77a"
"data/kaggle_patch_pointer_v2/images/place_blue_cube_blue_pad_seed_1016.png","23060","603cb0aeb765cb46383fd86a92bda28cfd6525ca059c8419d9961d8e359dbca2"
"data/kaggle_patch_pointer_v2/images/place_blue_cube_blue_pad_seed_1017.png","23045","af1a7696b18c588a95f5aea26abba1595e1da488ae759065a674219a4be315a1"
"data/kaggle_patch_pointer_v2/images/place_blue_cube_blue_pad_seed_1018.png","23363","944ac6509ebbaf2649a45f92de0e2fd8fa7af9ab9399eed9fee558aee58f0749"
"data/kaggle_patch_pointer_v2/images/place_blue_cube_blue_pad_seed_1019.png","23089","fb0d9c9e6ea220af77d4296fdaea9d502fcdd55e5ded16d134e7d8fa52d0aad4"
"data/kaggle_patch_pointer_v2/images/place_blue_cube_blue_pad_seed_1020.png","23569","adfb93460b2ac9aff4a9b183baee5599258247e67a3d5ef8dccb65eedb5e10ec"
"data/kaggle_patch_pointer_v2/images/place_blue_cube_blue_pad_seed_1021.png","23184","ba62230ab78de7fce37fa811e8e0533c26e719415bd9fdba8c88ab358a1e5531"
"data/kaggle_patch_pointer_v2/images/place_blue_cube_blue_pad_seed_1022.png","23344","6c1ffdda2e8be05c9900e466355120a773180056a9268866b47e7e25108f0c48"
"data/kaggle_patch_pointer_v2/images/place_blue_cube_blue_pad_seed_1023.png","23099","f58586772daf3f94bbf24046963d483e3f4b1c17407a1a966814160d9c9bfd03"
"data/kaggle_patch_pointer_v2/images/place_blue_cube_blue_pad_seed_1024.png","23522","d845de07ef2a862fcd7d4907122cee2151f26522df3c83fb55dfa5456f2fa37b"
"data/kaggle_patch_pointer_v2/images/place_blue_cube_blue_pad_seed_1025.png","23001","ce90f7f44ecdeda96fdb5f8f308f85efa60c330f1c9a1acbc0a43e6ad098201f"
"data/kaggle_patch_pointer_v2/images/place_blue_cube_blue_pad_seed_1026.png","22972","ef7043c2cd6bd13edef1d0516a7c4fb3841f687e2f167e4097074b3e10cf9696"
"data/kaggle_patch_pointer_v2/images/place_blue_cube_blue_pad_seed_1027.png","23480","822dcaa25b63790a2e9f5a06f85e1e823d9463b99c5ce30a567cc9466c189d6e"
"data/kaggle_patch_pointer_v2/images/place_blue_cube_blue_pad_seed_1028.png","23273","3ba0dda7c8dbf6a4d4ec212024e830d94a5480fb1330785ca77a0628c2a1efb7"
"data/kaggle_patch_pointer_v2/images/place_blue_cube_blue_pad_seed_1029.png","23173","0e88bf5c410eb53222af201d1c23343ec4c67c4c245b73d9a507e3a06ed88e1c"
"data/kaggle_patch_pointer_v2/images/place_blue_cube_blue_pad_seed_1030.png","23661","09e8686bfd0fdd73ecf7883acae31e324e3b72c1a1f0f3d1204b205b088c72de"
"data/kaggle_patch_pointer_v2/images/place_blue_cube_blue_pad_seed_1031.png","23172","0fdfb3a011e6b39297b41a1ae0d409303d793c008300c77ffc6b6ec753e696a0"
"data/kaggle_patch_pointer_v2/images/place_blue_cube_blue_pad_seed_1032.png","23333","bbd0e4f79388ff4e99ca7198e0eb5b2c4c1bf06189934ad53ba81da897a4f42c"
"data/kaggle_patch_pointer_v2/images/place_blue_cube_blue_pad_seed_1033.png","23189","2408d7dd52530d140baaaa8bcf98b7783f5a49e72d17dfd0fadeaad3c8d2b263"
"data/kaggle_patch_pointer_v2/images/place_blue_cube_blue_pad_seed_1034.png","23171","178d19f247b8edd3d1ebc2d544ef060ea8d1234bec77c3f0516576390554bc63"
"data/kaggle_patch_pointer_v2/images/place_blue_cube_blue_pad_seed_1035.png","23574","8cdc4e43d67441ebb9a0dbc780b6251f10797830cd29333d94589ef00973fe98"
"data/kaggle_patch_pointer_v2/images/place_blue_cube_blue_pad_seed_1036.png","23241","3ed46acd2be9c1aedb698f22338302c9da33602a1b84e100571af09875b25b94"
"data/kaggle_patch_pointer_v2/images/place_blue_cube_blue_pad_seed_1037.png","23602","ad6ea6c347b6566bb21faf42bebabb4307b9915131f94c5884905e4109f55e97"
"data/kaggle_patch_pointer_v2/images/place_blue_cube_blue_pad_seed_1038.png","23144","a63c656b32ba1e1bbc29119fda80854633968c3ec7d47ce3fc14a08649b2448b"
"data/kaggle_patch_pointer_v2/images/place_blue_cube_blue_pad_seed_1039.png","23202","9c312d37782c9e3169a016fdc8f816a87d33b927a004db55764c4975c8acf676"
"data/kaggle_patch_pointer_v2/images/place_blue_cube_blue_pad_seed_1040.png","23598","f3189fe733e1ae25ff2935730f71d28eb5fb700cea9ab106331db310ff574c33"
"data/kaggle_patch_pointer_v2/images/place_blue_cube_blue_pad_seed_1041.png","23309","f520571afea2cd03f0d388ba9b68058c2f24a3f4aba36cee2e96c44c775c08b9"
"data/kaggle_patch_pointer_v2/images/place_blue_cube_blue_pad_seed_1042.png","23392","d16f8a0f5b42016c831d7f9ee477c53cbf1f9fda67084212fd5c93604d89d574"
"data/kaggle_patch_pointer_v2/images/place_blue_cube_blue_pad_seed_1043.png","23474","6b4db68706c4f5eacc96dbbb25671358f6f0fcec1976e672855ef331f70949df"
"data/kaggle_patch_pointer_v2/images/place_blue_cube_blue_pad_seed_1044.png","23203","d6286bf7987216f877c974251002149eff185caa8d2365e31c286d7583cd4f14"
"data/kaggle_patch_pointer_v2/images/place_blue_cube_blue_pad_seed_1045.png","23575","65729752646e1b2c045552f154ef1dd3155c0416ce3471b3083efe353d2a3730"
"data/kaggle_patch_pointer_v2/images/place_blue_cube_blue_pad_seed_1046.png","23392","72b8122d14e666ec36dc5a2e9c3e5768041a6e1f407962f78a92e65fb58a5b80"
"data/kaggle_patch_pointer_v2/images/place_blue_cube_blue_pad_seed_1047.png","23505","0275f9a6220febdc2ead5fbe0cb1bd112847f7f3602dc5e837f1348d1237110b"
"data/kaggle_patch_pointer_v2/images/place_blue_cube_blue_pad_seed_1049.png","23385","2894c892a65b1e3614d088955527297c1c56d22509e756cb546caca4e615e4e0"
"data/kaggle_patch_pointer_v2/images/place_blue_cube_blue_pad_seed_1050.png","23539","076c2feb17911771e37e4b01d99072f71d6513540baebb09f157197d90692bdd"
"data/kaggle_patch_pointer_v2/images/place_blue_cube_blue_pad_seed_1051.png","23520","34990bb2edc1b1f926217ba3cdbd844d7e1c41c7b50bf2093d4d055073133729"
"data/kaggle_patch_pointer_v2/images/place_blue_cube_blue_pad_seed_1052.png","23442","9009b846b5798e5239e6609ad401b91ddc9c5851e08abdb624dcadd97a93a76c"
"data/kaggle_patch_pointer_v2/images/place_blue_cube_blue_pad_seed_1053.png","23166","d177da94aff9175e279405fdf3ffac342e617f27132622ccfe1d4e12afd6f356"
"data/kaggle_patch_pointer_v2/images/place_blue_cube_blue_pad_seed_1054.png","23336","552c07c8eafb57b139c15b9c0ab8f18b3ded8adfd0a79104e241d6d7d62e8e0b"
"data/kaggle_patch_pointer_v2/images/place_blue_cube_blue_pad_seed_1055.png","23115","ab2c59f8413b2aa4d129b407a041aebbc632a39fe3bc6e88167a46dcc61504d9"
"data/kaggle_patch_pointer_v2/images/place_blue_cube_blue_pad_seed_1056.png","23428","cd8c212399cc554ded5289721c48494796d15d85b633d8e96e7d480149b7f7e2"
"data/kaggle_patch_pointer_v2/images/place_blue_cube_blue_pad_seed_1057.png","23181","c5e8e707b0cdda5f2aa960dfef917902dbfeacf83b4ac13656e5c93bdb89ec56"
"data/kaggle_patch_pointer_v2/images/place_blue_cube_blue_pad_seed_1058.png","23279","6002b7c426ac1c6dd94e1e6add1ba2cc77429f1c06c688230690260f729cf1e9"
"data/kaggle_patch_pointer_v2/images/place_blue_cube_blue_pad_seed_1059.png","23255","dcefb29c082d81aebe51f7b2900dd55d784c3547b85a1ae188d7164f35ec08e8"
"data/kaggle_patch_pointer_v2/images/place_blue_cube_blue_pad_seed_1060.png","23085","0606a35b1568512c63ad767a1b54c00d78b56dcc6e41374dba95bf5f0493725d"
"data/kaggle_patch_pointer_v2/images/place_blue_cube_blue_pad_seed_1061.png","23146","4480a748de9ad1e12c4c6830b400f6cd47dc696d4452b0a37bb7b0c79c6be62b"
"data/kaggle_patch_pointer_v2/images/place_blue_cube_blue_pad_seed_1062.png","23155","909bc69533a073bdb4e34f500dff1322c0688f40faff34c23a4f430feee86565"
"data/kaggle_patch_pointer_v2/images/place_blue_cube_blue_pad_seed_1063.png","23258","58b30fdcd312c551b74ba152957d36ca4d2befff5757fe35a57fa5bf73406173"
"data/kaggle_patch_pointer_v2/images/place_blue_cube_blue_pad_seed_1064.png","23308","4020d75d4cdbbd17245360e7fdac1d2c56f95f549375965afc03876bad57f6b8"
"data/kaggle_patch_pointer_v2/images/place_blue_cube_blue_pad_seed_1065.png","23163","0e1d39ff7c6d86afc3730d8ef5fe69d556e358e1bdf08777e1ef45f596f9093e"
"data/kaggle_patch_pointer_v2/images/place_blue_cube_blue_pad_seed_1066.png","23132","e552e0749dd633e3540731ec9f9bdec86d5fca3558aa2358272b6d021716f946"
"data/kaggle_patch_pointer_v2/images/place_blue_cube_blue_pad_seed_1067.png","23426","96db795df46891d64f2aa4bdbef5dc2b12617ca55d98554c7165067b7899e0d8"
"data/kaggle_patch_pointer_v2/images/place_blue_cube_blue_pad_seed_1068.png","23485","6d079168168d89ce1c86ec6aa5701913ad999c579cf04ac4e89b2189acb67f45"
"data/kaggle_patch_pointer_v2/images/place_blue_cube_blue_pad_seed_1069.png","23180","53d0ee3ca13ab0828b8438e25157bafef8ec32b3c3f3b2f4db1691731f5d7e76"
"data/kaggle_patch_pointer_v2/images/place_blue_cube_blue_pad_seed_1070.png","23405","e4b12d12566f4f3f9b01ea8512e835a1e87d399cb267cabb31da9cb759c6dadc"
"data/kaggle_patch_pointer_v2/images/place_blue_cube_blue_pad_seed_1071.png","23276","c887d4d767bd570eb44e4b409c3985c033de1960ea18b3bfb0f5f0634231327f"
"data/kaggle_patch_pointer_v2/images/place_blue_cube_blue_pad_seed_1072.png","23457","7b43397b88304aa330231ae234f639323bb7b7a48bbadd4f3ea3f42b5d3e34a0"
"data/kaggle_patch_pointer_v2/images/place_blue_cube_blue_pad_seed_1073.png","23371","cdf1525a4e2559fc3ba8a284445b9e94a0cfd4615dda7accb7e0bcadb84b629c"
"data/kaggle_patch_pointer_v2/images/place_blue_cube_blue_pad_seed_1074.png","23141","d2cb565bea0d2b9b6cb180670010b80c0eba598ffec639c10f468c7ec2028746"
"data/kaggle_patch_pointer_v2/images/place_blue_cube_blue_pad_seed_1075.png","23040","7346d62a2738941826128a1eb0cc2703f46e19055bf633ab10f1101225ab8d71"
"data/kaggle_patch_pointer_v2/images/place_blue_cube_blue_pad_seed_1076.png","23154","cafcd5da633295fb162791256d324fba2b4a590c042de91ddcfafe552c7e41ba"
"data/kaggle_patch_pointer_v2/images/place_blue_cube_blue_pad_seed_1077.png","23074","28110a86ac0f4e440ab7309d576bcbcfde0d775fa14c6092ef025f16ecc04c68"
"data/kaggle_patch_pointer_v2/images/place_blue_cube_blue_pad_seed_1078.png","23526","57c6f52877cdd28b1cfcba22499112caafbe45393e40939204d0923549653fdc"
"data/kaggle_patch_pointer_v2/images/place_blue_cube_blue_pad_seed_1079.png","23567","ec24df0fea726db202831aa6278af8c35c63622a96126ad7348a3e9ed3fcfbe3"
"data/kaggle_patch_pointer_v2/images/place_blue_cube_blue_pad_seed_11.png","23280","85a5b6cb67d74699857492be5ad1fe26225f1c9872305fbdab62ff0f6b77e902"
"data/kaggle_patch_pointer_v2/images/place_blue_cube_blue_pad_seed_12.png","23244","a3fb1bb0c67b0d4ef4fc9b23f491e791c3f9b2f2fb20164f213a5d5d0c7d93cf"
"data/kaggle_patch_pointer_v2/images/place_blue_cube_blue_pad_seed_13.png","23163","e9a3b408feb9d1bb899833e7217812ff19f372aa325d337085638dea6f0770d4"
"data/kaggle_patch_pointer_v2/images/place_blue_cube_blue_pad_seed_14.png","23217","8ec46bc8a1c635a817e562b19e1382fd66a23b4c5e16cd048ac118864864b414"
"data/kaggle_patch_pointer_v2/images/place_blue_cube_blue_pad_seed_15.png","23111","47e2b06672a86d684d149fc4a96735160895956c438059a1bf87aa94279a8b90"
"data/kaggle_patch_pointer_v2/images/place_blue_cube_blue_pad_seed_16.png","23276","717407e394864f48648bb7e25354d2e7e889169873582bebb4f37687be22297c"
"data/kaggle_patch_pointer_v2/images/place_blue_cube_blue_pad_seed_17.png","23120","2184d6a14677e97ae499f812b044cc0a04cc3e4a226f1b9aa93341708acfc968"
"data/kaggle_patch_pointer_v2/images/place_blue_cube_blue_pad_seed_18.png","23072","10422556acf96634403c084c59bcc464609b2ecae728f7052f56ee71d550afb8"
"data/kaggle_patch_pointer_v2/images/place_blue_cube_blue_pad_seed_19.png","23279","b24835dce2fd96a89f1a9c3d885df55355bd67ea7f71e3d5063fdbdd65d14ba4"
"data/kaggle_patch_pointer_v2/images/place_blue_cube_blue_pad_seed_2.png","23499","afc4e350e6c5e6d518bacc4bfe3c509671454061ef36301fae6bb9377edcd33e"
"data/kaggle_patch_pointer_v2/images/place_blue_cube_blue_pad_seed_3.png","23429","2d8ded64823c5323c05fe20f90425b2f654f66b9d1b4e8abd9c963fd5a4f9477"
"data/kaggle_patch_pointer_v2/images/place_blue_cube_blue_pad_seed_4.png","23060","2f05ef6729824b5d2491af4046f31d5470886e05af5031d7b13069a6920995a0"
"data/kaggle_patch_pointer_v2/images/place_blue_cube_blue_pad_seed_5.png","23254","62a4ebe2ef55e8609e124ebcccffadb64272e4b21232641dccb2bcda54af41e4"
"data/kaggle_patch_pointer_v2/images/place_blue_cube_blue_pad_seed_6.png","23271","87f65d6f9d56c7c3bd17140a46cc4efd4dde06422308468b8f7f7db9e94c5a92"
"data/kaggle_patch_pointer_v2/images/place_blue_cube_blue_pad_seed_7.png","23489","b81237b1769d3e0753da7a779e9ea110e91957906f5efdba5d066f39adbf60fd"
"data/kaggle_patch_pointer_v2/images/place_blue_cube_blue_pad_seed_8.png","23246","c13c957c4f93e86a5a735b3f0a09c09b1c20c2bae1837baccfe9921251296be4"
"data/kaggle_patch_pointer_v2/images/place_blue_cube_blue_pad_seed_9.png","23536","f01de2091e8576bac7b7a1753c6af382bac75bda1a6138c377140d88ef6b37b6"
"data/kaggle_patch_pointer_v2/images/place_blue_cube_red_pad_seed_100.png","23246","1c40c655bbd98910323048a897027fabdee96ade8ccdbf97cf0d86f3cec77cc8"
"data/kaggle_patch_pointer_v2/images/place_blue_cube_red_pad_seed_101.png","23212","a0082068e0e3f3e593b479dcaa31fa9195961ad2b519002278969a6530b0a744"
"data/kaggle_patch_pointer_v2/images/place_blue_cube_red_pad_seed_102.png","23366","51110ea20fc5a52ed346f23c03455111c6ed7efe2c8b67b64dd0c89609029d59"
"data/kaggle_patch_pointer_v2/images/place_blue_cube_red_pad_seed_103.png","23428","4c043003fad99c4105697d236d2d78412a90009a05591b56426f2dc2da7c4b9f"
"data/kaggle_patch_pointer_v2/images/place_blue_cube_red_pad_seed_104.png","23243","39961d8aed65db17cea9cd425704c9ed89aec44af1feb2862a137cf552ee8234"
"data/kaggle_patch_pointer_v2/images/place_blue_cube_red_pad_seed_105.png","23238","1ea29effd59e58a939138103561a6d8f1ad5d22ef307b8a62debef1602d76e3b"
"data/kaggle_patch_pointer_v2/images/place_blue_cube_red_pad_seed_106.png","23469","c07b4910553f9444dd94eeed78a129cede47b71228578170fb5f229ca16220ad"
"data/kaggle_patch_pointer_v2/images/place_blue_cube_red_pad_seed_107.png","23348","d0b747262b4b9b6c1a0b3c5bd6b597bfc7a92c032c44d62ba1e5edfd3aaac02b"
"data/kaggle_patch_pointer_v2/images/place_blue_cube_red_pad_seed_108.png","23274","622b3145c9e18f13a33dd50e20a3f82b38dd42e12728a43309aba083e21b0d78"
"data/kaggle_patch_pointer_v2/images/place_blue_cube_red_pad_seed_109.png","23418","8b61620482cb2467c6ee30d69b1f8dffc6827580bc9a9160e3941066dab989db"
"data/kaggle_patch_pointer_v2/images/place_blue_cube_red_pad_seed_110.png","23462","822ecf0cd1e8c349e1617374f57814b35cd73636434cdc02dde165ac86cf711f"
"data/kaggle_patch_pointer_v2/images/place_blue_cube_red_pad_seed_1100.png","23341","1818adcb28ebce75c96f52bee7172acc6123f6f27ef302a4def55d1034a3efee"
"data/kaggle_patch_pointer_v2/images/place_blue_cube_red_pad_seed_1101.png","23581","78107e7342f9ab52b44336ea81be9721533c2a817e5bbf1780b157d2f0e60bff"
"data/kaggle_patch_pointer_v2/images/place_blue_cube_red_pad_seed_1102.png","23403","c05e798fcb5998176c07dc5bfb4220a11064e88595f56d6dd2f1663b8b9caa2a"
"data/kaggle_patch_pointer_v2/images/place_blue_cube_red_pad_seed_1103.png","23271","12a5891957c3ee8a18c960c889151de558ab1ea480e12a283e57f4187d4ffee7"
"data/kaggle_patch_pointer_v2/images/place_blue_cube_red_pad_seed_1104.png","23613","cc0df00e1f950d15cfc200cae85f63f3b8d0105669c3076d3b72a5a0983ca26a"
"data/kaggle_patch_pointer_v2/images/place_blue_cube_red_pad_seed_1105.png","23165","a72cc89b7426a0a6d26a9620831fcd9f72592a02b805e793cecf4d536a9f3a79"
"data/kaggle_patch_pointer_v2/images/place_blue_cube_red_pad_seed_1106.png","23170","45418ff81c4d1a7d46cf04f5230907e4ecb5527395010a4e5525f312f0df347e"
"data/kaggle_patch_pointer_v2/images/place_blue_cube_red_pad_seed_1107.png","23200","f7f193bc1f6868b54d053f9ad3bfa13d33cfda46c7617e5b981b22520bd25212"
"data/kaggle_patch_pointer_v2/images/place_blue_cube_red_pad_seed_1108.png","23243","339a11e614714f1a369c19d981ce9b29bcfbdf0b65efeb78f5ef36170861b8a6"
"data/kaggle_patch_pointer_v2/images/place_blue_cube_red_pad_seed_1109.png","23410","16ee3c595dbff17b08e3194b1c38850559b6805168d9d84d978cc746cac7beb8"
"data/kaggle_patch_pointer_v2/images/place_blue_cube_red_pad_seed_111.png","23437","ef55ff384ba068f4f80110ed34a5fa173999410219b1c5dcfb0a2d9798110b19"
"data/kaggle_patch_pointer_v2/images/place_blue_cube_red_pad_seed_1110.png","23367","62fcdb1ae7380baba850c6cc9dc9945623993ef6ec78382d5602e4adc8398845"
"data/kaggle_patch_pointer_v2/images/place_blue_cube_red_pad_seed_1111.png","23110","bb1d7e16e9db191023fb780e1747bc020b9d3b6875912d1f2d8600213c349ac8"
"data/kaggle_patch_pointer_v2/images/place_blue_cube_red_pad_seed_1112.png","23265","cf980ce9516036be9bf36e87ad4447a445af3ff69ff5802deb1b80a3df6ba7d6"
"data/kaggle_patch_pointer_v2/images/place_blue_cube_red_pad_seed_1113.png","23328","ab580075e46d11e5bfb3938d682d73c726f4992bb74d75214980dc2889f1ef7d"
"data/kaggle_patch_pointer_v2/images/place_blue_cube_red_pad_seed_1114.png","23221","7fab88df8aa4cdd73b95dedfd5bfd5290d1c30b63c626a3ce93d01617ff6473b"
"data/kaggle_patch_pointer_v2/images/place_blue_cube_red_pad_seed_1115.png","23396","61559cc8c79ee91b95a6af85a1a7cb584566e8d421f96a666a23f88ed1657f49"
"data/kaggle_patch_pointer_v2/images/place_blue_cube_red_pad_seed_1116.png","23692","3b5d7eb399ce25d6ab8478aaefa63bf422ea50b9beac6a4cb77c66b8002f4e10"
"data/kaggle_patch_pointer_v2/images/place_blue_cube_red_pad_seed_1117.png","23103","5977e86a381c4dee6804031fd755f5a2d8b634221ade0c1696bc51a02260cf87"
"data/kaggle_patch_pointer_v2/images/place_blue_cube_red_pad_seed_1118.png","23370","c41f58a2292ba2709206b044c66ec706e0cd9159db9b686ee51dbeb2d0f29cff"
"data/kaggle_patch_pointer_v2/images/place_blue_cube_red_pad_seed_1119.png","23413","5c08dc9bbcd1b307bdb316e97b349177c149d884e05687a6e29b7319cdf8e477"
"data/kaggle_patch_pointer_v2/images/place_blue_cube_red_pad_seed_112.png","23326","3ef842da4afaa0de312c48b830848f592f0bf87fc9e50b6217b9373c9adc5661"
"data/kaggle_patch_pointer_v2/images/place_blue_cube_red_pad_seed_1120.png","23147","b91447878de84934fac1a2f49be41e56c83cebac870b97f4bfcb4b3a3af97a47"
"data/kaggle_patch_pointer_v2/images/place_blue_cube_red_pad_seed_1121.png","23505","999399746303bd864b57a27417d6b0efad75208d643edc3cc98984c2e8f49659"
"data/kaggle_patch_pointer_v2/images/place_blue_cube_red_pad_seed_1122.png","23221","74415c612aa9057242accb2b34a6537a764b73ad07071b131febbed7bbae81b3"
"data/kaggle_patch_pointer_v2/images/place_blue_cube_red_pad_seed_1123.png","23242","da6b142f85f54e30124524a98edfdc969b870f9c8cb34c03c998c5ad39fd5e06"
"data/kaggle_patch_pointer_v2/images/place_blue_cube_red_pad_seed_1124.png","23231","068bffe0468d8cf8d4ba3f7eec15e19fb8a6b79de4dd95917eda7e7813aa96f9"
"data/kaggle_patch_pointer_v2/images/place_blue_cube_red_pad_seed_1125.png","23174","cf5d6eb18f5b775bab1a2b6ffdbf05b55d9a3a99a91adee4a3091f8c1aebd17a"
"data/kaggle_patch_pointer_v2/images/place_blue_cube_red_pad_seed_1126.png","23300","83a8d86bfe0ef6eb7f9321c83ca59f24c08c0003f05143da1c1a02ad38ed9847"
"data/kaggle_patch_pointer_v2/images/place_blue_cube_red_pad_seed_1127.png","22997","1839a1269926898495daece28109bc02b3c4ae473dc47e1e06b6ff3493ec6b24"
"data/kaggle_patch_pointer_v2/images/place_blue_cube_red_pad_seed_1128.png","23186","cfa7b05d03930a711259fc3431479e2c719baf540d143cc209b6cdcf14ce7f36"
"data/kaggle_patch_pointer_v2/images/place_blue_cube_red_pad_seed_1129.png","23559","f7201f110c0f8f6d1b26b70c290b77616485b050839eb68e6a0a085b2a78f35b"
"data/kaggle_patch_pointer_v2/images/place_blue_cube_red_pad_seed_113.png","23411","ebde1f865ed566457bea0f183bde7d76c819cc85a1391f968c99a0d79d235288"
"data/kaggle_patch_pointer_v2/images/place_blue_cube_red_pad_seed_1130.png","23659","b088a5be3e0a2168f5909f7c24fe77fa34e971d0bd38d3ee075fb7e102db28d0"
"data/kaggle_patch_pointer_v2/images/place_blue_cube_red_pad_seed_1131.png","23265","783c32087d79e9d9915b276a83b34de1929f65fd7265bc8f25b9220e6fe2f30d"
"data/kaggle_patch_pointer_v2/images/place_blue_cube_red_pad_seed_1132.png","23108","5e720222d24116ac08f739c900c96fc1503b6a1c70f43e77bdc0899c457834a1"
"data/kaggle_patch_pointer_v2/images/place_blue_cube_red_pad_seed_1133.png","23518","fff17f8de0b95db892adf799686ffc6f162bcab7e1f7c4e9b146eca8bd722c54"
"data/kaggle_patch_pointer_v2/images/place_blue_cube_red_pad_seed_1134.png","23198","16829d532759505012a1109df9b000013393fc6143058cd2be86a5d1ce43c765"
"data/kaggle_patch_pointer_v2/images/place_blue_cube_red_pad_seed_1135.png","23403","966bcc5ffca7395c1a4370363f5214f18b0d739889663958edfa756de0792998"
"data/kaggle_patch_pointer_v2/images/place_blue_cube_red_pad_seed_1136.png","23274","3a0c5c838f3bfa08d34966a6cc12d9faae984b8f68c67bd3feca32d54600311c"
"data/kaggle_patch_pointer_v2/images/place_blue_cube_red_pad_seed_1137.png","23480","4cff77eb02f3228a073a880dae96755e30a9111dfd604b60640ed4cc46ba48e8"
"data/kaggle_patch_pointer_v2/images/place_blue_cube_red_pad_seed_1138.png","23436","e2763aaf465e0b13e4345143675a8535d4e5c51783ff227f66eec9d71096bdbd"
"data/kaggle_patch_pointer_v2/images/place_blue_cube_red_pad_seed_1139.png","23272","6183d63bc9b4d127b0de60a372cdc81aee868bc366c2fd091d2d01cf2c36e5e4"
"data/kaggle_patch_pointer_v2/images/place_blue_cube_red_pad_seed_114.png","23302","8ca0fff38e367fe2e44b23ba96242b06a902fc49e95e48b78053a25728767cc1"
"data/kaggle_patch_pointer_v2/images/place_blue_cube_red_pad_seed_1140.png","23311","7ac8e0488ba5b52eea3d40176115e8f55e9fd191a21461a5cb0ce8e20f95817e"
"data/kaggle_patch_pointer_v2/images/place_blue_cube_red_pad_seed_1141.png","23588","2a67094d0bf731a23876db73039fd597a19a21398543275c40fdca02d9bd7c7a"
"data/kaggle_patch_pointer_v2/images/place_blue_cube_red_pad_seed_1142.png","23433","db765242c2d81c557cb338e36a0c615888c80b3dfa9494607b0e0f5fac1ae7eb"
"data/kaggle_patch_pointer_v2/images/place_blue_cube_red_pad_seed_1143.png","23410","41cb6f653ad6ec5097796244ff75173c2fb42e403e3d41c351547250e78f9bf5"
"data/kaggle_patch_pointer_v2/images/place_blue_cube_red_pad_seed_1144.png","23399","51d677b09b0e52b333b85f8533f458fdebac526062f44c96591192411c26339a"
"data/kaggle_patch_pointer_v2/images/place_blue_cube_red_pad_seed_1145.png","23251","97c0d08a20cbb4faa90b2294d054d483f79612d53637d1d3f58bd9c7e603620b"
"data/kaggle_patch_pointer_v2/images/place_blue_cube_red_pad_seed_1146.png","23469","75df9edbb9b6d09c53295c2e64aab99ebbf700d60998b3ec31cc19c43d56f12b"
"data/kaggle_patch_pointer_v2/images/place_blue_cube_red_pad_seed_1147.png","23355","c443ff935562af930d3c9bc1e45678acfd73a1e9ccd18cf826e78265d146089c"
"data/kaggle_patch_pointer_v2/images/place_blue_cube_red_pad_seed_1148.png","23261","b314919e35de94ce0f7f72f6c8b65c19ea2e2126d25295dafbf7be5c03794fc6"
"data/kaggle_patch_pointer_v2/images/place_blue_cube_red_pad_seed_1149.png","23101","c4b124381a3a005a38dbd5e3df614b3ee3d725fe680e2145c8a48644304e7bc1"
"data/kaggle_patch_pointer_v2/images/place_blue_cube_red_pad_seed_115.png","23134","65df48814394a1b9237ec2f7c4d86c2eea1ab47db0823ed5debc4c615f1cab09"
"data/kaggle_patch_pointer_v2/images/place_blue_cube_red_pad_seed_1150.png","23536","88ce75d2a07e7866debf01df886a2eb144aac7c4832a7f4f735e932469e7b81f"
"data/kaggle_patch_pointer_v2/images/place_blue_cube_red_pad_seed_1151.png","23196","2aeb255f5da77a308fe7615df7bcfbd35b0f5005a38b028b7a014c160b0092a6"
"data/kaggle_patch_pointer_v2/images/place_blue_cube_red_pad_seed_1152.png","23348","fd45516f858cc6c91d0e166543d590f34ace966d50420da5fcbf3e1dd1050c63"
"data/kaggle_patch_pointer_v2/images/place_blue_cube_red_pad_seed_1153.png","23489","26eed2de34712dd30e477c21235df42685d591f07af38678e07204156ee7476e"
"data/kaggle_patch_pointer_v2/images/place_blue_cube_red_pad_seed_1154.png","23419","999cfa460ca6ceecfa18a4036dc7d1078c282247be5cef6a43b23014b8b97a1f"
"data/kaggle_patch_pointer_v2/images/place_blue_cube_red_pad_seed_1155.png","23186","16d348b690a4a43c152ba756707848ffe79ce2596d5ec45f3265a30f08d53bab"
"data/kaggle_patch_pointer_v2/images/place_blue_cube_red_pad_seed_1156.png","23285","907cade00b12f32716072e898f5a6896f622d00e34a44a67b3c6a057d4947b06"
"data/kaggle_patch_pointer_v2/images/place_blue_cube_red_pad_seed_1157.png","23381","2053b68be348d27b96fdd966e07a5b639bb822146ff02b91db37675cf056081d"
"data/kaggle_patch_pointer_v2/images/place_blue_cube_red_pad_seed_1158.png","23055","164c09c973de19a01267d6995703178066c06b5e27aa57a4f297c46681fcde82"
"data/kaggle_patch_pointer_v2/images/place_blue_cube_red_pad_seed_116.png","23558","7dd26868567beb25984a198f6fc6c8ed82b5091f19accebbe8d2cdfbf0131aa7"
"data/kaggle_patch_pointer_v2/images/place_blue_cube_red_pad_seed_1160.png","23295","64240321b3768fcfb466b27041c443a6cbef61d369e1898adfdb1e731d72b9e5"
"data/kaggle_patch_pointer_v2/images/place_blue_cube_red_pad_seed_1161.png","23112","6fc815649e730b73235b15cc02a596dbc100051278d7758f15f19cc901994876"
"data/kaggle_patch_pointer_v2/images/place_blue_cube_red_pad_seed_1162.png","23230","1c2c9e02e2d936f1923966a7c7c46bb74d56ab23fe132893189138512a02260f"
"data/kaggle_patch_pointer_v2/images/place_blue_cube_red_pad_seed_1163.png","23222","67c18f64a12b5fb7a5e4851472a347b0e9c1e85d5e48b33c03cb4fe03aeca76b"
"data/kaggle_patch_pointer_v2/images/place_blue_cube_red_pad_seed_1164.png","23127","0d0e74202aeb24a872e2c63746fca1a3f02bc11937c8d38dcaa358aa4b0afab6"
"data/kaggle_patch_pointer_v2/images/place_blue_cube_red_pad_seed_1165.png","23186","9fc5f4b8334d4a706e8c7b7be004d89f201767b7a4a21a1125b48f250d2dd4a8"
"data/kaggle_patch_pointer_v2/images/place_blue_cube_red_pad_seed_1166.png","23271","2f0c81c155c5494e4825766eca0f7b801b6e79a878ce8377dfa15ba2ceadb49b"
"data/kaggle_patch_pointer_v2/images/place_blue_cube_red_pad_seed_1167.png","23516","04f29ff731271a63c33c518ba715b2e3c7bd8c6ed2d19ec66900f070aa49a51a"
"data/kaggle_patch_pointer_v2/images/place_blue_cube_red_pad_seed_1168.png","23147","d9e2386db4c976bb6396f934e4bb425273f31e00bd4447d8df702d612f60a010"
"data/kaggle_patch_pointer_v2/images/place_blue_cube_red_pad_seed_1169.png","23467","be6f880824a14f4bf8b07197792f7283576ff520318fb52a4bdd26c8f324aa3a"
"data/kaggle_patch_pointer_v2/images/place_blue_cube_red_pad_seed_117.png","23325","61b17dad691f1eee88020a889ac5b25e0ca787f888102a6bed95136764c7e8d9"
"data/kaggle_patch_pointer_v2/images/place_blue_cube_red_pad_seed_1170.png","23236","ea0e0cba4e937ecfc4ba73db9aa3b1fb201c1163e03389b326f6a93884004c58"
"data/kaggle_patch_pointer_v2/images/place_blue_cube_red_pad_seed_1171.png","23280","2efc3ba0079ac758dc4efb06bf67a2ef728de5c01b62cbd530eb57878ad0e6bf"
"data/kaggle_patch_pointer_v2/images/place_blue_cube_red_pad_seed_1172.png","23044","d9a707b61060ce28e6cb9443d39d41985ebddffc255d465f3afbaba07ae8ee93"
"data/kaggle_patch_pointer_v2/images/place_blue_cube_red_pad_seed_1173.png","23356","3429396ce64c613554cd9c14c53e7bac872354e03a09182df1818c5a434a0c2e"
"data/kaggle_patch_pointer_v2/images/place_blue_cube_red_pad_seed_1174.png","23275","0be31164dd55443975d38b10ba3b7bbfff4a9a0cf6b342b1c05962d68599210f"
"data/kaggle_patch_pointer_v2/images/place_blue_cube_red_pad_seed_1175.png","23136","6d1340d14965afbae95511e22a7d8a798384189f81ae028f510d06586c6bfbe2"
"data/kaggle_patch_pointer_v2/images/place_blue_cube_red_pad_seed_1176.png","23227","73fa61fb806a39a2699b616afb61a4570f71f52d860c3700b94ca15b4f4cb1ce"
"data/kaggle_patch_pointer_v2/images/place_blue_cube_red_pad_seed_1177.png","23181","797d9406a14b8a02d37536f5696d1037d8b36ec0ecf34e3fa64d8bcb4215f5be"
"data/kaggle_patch_pointer_v2/images/place_blue_cube_red_pad_seed_1178.png","23430","cbe4970c9cf544f34a71bf4701db2c94cd19934bbc23dd680c2d17364045da9a"
"data/kaggle_patch_pointer_v2/images/place_blue_cube_red_pad_seed_1179.png","23180","22533244261134bc272d759f43458da4dbacbd348e07402bac6d576c5050511b"
"data/kaggle_patch_pointer_v2/images/place_blue_cube_red_pad_seed_118.png","23348","15b4265cdf3e9d55a61cb1588faeffa235eb918ea93cad4ba716c64ed0f77498"
"data/kaggle_patch_pointer_v2/images/place_blue_cube_red_pad_seed_119.png","23495","55bfb42a67badee74052e5a0bc533e932e65ecd4d0863d5fb1c64c900f9f838d"
"data/kaggle_patch_pointer_v2/images/place_red_cube_red_pad_seed_1200.png","23160","34e859c474e705747ea26cf590624e94da068476bf6f6d15903e64df9c7c61d4"
"data/kaggle_patch_pointer_v2/images/place_red_cube_red_pad_seed_1201.png","23377","4624202ac736f66209937736a36e8cc08915f0665d65ae1b0dff8d79528c8132"
"data/kaggle_patch_pointer_v2/images/place_red_cube_red_pad_seed_1202.png","23381","1ef3b4ac15db6e49c785a1d69efbd28572e8f8139bfd14b024715449fe711b5e"
"data/kaggle_patch_pointer_v2/images/place_red_cube_red_pad_seed_1203.png","23463","f5914dd6df4db6aa323451f6ea69b10e8eb57fd4c51706ea8aa0b0d0fd16aae8"
"data/kaggle_patch_pointer_v2/images/place_red_cube_red_pad_seed_1204.png","23415","1ab8a9bf6ca690722a97b06a2c4913a160950d990f48388a7c29d3714ab3e485"
"data/kaggle_patch_pointer_v2/images/place_red_cube_red_pad_seed_1205.png","23355","e426fad75e8261b11b5fd4c2b889712f1fe4c6ed61d825bbbd1b895103a86f20"
"data/kaggle_patch_pointer_v2/images/place_red_cube_red_pad_seed_1206.png","23102","f73fda57d1926bd536443e2dfa091e04d82939ba8714dd388c22c5979ca51eee"
"data/kaggle_patch_pointer_v2/images/place_red_cube_red_pad_seed_1207.png","23376","c14ee5530887a3f395793ca66eab7c8a5196f19590888e92a4e3a96ccd10fd02"
"data/kaggle_patch_pointer_v2/images/place_red_cube_red_pad_seed_1208.png","23512","8342002ff2e1ca2f9281c35517201eda07f5f34634ba4a1d18de983ab3b13725"
"data/kaggle_patch_pointer_v2/images/place_red_cube_red_pad_seed_1209.png","23279","b29fdadb0e00c270da418b91daaba35261119ad1bcc25ea49234a71d08ab3b0e"
"data/kaggle_patch_pointer_v2/images/place_red_cube_red_pad_seed_1210.png","23282","1c3e6b09d4839c915500a8aa029165a92997cb366c50d56fae352ab16ea6a7b2"
"data/kaggle_patch_pointer_v2/images/place_red_cube_red_pad_seed_1211.png","23240","50cffbbd3e174de40b51e3f5dc0d090d56fea4a01bc60b05eb48cabd1a917554"
"data/kaggle_patch_pointer_v2/images/place_red_cube_red_pad_seed_1212.png","23363","959c8f1fbb1ccc969b11cc3c14b2cdb05e31ac1136337474e70d0f48f7d5823e"
"data/kaggle_patch_pointer_v2/images/place_red_cube_red_pad_seed_1213.png","23417","979c71fd4bf0fae41e87dbd22c0533f90cad0e499b4529c2dd5421bfe0d16d82"
"data/kaggle_patch_pointer_v2/images/place_red_cube_red_pad_seed_1214.png","23278","b73258d103c413fbfa8ef1393360a094190259b5da8f01fad0c3ebbf861c480b"
"data/kaggle_patch_pointer_v2/images/place_red_cube_red_pad_seed_1215.png","23281","61b161644bd122a67ad675977cea81b4435bb4b12ef41881f506b67f49e3cdfd"
"data/kaggle_patch_pointer_v2/images/place_red_cube_red_pad_seed_1216.png","23358","11dd5843ae4542a8078e3a75b77d6b8fcd6a8e6780148815d6de9c8fc21ba480"
"data/kaggle_patch_pointer_v2/images/place_red_cube_red_pad_seed_1217.png","23196","dd4388a3508fa070e815a029592d5b094448088e3f97bfe7cee8f41fdb73aeb3"
"data/kaggle_patch_pointer_v2/images/place_red_cube_red_pad_seed_1218.png","23467","4d8b7857c330a1719d384d8729acf150cd4e9fbae7b576df6fcd8799c5f6f89c"
"data/kaggle_patch_pointer_v2/images/place_red_cube_red_pad_seed_1219.png","23098","c49bf3ef46c386b43987c232b6009d4e182d505eae7fb10b34a2022226aecd52"
"data/kaggle_patch_pointer_v2/images/place_red_cube_red_pad_seed_1220.png","23209","8d09abe72c8799e0a48ce0f7cada6342a53faa00c6f0ecab0b9d3f855064abc5"
"data/kaggle_patch_pointer_v2/images/place_red_cube_red_pad_seed_1221.png","23084","4c6949024aacc9f35fd06dc94ce5f58f6a273241747fbb3528740e86ab75c817"
"data/kaggle_patch_pointer_v2/images/place_red_cube_red_pad_seed_1222.png","23267","9e0010ea0fdf58b7b0b43f889b43655126926c0db4c280df942cc79f69ad9e31"
"data/kaggle_patch_pointer_v2/images/place_red_cube_red_pad_seed_1223.png","23441","29cdda00c71343da06682a3b93804256ccb4fabe948ee78836a8c18aec90dfbe"
"data/kaggle_patch_pointer_v2/images/place_red_cube_red_pad_seed_1224.png","23276","34e896b7c949fb0fb2a7c94e06b5aef2023e0c58538b398badbad74c19e8948f"
"data/kaggle_patch_pointer_v2/images/place_red_cube_red_pad_seed_1225.png","23530","61ebb281f799604377531f9083587658bf5a2867cc5cb9e8e8e11ae42f42aeb1"
"data/kaggle_patch_pointer_v2/images/place_red_cube_red_pad_seed_1227.png","23122","ed374ce87107cedf1ea843940157249421bd773eaf9acf2566e794affa7eb4f3"
"data/kaggle_patch_pointer_v2/images/place_red_cube_red_pad_seed_1228.png","23340","a9a4ea1d56ba20b532e8e17094dfdfa58fc6c550f8ff2db0bc49d5fca9e06ae2"
"data/kaggle_patch_pointer_v2/images/place_red_cube_red_pad_seed_1229.png","23373","cd9c5df82f7dc5689785cf737e57d1a795aa9bdfcf430fba4b7d43ec7590edcf"
"data/kaggle_patch_pointer_v2/images/place_red_cube_red_pad_seed_1230.png","23194","15342fcf38c7ef8f3c4d958e8a8fcb729a27de17008ff49a1843cf49a0827ed8"
"data/kaggle_patch_pointer_v2/images/place_red_cube_red_pad_seed_1231.png","23343","9a5e86d492dbd8330942edf7538314dc9bcdff3623c67e2c533565433119cdc1"
"data/kaggle_patch_pointer_v2/images/place_red_cube_red_pad_seed_1232.png","23493","166a7d0b1daccd9cdfda0a13bb40c2781ae5039d7aa6984214f3b7ebed9d7e1b"
"data/kaggle_patch_pointer_v2/images/place_red_cube_red_pad_seed_1233.png","23530","e1f3a0e69f2b7343a26140a121e66159e5b33f00f78541ab636b7e92e29c273c"
"data/kaggle_patch_pointer_v2/images/place_red_cube_red_pad_seed_1234.png","23475","de02670820c310348646819f9b26cd8da0f57e314f50b5ae88b13205d2c81fac"
"data/kaggle_patch_pointer_v2/images/place_red_cube_red_pad_seed_1235.png","23253","9287129d3df4cb23912eea752df241bbcc82d58420ef7b7134c291922ba1582b"
"data/kaggle_patch_pointer_v2/images/place_red_cube_red_pad_seed_1236.png","23480","55b602fc0cc3a94065f13b68b917ff8da1dfd9c4eafbfa5b79148b0c8e5bd75f"
"data/kaggle_patch_pointer_v2/images/place_red_cube_red_pad_seed_1237.png","23208","99f48c971c5ab6b79000aa47fda7641b6b66fd848c249f2d325513f5112600ce"
"data/kaggle_patch_pointer_v2/images/place_red_cube_red_pad_seed_1238.png","23252","d3393ca15cea9b57a1bf720a4d94c6b219e779e98d853eb9ff3c4b9439698d2e"
"data/kaggle_patch_pointer_v2/images/place_red_cube_red_pad_seed_1239.png","23162","e7fcafcf92912e2cafd86bfa5ffde3b964a4e99ade1e917e7d2af383eb41e514"
"data/kaggle_patch_pointer_v2/images/place_red_cube_red_pad_seed_1240.png","23248","91e0d28a4e9d59097d5b6769d947ed984ab97bff47b4ac1ac3e1615811edffdf"
"data/kaggle_patch_pointer_v2/images/place_red_cube_red_pad_seed_1241.png","23337","d6edb59b0b8cd4523734dbdccb4f414109ba8cee20760926cf91b09376f57fee"
"data/kaggle_patch_pointer_v2/images/place_red_cube_red_pad_seed_1242.png","23546","f84ad7633018c6e4d17c2e18d1b73d4fa03ef4a9396bda2cc74ead3b981fd1f1"
"data/kaggle_patch_pointer_v2/images/place_red_cube_red_pad_seed_1243.png","23211","494422c39b49467fc64ff2e4882d57661f30a0e3e675a5bc5c5526d7b700f6d8"
"data/kaggle_patch_pointer_v2/images/place_red_cube_red_pad_seed_1244.png","23194","838c1f472d164a3f852864cd71796a7c8c3124ce94beb1c3880fc01c2a848842"
"data/kaggle_patch_pointer_v2/images/place_red_cube_red_pad_seed_1245.png","23553","da6f5000e70e298a192d7681408758a319e3bbb2e88d027246ec622eaa311f16"
"data/kaggle_patch_pointer_v2/images/place_red_cube_red_pad_seed_1246.png","23331","f6175662204d6ac35d8b1e16b0d253740221cf95333989214391181ea081676b"
"data/kaggle_patch_pointer_v2/images/place_red_cube_red_pad_seed_1247.png","23459","7b979dbd8b987ea84e5b5fbf3472c8bc51a5eced858471185c79c84bc1560111"
"data/kaggle_patch_pointer_v2/images/place_red_cube_red_pad_seed_1248.png","23277","0d2654bf102fc568800e73305b72f3e4f7407cbdad3d1a3132bcec3b0197928f"
"data/kaggle_patch_pointer_v2/images/place_red_cube_red_pad_seed_1249.png","23174","0e5f574eb3ca356ffcfa71d45d1476cdf6dcbeb3cd9214c501ef9e0d72253117"
"data/kaggle_patch_pointer_v2/images/place_red_cube_red_pad_seed_1250.png","23326","ed9f5c813a0adac86e8348421a80a57243eed0b3e7b0bb92a0d009e83a9923b6"
"data/kaggle_patch_pointer_v2/images/place_red_cube_red_pad_seed_1251.png","23210","6fcd523195d22b0d72121d7e7359dd9d7fb908fc676d29f9a633b31d3117c086"
"data/kaggle_patch_pointer_v2/images/place_red_cube_red_pad_seed_1252.png","23074","471d141c189090950e58dfe427459d1480f2bb77676b5e06e13b99183d93aecf"
"data/kaggle_patch_pointer_v2/images/place_red_cube_red_pad_seed_1253.png","23248","a926c276fd33e0a741524012b84fd9189b29378a934e6a474986c8014a916122"
"data/kaggle_patch_pointer_v2/images/place_red_cube_red_pad_seed_1254.png","23471","579a1d9fd80fb52a85b2cc68b418065ad0dbc0d952c9d0b82a897ac92083530f"
"data/kaggle_patch_pointer_v2/images/place_red_cube_red_pad_seed_1255.png","23503","7d292ab6f16ee9a1c52e2c6642115768ea46753f522233239ce36d1f4ac3e416"
"data/kaggle_patch_pointer_v2/images/place_red_cube_red_pad_seed_1256.png","23278","69f5dafae4df19001d66f1efed4d253fc03259a2f569ecf70e8c536296827007"
"data/kaggle_patch_pointer_v2/images/place_red_cube_red_pad_seed_1257.png","23582","cac44bd5e4f33d81dd7195486f3c70bf0389941ef19351d19521326ff3eac234"
"data/kaggle_patch_pointer_v2/images/place_red_cube_red_pad_seed_1258.png","23301","728e24e070b93843c428862cff32499de0e235b45867bc1e19812cadfd617304"
"data/kaggle_patch_pointer_v2/images/place_red_cube_red_pad_seed_1259.png","23109","dd2d6cb98ffd80a04a55b2e584cde8a7e454bfb8667a21258d1b1c8f41c358aa"
"data/kaggle_patch_pointer_v2/images/place_red_cube_red_pad_seed_1260.png","23232","7ea12eeb55d919c7c94a40d4bd9daff277228887e08f40c1e68a9503d86d6a5b"
"data/kaggle_patch_pointer_v2/images/place_red_cube_red_pad_seed_1261.png","23327","73ade431b683394763a5cdc3e8288848febfcce653a99f056a8c6987dee78a0e"
"data/kaggle_patch_pointer_v2/images/place_red_cube_red_pad_seed_1262.png","23448","746c72a4450aabbae377a2728224ab3c9017f06ca96334f14deb804a7748dfb1"
"data/kaggle_patch_pointer_v2/images/place_red_cube_red_pad_seed_1263.png","23549","e784eebf6d8d24c4b13a09fa92a8a1907d6abb6c556b403558a24fde5a97e07f"
"data/kaggle_patch_pointer_v2/images/place_red_cube_red_pad_seed_1264.png","23301","736b7712e22e9924084821d048d122d680f9fa61e3d8db2abbe979905a6ea4c6"
"data/kaggle_patch_pointer_v2/images/place_red_cube_red_pad_seed_1265.png","23393","a523a98f04f79b49d71ec4c0801c89f8c536a1f61abf576a238e453c75ddd42b"
"data/kaggle_patch_pointer_v2/images/place_red_cube_red_pad_seed_1266.png","23292","8e54d9c2d7ded6bb79fdc9a4fa9cc5686e258b2173597b2ece024262c63e1a82"
"data/kaggle_patch_pointer_v2/images/place_red_cube_red_pad_seed_1267.png","23466","c40a326fa64718d4e7b6ce78757cf8482be58acbfc4eb1f27a72d44474dfb669"
"data/kaggle_patch_pointer_v2/images/place_red_cube_red_pad_seed_1268.png","23088","515c744e1b5a0fffa2cb79caaa5a5ad81f9e8c1033f53566f28a27fd1bfde137"
"data/kaggle_patch_pointer_v2/images/place_red_cube_red_pad_seed_1269.png","23229","39651cae9f671be5e0b9bbd6ca125a090154a78588b41d96a1fb836c8b2c9c35"
"data/kaggle_patch_pointer_v2/images/place_red_cube_red_pad_seed_1270.png","23314","4f32363344533da321fa57db560585a81d4cf1ba462cb83798356c47364a3772"
"data/kaggle_patch_pointer_v2/images/place_red_cube_red_pad_seed_1271.png","23114","b1cc5c12277aab96a1b9223223519b5ea5ef6362ef2a78c9ed10bab850cf5fc5"
"data/kaggle_patch_pointer_v2/images/place_red_cube_red_pad_seed_1272.png","23400","d942fee626bab4ad504068788497d047cfced3fa39017d3960832e2a3efb3ce2"
"data/kaggle_patch_pointer_v2/images/place_red_cube_red_pad_seed_1273.png","23417","b4dd6e30ad48c2b530d5dd488f0d1d37701ffbd68ddef07e1797d35536150594"
"data/kaggle_patch_pointer_v2/images/place_red_cube_red_pad_seed_1274.png","23540","7cfc2db70689baf96b9fc58e0e7a156f32f4d2f4df328d0c7ab6af8a0d844666"
"data/kaggle_patch_pointer_v2/images/place_red_cube_red_pad_seed_1275.png","23469","ee4ca9c9729577df38fec0ef918d2e6f5b06722c4e63c57186cbd53452f4b7dc"
"data/kaggle_patch_pointer_v2/images/place_red_cube_red_pad_seed_1276.png","23604","31ac9036b6d76765596922edaf19ce5c48e358eed332c53db049320b7976b214"
"data/kaggle_patch_pointer_v2/images/place_red_cube_red_pad_seed_1277.png","23036","c3e011ba9ea409edbaf4289d855897d79b74e88b328d6ff5ad706545f7d5e6e3"
"data/kaggle_patch_pointer_v2/images/place_red_cube_red_pad_seed_1278.png","23534","7376218c70e8af602cd830f9b554b6a77aa0ebd51395e84fce8e3d0fd71ec2bf"
"data/kaggle_patch_pointer_v2/images/place_red_cube_red_pad_seed_1279.png","23223","2db69b6013b8fdf451b7d393bde28d8dbe08c1ef3a5bbafd28f7cf134f075b0e"
"data/kaggle_patch_pointer_v2/images/place_red_cube_red_pad_seed_200.png","23191","6b46cc049700dd0d2822d8042adf71c33ffcce18b798c4ef71d50e833b8c4155"
"data/kaggle_patch_pointer_v2/images/place_red_cube_red_pad_seed_201.png","23263","9496d29c45bbd4af0422fca03b50b614217d7533058998470fdfc1ed1059b937"
"data/kaggle_patch_pointer_v2/images/place_red_cube_red_pad_seed_202.png","23212","fd5195fbb63361c51242f1d305cfc27943870316ca83dd895e4305a8add51346"
"data/kaggle_patch_pointer_v2/images/place_red_cube_red_pad_seed_203.png","23155","38accb0ab053a1ecd45b874a0b8ad797ad33a5841b57461e578e064701ddc5b0"
"data/kaggle_patch_pointer_v2/images/place_red_cube_red_pad_seed_204.png","23218","73fbbbc494daa1a1dbc6fa17075e1079638c4017f5a832b793d97955555f8e75"
"data/kaggle_patch_pointer_v2/images/place_red_cube_red_pad_seed_205.png","23326","26d0d72e9c7b7ec00e46883e89a655d0188b6a5d0ecc84d2a4adf6fa92cd05bb"
"data/kaggle_patch_pointer_v2/images/place_red_cube_red_pad_seed_206.png","23123","91eaf975357a75d6c3dcaf6c6a92b2204944d32fae354ec5d4d521e40037d6a8"
"data/kaggle_patch_pointer_v2/images/place_red_cube_red_pad_seed_207.png","23122","a58a22528607414d54c90efe46898d7ecc74520a1643e98ea8496a7646869eab"
"data/kaggle_patch_pointer_v2/images/place_red_cube_red_pad_seed_208.png","23286","0d3d705251492cc88fb38dc4da54b8c7cd8e66dbc8f85956d17e199352fd802d"
"data/kaggle_patch_pointer_v2/images/place_red_cube_red_pad_seed_209.png","23483","689cb97865205e1cbe067a165ee09861910dea5aa59c517c247bde21922d6df1"
"data/kaggle_patch_pointer_v2/images/place_red_cube_red_pad_seed_210.png","23000","3f42dfb97ad084288bc0414b6834401c8705e4a2f0e2868017aafb1206d9b4e5"
"data/kaggle_patch_pointer_v2/images/place_red_cube_red_pad_seed_211.png","23501","c1456d913b0d8f3f25bba2e98352ad486400bc7608cc2a272f992d1b67608cac"
"data/kaggle_patch_pointer_v2/images/place_red_cube_red_pad_seed_212.png","23371","8edebb1e6819431dce369e0315f049224f47b95dc3b3540f7596fdc11b2838c0"
"data/kaggle_patch_pointer_v2/images/place_red_cube_red_pad_seed_213.png","23444","eb11bca195e4cadee32ddbdab5c1a0052b78ad66d7a2e3fb9a915e24fad281f4"
"data/kaggle_patch_pointer_v2/images/place_red_cube_red_pad_seed_214.png","23295","12e8f51397a7cad70d0d628b2168a2405320537b07894b06b0ed7198774ab28d"
"data/kaggle_patch_pointer_v2/images/place_red_cube_red_pad_seed_215.png","23257","1cd66ab2192a60a934f72f76e0ac0be3a40e3d42e8c977b7aa2e1866b0076633"
"data/kaggle_patch_pointer_v2/images/place_red_cube_red_pad_seed_216.png","23356","e3b5849e416ecff6fd07ce088217bedbdbe9e445038bf15627e037365bf88d8c"
"data/kaggle_patch_pointer_v2/images/place_red_cube_red_pad_seed_217.png","23297","bb609bcd8b69d23fc8736e655fa265988d0cff40375e4e2912f501e9c9e8fa72"
"data/kaggle_patch_pointer_v2/images/place_red_cube_red_pad_seed_218.png","23447","58706fab866fb732f1c723a66556546b8f616bcc81bb263cd5cc47449daf9944"
"data/kaggle_patch_pointer_v2/images/place_red_cube_red_pad_seed_219.png","23475","10fe105adb5498ab8291c8e4e5db2b89e79cbcb4fdc283f06cfcb3ee12bc9fd4"
"data/kaggle_patch_pointer_v2/kaggle_train_patch_pointer.ipynb","1471","1112533fe85061adbe0ea04114ffce843b0ba1abe622204abbc510f5e799427b"
"data/kaggle_patch_pointer_v2/KAGGLE_UPLOAD.md","764","5d96d9f15807bb4451befa166afa3d6065f8e94eb9beead775d08d4f3847b31c"
"data/kaggle_patch_pointer_v2/manifest.json","2814","207c590204011306fc81c0cfec5c021f91c1dc5cd9f56e10f5c18c96debb3658"
"data/kaggle_patch_pointer_v2/requirements.txt","44","24631de1be4c25c2c5579d21b95b5ad9861ace86c3bb3e9a8e28a1d334438533"
"data/kaggle_patch_pointer_v2/samples.jsonl","267997","305bed11435074c5707872263b94cc41739b189c562d20397b28324ecd074c85"
"data/kaggle_patch_pointer_v2/scripts/kaggle_train_patch_pointer.py","13209","2492511b448e689d3f4cef736d542a41f8039d061ef0703474fb9b7a7154785f"
"data/multiview_recovery/recovery_candidate_v1.npz","11477","5e531d1f6304a9e794ac5ab4167cfdba7c9bcfb36af9bc6ca32498bc765745ca"
"data/multiview_recovery/recovery_candidate_v1_summary.json","365","f6e3457115f1d1cd240674043b1605f4ca502fc5315032d9b48705a4bb4f1e90"
"data/multiview_recovery/spatial_recovery_v1.jsonl","37638","4f40ad686ebd74d7df83fa7c05ca70751476159ea93af335deb4d8c608a90b0f"
"data/multiview_recovery/spatial_recovery_v1.npz","47951","b45acb6581e69e32a0ee8a32a8de8e69a97fab82d62ea7cbb9c67a2256204898"
"data/multiview_recovery/spatial_recovery_v1_summary.json","638","74081bbaa16190d908305fc1daccbbd53efa930e3d1565a583546969f3dfdcdb"
"data/multiview_recovery/spatial_recovery_v2.jsonl","100657","b4ff8aaf58f9c4a33cce0da63e1f601c7a46326dbd0d539b5466acde940243a4"
"data/multiview_recovery/spatial_recovery_v2.npz","57350","e92d3236630b846345b9a6fe5c5875678bde1b283869241b505c836defb19d45"
"data/multiview_recovery/spatial_recovery_v2_summary.json","644","f13b4bcdbd32d5246b84a6c8ed172f1938810c0675377084378849b70b660318"
"data/multiview_recovery/terminal_mixed_v1.npz","73364","afc101477db87eb3969d110141d5d41ba083d5df0906529f2bf1f18c88d9d260"
"data/multiview_recovery/terminal_mixed_v1_summary.json","454","a4c385b29e976a3352546683fa2da145c2d02051253dfbb9ecac3d93a35daa24"
"data/multiview_recovery/terminal_verification_v1.jsonl","30782","2685796e739f00acaa1e73ced7cdf8c5fd819da128d4939249df6644d8d08af2"
"data/multiview_recovery/terminal_verification_v1.npz","19715","7706548b0d6ce02db78d733f893fea38330e3075e4d5b6819f1c0c5964eef7be"
"data/multiview_recovery/terminal_verification_v1_summary.json","580","cef201d5ad28d015a1764db0586122465dd10df7e0118041db6f0740b63c22e6"
"data/vla_bridge/openvla_dataset_bridge_v1/images/episode_000000_step_000000.png","12073","ce6359383727e7b832be5c023418597864bb85e56a59a1d71664a1590861b658"
"data/vla_bridge/openvla_dataset_bridge_v1/images/episode_000000_step_000258.png","13473","e56321eb6dfbc21ae63b0d11aae6efc7e5be7ef74475a5eba97d34ec6c2a70d2"
"data/vla_bridge/openvla_dataset_bridge_v1/images/episode_000000_step_000516.png","13272","4982b5cedacabc2852fef294eace3ac69955de15a32ad0b120f8a37ea755be71"
"data/vla_bridge/openvla_dataset_bridge_v1/images/episode_000000_step_000774.png","13300","e81cb2b821a151d3875b25af6842177ed4a7a92907f33a7c8fc3686e8e1e9938"
"data/vla_bridge/openvla_dataset_bridge_v1/images/episode_000000_step_001032.png","13557","2b8698e746ce3897a90751c14b067fec8d10659dae3d937a2cdd0fef25bdd382"
"data/vla_bridge/openvla_dataset_bridge_v1/images/episode_000000_step_001290.png","13640","f8808309f5bc272d785802876d177bc5ffd8cfdb72bcaea5c5c1fa0fb00cf911"
"data/vla_bridge/openvla_dataset_bridge_v1/images/episode_000000_step_001548.png","13639","d55774df50cac92d6b887bba435d4f25dda38e3083fa6c6d3d0ec915eac2fcee"
"data/vla_bridge/openvla_dataset_bridge_v1/images/episode_000000_step_001806.png","13457","3d71daef3d0d7bbfc7b833738ec8959c3b2c087cb419ab4b1e21824f603d6ea6"
"data/vla_bridge/openvla_dataset_bridge_v1/images/episode_000000_step_002064.png","13654","b0393223d867c7efbad15b57b1c2804a2074810785bec7cb72023388b4027074"
"data/vla_bridge/openvla_dataset_bridge_v1/images/episode_000000_step_002322.png","13567","a4fa4b0d4d512ba5c7c349534aa48991484c9bf2c2ae7d3b87a093cad149ab5a"
"data/vla_bridge/openvla_dataset_bridge_v1/images/episode_000000_step_002580.png","13712","a9d8d15caf21026cc5a3c1b828f9a61ee400d7b942e33e6267ac3fb9ba4dc845"
"data/vla_bridge/openvla_dataset_bridge_v1/images/episode_000000_step_002839.png","13581","9c138d2217322391696d7f0efe62afbabe72a67c5288317a07209139ccc79e05"
"data/vla_bridge/openvla_dataset_bridge_v1/images/episode_000001_step_000000.png","12060","7c6fe5fad770c5c55a2203145d5be830a129beec660f45dbea16f94a609c649a"
"data/vla_bridge/openvla_dataset_bridge_v1/images/episode_000001_step_000258.png","13018","79091d7a6404c1a44d5e51f34f9db87713f2d5f20de81e3276a25ce44d9fb0e3"
"data/vla_bridge/openvla_dataset_bridge_v1/images/episode_000001_step_000516.png","12965","109c7c45ec9ddd4115853513ba41adc9508ca70b8457fea2e296de5de2165403"
"data/vla_bridge/openvla_dataset_bridge_v1/images/episode_000001_step_000774.png","12918","a6884d90e8be636554d5f1b48aa3c87b18433e568fe4f7e811bcc1c91662adca"
"data/vla_bridge/openvla_dataset_bridge_v1/images/episode_000001_step_001032.png","13301","3149c952e42facc91371f519b3b3ff77e9b84294ef7b9f5bba77a62c97094f73"
"data/vla_bridge/openvla_dataset_bridge_v1/images/episode_000001_step_001290.png","13044","2c403d024a1b4507a93070b61e1b0c88ac46972b43987613c21f940d43be09cb"
"data/vla_bridge/openvla_dataset_bridge_v1/images/episode_000001_step_001548.png","13543","06dd2dd712aaeac0c98805b388d1e7b3f46283186d9e58a9929cb1b53e2d2c79"
"data/vla_bridge/openvla_dataset_bridge_v1/images/episode_000001_step_001806.png","13429","003f74fa46bd7fcfb78612ab8fb8afc809f0a20a8baa091bbb56c98555cfaa12"
"data/vla_bridge/openvla_dataset_bridge_v1/images/episode_000001_step_002064.png","13732","7f16caeed65f22c9be6da58d26122f9d27be89f45c1520023f6bbd177a5db7fa"
"data/vla_bridge/openvla_dataset_bridge_v1/images/episode_000001_step_002322.png","13651","f238a53e8df60a71fd93ba0a2cdc02a690d412af8e1c16ba6cb42b30f84f6902"
"data/vla_bridge/openvla_dataset_bridge_v1/images/episode_000001_step_002580.png","13680","f701e7259f432a54c04885dc633ec1f530fba6519eca1091a2841864d18bfa6d"
"data/vla_bridge/openvla_dataset_bridge_v1/images/episode_000001_step_002839.png","13607","bf1eb5f037ae51cd9fc71616fbce86c656e9716d0c8f8cfe960c54a1c8cbfb1a"
"data/vla_bridge/openvla_dataset_bridge_v1/images/episode_000002_step_000000.png","12163","a706fb40033d081f55f66a2f04166e0ffa09cc8e4b7177ae4b015664ce58d3b3"
"data/vla_bridge/openvla_dataset_bridge_v1/images/episode_000002_step_000258.png","12371","c5f798e274f3341ed5fb913f20bd8651b2e390fc63367ac6d5a29fe9339acbe6"
"data/vla_bridge/openvla_dataset_bridge_v1/images/episode_000002_step_000516.png","12296","f2cd78ae483fcac0bf1a4e032597cc28b33c37806c54329a50033da7b408d9b9"
"data/vla_bridge/openvla_dataset_bridge_v1/images/episode_000002_step_000774.png","12188","2e4ec35cc49e782da0a9c05cd8756857adb93ef9652927c7c83ae021f7ca8218"
"data/vla_bridge/openvla_dataset_bridge_v1/images/episode_000002_step_001032.png","12428","766616b445382cf7175876a3016d92864c29aaedd82737fa8428cb5ac3c5ec24"
"data/vla_bridge/openvla_dataset_bridge_v1/images/episode_000002_step_001290.png","12672","f798e2d7ed664bd23d442ace4c608d4846e177f072098056d3d44ac4642f085b"
"data/vla_bridge/openvla_dataset_bridge_v1/images/episode_000002_step_001548.png","13006","78df5fd80ee8524dc4a36db521f6e7c4bc0284a4fd0f003071b30eaecf4f1139"
"data/vla_bridge/openvla_dataset_bridge_v1/images/episode_000002_step_001806.png","13725","2733e8394b9ff58b1691c0cd18d463770d214cd508f1ee6c1b0ff46fd62ce2ee"
"data/vla_bridge/openvla_dataset_bridge_v1/images/episode_000002_step_002064.png","13719","ca0d9b6bec2bde2126da2202b59ec0acddf2c14d2ec93bb90ea3db020b731789"
"data/vla_bridge/openvla_dataset_bridge_v1/images/episode_000002_step_002322.png","13662","623554ab6a584d418b0ce984bef40a8f803e3ddbfcda2d7112b4fdd088695e4a"
"data/vla_bridge/openvla_dataset_bridge_v1/images/episode_000002_step_002580.png","13839","a321ff256474162ae61ea2cd65db4aec22b37e621cf181026068fa3bc4aab18e"
"data/vla_bridge/openvla_dataset_bridge_v1/images/episode_000002_step_002839.png","13786","2d16ce9dc55940f185f3ea6bb5d4f3b54288a39d80d16353eb5fc2432b7fdb55"
"data/vla_bridge/openvla_dataset_bridge_v1/images/episode_000003_step_000000.png","12148","351572d6fd8da47d0b4c4669acf83587b2835a5af00e96853c14295a7ba18458"
"data/vla_bridge/openvla_dataset_bridge_v1/images/episode_000003_step_000258.png","13380","3978bd9f5ec83e912ac7ff9754b3aa029c6c13dcf02e9fee9a99cc3541259e92"
"data/vla_bridge/openvla_dataset_bridge_v1/images/episode_000003_step_000516.png","13754","e61621522d9ecf11c060332bef03672fe4cf00ea500e0e365bb9ca30a96c27ec"
"data/vla_bridge/openvla_dataset_bridge_v1/images/episode_000003_step_000774.png","13751","76345db794fa4e24636574bdfa39796f2e23a568aecda19f9592b5f6c195f506"
"data/vla_bridge/openvla_dataset_bridge_v1/images/episode_000003_step_001032.png","13779","f565ba74d9756170c749e02985e0f95df1db6c39677695715dba85c551eed12a"
"data/vla_bridge/openvla_dataset_bridge_v1/images/episode_000003_step_001290.png","13500","d5b656b302bb6c058349c3c31e2dcd0eeb0dea2a2c23e7561f5b6e59457e3af7"
"data/vla_bridge/openvla_dataset_bridge_v1/images/episode_000003_step_001548.png","13375","afae5d68a0e0313d8af17fe13c69923a6c9bc51516ac04232a7cd26a2d653ac3"
"data/vla_bridge/openvla_dataset_bridge_v1/images/episode_000003_step_001806.png","13338","ccf09fad30457c777860176f9ec57e52ddbb07200fbcc50fd76f7414a0a0ca5a"
"data/vla_bridge/openvla_dataset_bridge_v1/images/episode_000003_step_002064.png","13658","563f47d84fd67c61cf08928f2c15268b4b5997afb038da2e237334ed651cfb5b"
"data/vla_bridge/openvla_dataset_bridge_v1/images/episode_000003_step_002322.png","13514","badf7969e60542a64485209d4f5e19704b64cb8010904441cfda0739dd36778c"
"data/vla_bridge/openvla_dataset_bridge_v1/images/episode_000003_step_002580.png","13674","2164b42c34fe6e4383d45fb35bcc6329a1a936755b77bbf765f68863aca784ff"
"data/vla_bridge/openvla_dataset_bridge_v1/images/episode_000003_step_002839.png","13554","de2ff4678d071c8cbf2a101ae38b3938724b9bd162e6bdb16c3c3862070980d4"
"data/vla_bridge/openvla_dataset_bridge_v1/images/episode_000004_step_000000.png","11999","9c08b4dc0b2dd8bc44f0212d086025a1c2e939d5febb194ece95a80bb9b06ad6"
"data/vla_bridge/openvla_dataset_bridge_v1/images/episode_000004_step_000258.png","12747","fe76c6d39b6b4c22a341df08cafeb95210c2bd98ba95603b974e97a48439a0b6"
"data/vla_bridge/openvla_dataset_bridge_v1/images/episode_000004_step_000516.png","13056","5f10f455af1aa6c888e657c86d5d8e932dffed19aaeb68bca834f7917ee5a3fc"
"data/vla_bridge/openvla_dataset_bridge_v1/images/episode_000004_step_000774.png","13094","8015ccc1d3f6e57bc330db294ce10e2344396a8dd2a7b614f2ffb41e2b5aec62"
"data/vla_bridge/openvla_dataset_bridge_v1/images/episode_000004_step_001032.png","12918","4d03ff4376ec63d7d295e7bf9cf99c0b5eb55fb182e8b07be60d954f873d42ce"
"data/vla_bridge/openvla_dataset_bridge_v1/images/episode_000004_step_001290.png","12861","5669bb705ab1ea9641759e7eb36478c629e5c47359ef4fb40a000f773ff24ece"
"data/vla_bridge/openvla_dataset_bridge_v1/images/episode_000004_step_001548.png","13352","d90db3121aec2b223b503747a92bd9270f3c5af0b00138986803461c5041626e"
"data/vla_bridge/openvla_dataset_bridge_v1/images/episode_000004_step_001806.png","13440","fe057805e0c8f73f5827214985a3b71ad92f2bca24ef99fa3028935c6052b42f"
"data/vla_bridge/openvla_dataset_bridge_v1/images/episode_000004_step_002064.png","13567","c8d204f7a3ccd01578c41502da31195a886b2a89cc99a1af81f1171357caa1b6"
"data/vla_bridge/openvla_dataset_bridge_v1/images/episode_000004_step_002322.png","13530","d59ddcea8961f940ab764c14fce67d8b43ff894765195f48075a7f25fedca8e3"
"data/vla_bridge/openvla_dataset_bridge_v1/images/episode_000004_step_002580.png","13648","8a91c913ee6c7ae1227519d8b75884f6cbbd48098635e69ec8b642d59f6268e9"
"data/vla_bridge/openvla_dataset_bridge_v1/images/episode_000004_step_002839.png","13655","79fad8a8f08d9b12f45e0f5103969c301e139eae8c023fb2c69d14a421a66fe3"
"data/vla_bridge/openvla_dataset_bridge_v1/images/episode_000005_step_000000.png","12137","ac2a59ceb3c0130fb4ec1e23ae21beeaab675989f77ef21f7efee64a9d110996"
"data/vla_bridge/openvla_dataset_bridge_v1/images/episode_000005_step_000258.png","12392","06b14a4d9d61c55d7944a0b7fb61e06f0ab49dedc3f39cd640462d2ea35600e0"
"data/vla_bridge/openvla_dataset_bridge_v1/images/episode_000005_step_000516.png","12310","07bb99918b47213aa8894b0e1ce2afe3eac1780e1e1586ca03c82e86d8bb78e8"
"data/vla_bridge/openvla_dataset_bridge_v1/images/episode_000005_step_000774.png","12288","aa2727f1d5f25e0c6932f1e6580aefdedf84a371cdfafa5cc752f712bfa1500d"
"data/vla_bridge/openvla_dataset_bridge_v1/images/episode_000005_step_001032.png","12541","f240fe7320bf49c1c7dde0edf2c4d58b5af1642f0d92008d8dd39c0a795f2306"
"data/vla_bridge/openvla_dataset_bridge_v1/images/episode_000005_step_001290.png","12473","4d0f120e9598950fb2b2a07c29d4ea3a466893fe56ce38e436279804b4e53c8c"
"data/vla_bridge/openvla_dataset_bridge_v1/images/episode_000005_step_001548.png","12727","d89d0cd54a65aae0766cc109c12f888a3db1af3969d7fe0276a5e9575888cf23"
"data/vla_bridge/openvla_dataset_bridge_v1/images/episode_000005_step_001806.png","13539","5de14feef14ac1a24b1ba07a0b21a99a21b53e2acf18ba1af083efc34020ec67"
"data/vla_bridge/openvla_dataset_bridge_v1/images/episode_000005_step_002064.png","13752","24ed82df4c3d29340083596dc9a84cfa5857b51a59e66103e1396f1202b84d5f"
"data/vla_bridge/openvla_dataset_bridge_v1/images/episode_000005_step_002322.png","13635","2d27234c4f416ed41904d3a3753076799715d59ff676309e2cc82cca9b2c1e63"
"data/vla_bridge/openvla_dataset_bridge_v1/images/episode_000005_step_002580.png","13696","e82af7615abf57bf7b3a6a44cc3bfb15e95bac0fed379a49a392ce05a05b1830"
"data/vla_bridge/openvla_dataset_bridge_v1/images/episode_000005_step_002839.png","13709","d1fef84e217ab82976cb70b8545d29c6b3e9ad83fe45311df46e0343b5d6a070"
"data/vla_bridge/openvla_dataset_bridge_v1/manifest.json","1010","983dd2b465a990fd54f5b22e97ec7777c006f3208fee5b087eb60d9217d69312"
"data/vla_bridge/openvla_dataset_bridge_v1/preview_grid.png","406845","0cbdda13725bc7dc88831da5709451cf56137c1019516c0006bc43816bf951b6"
"data/vla_bridge/openvla_dataset_bridge_v1/samples.jsonl","137925","4df8e59de1a56e6a92f900349292ac641d33ab4c3624bdb099e0719985e982d1"
"data/vla_bridge/widowx_mujoco_rlds_source_v1/episodes/episode_0000.npz","4757","14b490977ac6bba276f52a72f103ee754b4db812f15216760601d41c8c83afd8"
"data/vla_bridge/widowx_mujoco_rlds_source_v1/episodes/episode_0001.npz","4769","d5f90c27a75d2c223d5343a9dbe6f88613422018c887494a2efc5973c4cb2a32"
"data/vla_bridge/widowx_mujoco_rlds_source_v1/episodes/episode_0002.npz","4766","0b0415b292c180859681bfe41ebf54af478e9c1fd884d9ae917477f7858c00f3"
"data/vla_bridge/widowx_mujoco_rlds_source_v1/episodes/episode_0003.npz","4775","9ca7fd79ce80f010c64564c141b0dfd29991cfb24f7c3a756acd6e704e84d00b"
"data/vla_bridge/widowx_mujoco_rlds_source_v1/episodes/episode_0004.npz","4789","a7639846ad64b6065ce0fe4b28f645c56fdab1e42880b4c0358e7226573fc28b"
"data/vla_bridge/widowx_mujoco_rlds_source_v1/episodes/episode_0005.npz","4780","2d6d607ca6232925aa00b4ed6af3db687c7e193bce211aad6d757154dd508e18"
"data/vla_bridge/widowx_mujoco_rlds_source_v1/episodes/episode_0006.npz","4766","67b0ff94c2b10831a8c538efeea1deac7660ef148fd138b9e89c48f52ffccd6f"
"data/vla_bridge/widowx_mujoco_rlds_source_v1/episodes/episode_0007.npz","4774","988b0a1562e0798bb56da4537c49e4d107360740b7819c28e4e1e9e7b971b3eb"
"data/vla_bridge/widowx_mujoco_rlds_source_v1/episodes/episode_0008.npz","4776","ee84c249f4b4c08c358ba47b63780c7739d891d2b2df4190b655296553fd4c27"
"data/vla_bridge/widowx_mujoco_rlds_source_v1/episodes/episode_0009.npz","4763","3820cd7aaae40da4c856ca7e31317a65cae50c0d30c2cf4f4df774ea9dfcd9c9"
"data/vla_bridge/widowx_mujoco_rlds_source_v1/episodes/episode_0010.npz","4781","8a88ff7cd228ddf037e3d48689ece5dc67567548bad8ffa02d8c840112693381"
"data/vla_bridge/widowx_mujoco_rlds_source_v1/episodes/episode_0011.npz","4755","17765de392838ab22a0b08d97a07f0a8b7e2299d4b3ab584cf5b831950255776"
"data/vla_bridge/widowx_mujoco_rlds_source_v1/episodes/episode_0012.npz","4781","a791a44a18926cb80ecea60f6c10cdec3915b01d0186e00bb80d7eeadb591bdf"
"data/vla_bridge/widowx_mujoco_rlds_source_v1/episodes/episode_0013.npz","4765","a2b52a614e728145ae4c10c83602ca5fdfe0a4b327003ae7e34d54ce77ac598f"
"data/vla_bridge/widowx_mujoco_rlds_source_v1/episodes/episode_0014.npz","4771","82a0bfcbfecd2973d477bade33e1d86a1c84d2830ea861a0d336a65288e175b9"
"data/vla_bridge/widowx_mujoco_rlds_source_v1/episodes/episode_0015.npz","4767","efbb11ea0a3995086bdc4f178370876186cacc790ef6074741e43ca424ca6433"
"data/vla_bridge/widowx_mujoco_rlds_source_v1/episodes/episode_0016.npz","4741","15d83bc16fe9b03e34dca3f66eccc22a30ef9bf0d4eb53d5b1dcffc2aec80256"
"data/vla_bridge/widowx_mujoco_rlds_source_v1/episodes/episode_0017.npz","4761","e50548155bcd29805d897a1151112f4f14d967434c1e52140c171091c9adc830"
"data/vla_bridge/widowx_mujoco_rlds_source_v1/episodes/episode_0018.npz","4771","55696084bac8070c9013465447f3582e040e559ecf7b3ca97ea9c8e329697ffb"
"data/vla_bridge/widowx_mujoco_rlds_source_v1/episodes/episode_0019.npz","4763","ca26d5487a5aff045e72e600b89ea148583eed9f0a001d71a246640a3a1feffb"
"data/vla_bridge/widowx_mujoco_rlds_source_v1/episodes/episode_0020.npz","4796","836548c74b1f3489059b8dbb2e8fa1b684542a835d1a435d191fa473a9cbe6f5"
"data/vla_bridge/widowx_mujoco_rlds_source_v1/episodes/episode_0021.npz","4782","f82a386fb7fcb82a7c3dfd623b34520422ea278b023b66b30153d81abd6198f1"
"data/vla_bridge/widowx_mujoco_rlds_source_v1/episodes/episode_0022.npz","4797","dd6cc683d9422ebbb01b9cb9b28102674c41180259e81fb96f664628d37f5816"
"data/vla_bridge/widowx_mujoco_rlds_source_v1/episodes/episode_0023.npz","4783","54a10b449a234e405a594b7136a1191e75cba0788969b0004c200bba89843db7"
"data/vla_bridge/widowx_mujoco_rlds_source_v1/episodes/episode_0024.npz","4797","083acdbc6ca683caceb4fcc37091b3750b6c86b7812bd6bac50837565d7677c5"
"data/vla_bridge/widowx_mujoco_rlds_source_v1/episodes/episode_0025.npz","4786","1fffd46439c23c98075bad7cf27e881ebc81b781d0e8b5a60a81e03e1096c47b"
"data/vla_bridge/widowx_mujoco_rlds_source_v1/episodes/episode_0026.npz","4779","a1163683c7d889e8737ecce9822d67b88a47a3d083047893ac02be44fb6bb191"
"data/vla_bridge/widowx_mujoco_rlds_source_v1/episodes/episode_0027.npz","4784","e219e62b3fa2ef26c039b5f3f4d124ed2c99e9f93ee5ce230f817609a40252a9"
"data/vla_bridge/widowx_mujoco_rlds_source_v1/episodes/episode_0028.npz","4797","4f7c1035e46f6541a12424ea537562db23e5b4f814803fa00f00a84911140289"
"data/vla_bridge/widowx_mujoco_rlds_source_v1/episodes/episode_0029.npz","4778","675698b596d194cd7b40d52054459aa3ac7b6eefb2f2b898b2583ee8c58ae348"
"data/vla_bridge/widowx_mujoco_rlds_source_v1/episodes/episode_0030.npz","4770","20b3b3e2b03d5961aeaa0dab9f772331fa4f799a28694625f1d49587c8a6b074"
"data/vla_bridge/widowx_mujoco_rlds_source_v1/episodes/episode_0031.npz","4780","07448b65bab448d752da279d99af81fde57d935cd4aaf9010ab6e564fd2c764d"
"data/vla_bridge/widowx_mujoco_rlds_source_v1/episodes/episode_0032.npz","4782","9628bd0d5048dd66349429fd32952f98548f6334798af4ba34798aba7d762ef8"
"data/vla_bridge/widowx_mujoco_rlds_source_v1/episodes/episode_0033.npz","4803","2d767cb76689eb361ca9ca37213771ebe1c99a3a5ad3cf2f5acede23a7921007"
"data/vla_bridge/widowx_mujoco_rlds_source_v1/episodes/episode_0034.npz","4782","6c362bed872899f8a2dda5fff422d0377b2b5b517c68cbea2c1b5d46adf7d090"
"data/vla_bridge/widowx_mujoco_rlds_source_v1/episodes/episode_0035.npz","4792","bc029dd9c559e0b0b240e96d9c6a38923592a37a4aa9077a07bab8dd5c5ede64"
"data/vla_bridge/widowx_mujoco_rlds_source_v1/episodes/episode_0036.npz","4799","342c746def893963cd24ca42a386be15d33095f985a63c385ed0956a01a415b6"
"data/vla_bridge/widowx_mujoco_rlds_source_v1/episodes/episode_0037.npz","4766","c15879b9b1e246e92b11fd030f144858b48e86ae7b8ededf61eb164d812ced69"
"data/vla_bridge/widowx_mujoco_rlds_source_v1/episodes/episode_0038.npz","4766","e89df070c717477c97fab34c6f38404e9a7cf27ebd1a3b20b5d72c5c1cea67ad"
"data/vla_bridge/widowx_mujoco_rlds_source_v1/episodes/episode_0039.npz","4802","1ec83a56f7ddd2982f32e8451816c82c435882273c35ef9f668668c531e781ac"
"data/vla_bridge/widowx_mujoco_rlds_source_v1/episodes/episode_0040.npz","4774","92281e33416ac356475c6333037ad4dd514ca339790fbb798688d7e5594e8f1b"
"data/vla_bridge/widowx_mujoco_rlds_source_v1/episodes/episode_0041.npz","4780","fe48342db684792da77cfc89837ec10053a433ab8ca35384e434f7aed0b0cf64"
"data/vla_bridge/widowx_mujoco_rlds_source_v1/episodes/episode_0042.npz","4772","68fc6207bc46b2f06cb1924e92a1f9d6a3ad464ea7b415216197567cba1eef0e"
"data/vla_bridge/widowx_mujoco_rlds_source_v1/episodes/episode_0043.npz","4768","4e917bc2063c9efd0179e34fce4dc10c5f069fc79097203f0bb7bb1db4c18113"
"data/vla_bridge/widowx_mujoco_rlds_source_v1/episodes/episode_0044.npz","4776","b832765899e5a136fef080f89df6eab4e7c004c6694d6a1a7f403d0fd996727e"
"data/vla_bridge/widowx_mujoco_rlds_source_v1/episodes/episode_0045.npz","4780","f828c546bd669f5a23e953f09539d3e409e4c4dcec1b4d530ba5d16c9d52fe9a"
"data/vla_bridge/widowx_mujoco_rlds_source_v1/episodes/episode_0046.npz","4785","86060ae3e61f05ceaa5cdfcd7e81e295c87ee0c150344b0b249a71271d8c4c71"
"data/vla_bridge/widowx_mujoco_rlds_source_v1/episodes/episode_0047.npz","4774","36382b714459c70204f87f264b06f2a1733064e8d6f6f64adf042fe1d0e58b93"
"data/vla_bridge/widowx_mujoco_rlds_source_v1/episodes/episode_0048.npz","4778","261a7b9327e1409dcaffe8733f37bd0efc2541b4d06344c7cee6ae6542fd0160"
"data/vla_bridge/widowx_mujoco_rlds_source_v1/episodes/episode_0049.npz","4771","48b4d092f667a8eb17851458f693db7ac89caf6deb7858e5ed9762a249f2a76d"
"data/vla_bridge/widowx_mujoco_rlds_source_v1/episodes/episode_0050.npz","4787","301b7063c26d9b0e823e9f1d0616f8e70d2fc7b1de51fd8ff9f6a65c0b9c6d8f"
"data/vla_bridge/widowx_mujoco_rlds_source_v1/episodes/episode_0051.npz","4777","829c96fbc4062d94d2ce54b58ee6ee2f88bdb45470611d88f9c8d0899e32bf07"
"data/vla_bridge/widowx_mujoco_rlds_source_v1/episodes/episode_0052.npz","4775","03266cfd1438d61736f2f5aad1fc39a6939ea247f34e5bd0175d369f4e040ed2"
"data/vla_bridge/widowx_mujoco_rlds_source_v1/episodes/episode_0053.npz","4775","819c28c2ac3b8e63623033a68de2dd978bb5f9c4d6c4d95b61400a425a19b0ad"
"data/vla_bridge/widowx_mujoco_rlds_source_v1/episodes/episode_0054.npz","4785","ad422623355bb04ce3c5c9efe97de6012fbe9f5128779637b44da636b1642d46"
"data/vla_bridge/widowx_mujoco_rlds_source_v1/episodes/episode_0055.npz","4766","6bf446ae04ec75d5678f586f3952435416b7af648143d48df23a08d30ec8f7f6"
"data/vla_bridge/widowx_mujoco_rlds_source_v1/episodes/episode_0056.npz","4773","b4bf3a51503d1d1611c9a40eae5a6bbc703a793dba9612e355f77bbdac13990c"
"data/vla_bridge/widowx_mujoco_rlds_source_v1/episodes/episode_0057.npz","4773","e56b0c5b097c06594fe85e880abe6069f207f8154458677e7e6717e92ba3ae1c"
"data/vla_bridge/widowx_mujoco_rlds_source_v1/episodes/episode_0058.npz","4768","1ae6fcfc3fad6a81c18ab1e545faec7a29c1fb2d4e94cd784e883bec20ae79a3"
"data/vla_bridge/widowx_mujoco_rlds_source_v1/episodes/episode_0059.npz","4771","8bd3d8b1253edbc509b7309a37e3d769cccfbd83de82efeb302751c083f01047"
"data/vla_bridge/widowx_mujoco_rlds_source_v1/episodes/episode_0060.npz","4786","ad34e33b30e4f0695c39dc2c909710ad2e26c942eae23433c98587fc90440669"
"data/vla_bridge/widowx_mujoco_rlds_source_v1/episodes/episode_0061.npz","4783","235be2066be99458b8455f3d2e30d136bede5d53c8660621a00b2cbc806097b8"
"data/vla_bridge/widowx_mujoco_rlds_source_v1/episodes/episode_0062.npz","4799","c95cd2f25f552eb165ca1b21cfeac2b24914790b800d3e6efe60b786a48bbd20"
"data/vla_bridge/widowx_mujoco_rlds_source_v1/episodes/episode_0063.npz","4796","ae21fb559a5566f115db5b35f1f6e10425c8660e661daaabdc9928ebe0d8e377"
"data/vla_bridge/widowx_mujoco_rlds_source_v1/episodes/episode_0064.npz","4780","980786b86e34569c0611743fd0179a18f9c3a5b5b8724bcb17dd510c56d8d199"
"data/vla_bridge/widowx_mujoco_rlds_source_v1/episodes/episode_0065.npz","4798","3c8c7272c3cae8e2a82fe0ee315e514588a01735321a124a4ce09f673bd3db01"
"data/vla_bridge/widowx_mujoco_rlds_source_v1/episodes/episode_0066.npz","4790","13e80a1e84b5adef83bea4649cd2ed8a199c2cb0d65be676561f7bd13779d771"
"data/vla_bridge/widowx_mujoco_rlds_source_v1/episodes/episode_0067.npz","4783","8d9724a7d958427d497f9030e72504f03c250a54167c734ccf54192491667be1"
"data/vla_bridge/widowx_mujoco_rlds_source_v1/episodes/episode_0068.npz","4785","3dfa30647b8d20996adf71580c4c33cf649fbad5aafda54f450ec870d8335135"
"data/vla_bridge/widowx_mujoco_rlds_source_v1/episodes/episode_0069.npz","4802","fe50245a0d60b41068874e5c3e89a98ba7dd8016538c49397d8faa1229e6694e"
"data/vla_bridge/widowx_mujoco_rlds_source_v1/episodes/episode_0070.npz","4785","25d6a3c5c84b9d6d1457fd3723c9d394355cd00f6ab6b26cf5c8831a5e69b2f0"
"data/vla_bridge/widowx_mujoco_rlds_source_v1/episodes/episode_0071.npz","4796","31a4a2f5c1084eb14a5b03fa35e92eced12df57bf8f0f682d80eeedf4bab73c6"
"data/vla_bridge/widowx_mujoco_rlds_source_v1/episodes/episode_0072.npz","4789","86940e53de06b0123b9d1968cdeca53062b2c449ac1b95ac0258c9ec77c7bcc1"
"data/vla_bridge/widowx_mujoco_rlds_source_v1/episodes/episode_0073.npz","4774","0093e1bd44d808d8a0ac8bd8f766c95cf2d4ae3b4169a53e3c10901c13eda51c"
"data/vla_bridge/widowx_mujoco_rlds_source_v1/episodes/episode_0074.npz","4784","82a73a10f22532a8980c66d4d298f6fe85b52cd3b09bb959c80a7be044a24182"
"data/vla_bridge/widowx_mujoco_rlds_source_v1/episodes/episode_0075.npz","4780","c5b2b9bea7f7719bc0dffb02df6e9dcd192c899f1b2a5bb9528e114ba42d612f"
"data/vla_bridge/widowx_mujoco_rlds_source_v1/episodes/episode_0076.npz","4793","520960922ab38d228bbf23572197349bb26c01e3c6151b4ff785aa971931e370"
"data/vla_bridge/widowx_mujoco_rlds_source_v1/episodes/episode_0077.npz","4799","b649b0481cc6d587cd7290a26829905ecc8f6292e99a9c3e5f089eb281088027"
"data/vla_bridge/widowx_mujoco_rlds_source_v1/episodes/episode_0078.npz","4793","e13faee0d95ee7750f9b26ca939beb481b52d960cf8633afe5c1fa1fe64e1662"
"data/vla_bridge/widowx_mujoco_rlds_source_v1/images/episode_0000_step_0000.png","12064","88bc939a2e50f3a8f311e29f502a9e454a0a03036f3c9912246e876d2c52f066"
"data/vla_bridge/widowx_mujoco_rlds_source_v1/images/episode_0000_step_0091.png","12429","ee0ee52a403b56db76d4a2cc0d93179f71e552b4d53a3b94143efaae7ff8c0cf"
"data/vla_bridge/widowx_mujoco_rlds_source_v1/images/episode_0000_step_0183.png","12592","b81dab3a49138171aee88ba2b841749e3ed8466d19c022f54d0cc80adc8fdd37"
"data/vla_bridge/widowx_mujoco_rlds_source_v1/images/episode_0000_step_0274.png","13284","ed6e30efdf7adb33b4bad1489d42d19c67c7d8a53b6ec214fc54a08de0a1c558"
"data/vla_bridge/widowx_mujoco_rlds_source_v1/images/episode_0000_step_0366.png","13320","13958ff1c3d7fe484a3e07aeca5e511ba231d94c14055387fe3bff99d5bcf4a3"
"data/vla_bridge/widowx_mujoco_rlds_source_v1/images/episode_0000_step_0457.png","13183","aa05cec003097da3ce627f5dde55243fd2f18eb3410596c045ac26614dd6e1a8"
"data/vla_bridge/widowx_mujoco_rlds_source_v1/images/episode_0000_step_0549.png","13039","359d73da6fa6d0cf37d10003ff48b1f23d470c8ccb1e820d72f2fe5c913af37a"
"data/vla_bridge/widowx_mujoco_rlds_source_v1/images/episode_0000_step_0641.png","13060","d466a3c1a0ad4f0c21e4c7be7511d3647de48b75ab70c31e8fff31e76c6f6ec2"
"data/vla_bridge/widowx_mujoco_rlds_source_v1/images/episode_0000_step_0732.png","13100","2335e9f021b74276c3588e273d726cccc4f5551d36107d7629b42a24fef6f620"
"data/vla_bridge/widowx_mujoco_rlds_source_v1/images/episode_0000_step_0824.png","12998","e37d22926a2b79a01e845bc6c83c160fbe2df13bcd6742a4f40854f5e59f6c66"
"data/vla_bridge/widowx_mujoco_rlds_source_v1/images/episode_0000_step_0915.png","13281","cc0b614ed48108d7b206e993631a8dfeff7c5717a0bb7cc5975420aa448aeb59"
"data/vla_bridge/widowx_mujoco_rlds_source_v1/images/episode_0000_step_1007.png","13274","f1735ec0fea4f6c977e57386dc2bb6ecdffd41062f23f1bed9a719c0927a5fb0"
"data/vla_bridge/widowx_mujoco_rlds_source_v1/images/episode_0000_step_1098.png","13351","b66c00bd49e0ed3ed815248cc0b8e33541b98ddf073ad556f312fd5e942c9938"
"data/vla_bridge/widowx_mujoco_rlds_source_v1/images/episode_0000_step_1190.png","13180","bcb61a31012401ca6330e41436e977796d99bbdbb8c081a97227c864213ad2d7"
"data/vla_bridge/widowx_mujoco_rlds_source_v1/images/episode_0000_step_1282.png","13289","e8bb5da7c11287d8a11d9468f8158941ac931b7dfabd14f20a861371d120fda3"
"data/vla_bridge/widowx_mujoco_rlds_source_v1/images/episode_0000_step_1373.png","13433","4ef34641de91c30828b2c5a7a3ef9e90228f803ee9a1976109b40c7b75cc437d"
"data/vla_bridge/widowx_mujoco_rlds_source_v1/images/episode_0000_step_1465.png","13505","5dcf9be3a00b767d37ec63119f2e853b954338e1279f80f1b66caa80b1a73b93"
"data/vla_bridge/widowx_mujoco_rlds_source_v1/images/episode_0000_step_1556.png","13506","fb74b504519552ea692d95308f874a6b42cf79fefee83c6cf369c55dcc018cf5"
"data/vla_bridge/widowx_mujoco_rlds_source_v1/images/episode_0000_step_1648.png","13605","daf1d3138938d9d00aaa34481f453b3e719ff93ec2b87567402b41acfb63a250"
"data/vla_bridge/widowx_mujoco_rlds_source_v1/images/episode_0000_step_1740.png","13560","f20c9cdc8362a47212cdd2a715113ae6c738f115e9fafd3a18fd2ab754b530d2"
"data/vla_bridge/widowx_mujoco_rlds_source_v1/images/episode_0000_step_1831.png","13574","78336f21ff996c61abbbf20be6b0407397addd1197aa5a10b01a252e2a90b656"
"data/vla_bridge/widowx_mujoco_rlds_source_v1/images/episode_0000_step_1923.png","13645","9369e100bbc04b7daabcf5b7bf618233e4b6b1ed08a3a05294a65fe1b514db44"
"data/vla_bridge/widowx_mujoco_rlds_source_v1/images/episode_0000_step_2014.png","13686","085858c7b3818a0e9b5e6b4eb7959ccde6ade387f6551c7fdf3423971a5c60bd"
"data/vla_bridge/widowx_mujoco_rlds_source_v1/images/episode_0000_step_2106.png","13639","a92b37f4b58f51db543243d8aac9b06b155c92e797745797c611e21b1910682d"
"data/vla_bridge/widowx_mujoco_rlds_source_v1/images/episode_0000_step_2197.png","13450","107eea074da8552f318e1d5c5aba9811a7da82363755c4c6974b60c9585466f6"
"data/vla_bridge/widowx_mujoco_rlds_source_v1/images/episode_0000_step_2289.png","13603","8b41810902e81b4b4cd1e340f993e10d75121d579ef36658c828c83bbf529251"
"data/vla_bridge/widowx_mujoco_rlds_source_v1/images/episode_0000_step_2381.png","13604","0849fd053ace502a26a92d348db1bed45c75f6573db81548f15d738d6ebb1911"
"data/vla_bridge/widowx_mujoco_rlds_source_v1/images/episode_0000_step_2472.png","13552","67f2f8e53dcd6d1d493758ea7809630cec04702025dc52d5e0d3fc033408e43a"
"data/vla_bridge/widowx_mujoco_rlds_source_v1/images/episode_0000_step_2564.png","13653","847b0e26d5b37754b484d10f31972ee815ae1129e895fa5a60f5b83a199b27bd"
"data/vla_bridge/widowx_mujoco_rlds_source_v1/images/episode_0000_step_2655.png","13643","da94ee123561b7bd6d74c4ef7d4688b0030bf07ca0c09159e2059c55cc7601fe"
"data/vla_bridge/widowx_mujoco_rlds_source_v1/images/episode_0000_step_2747.png","13699","f7d639c2a71eaab1ce0d8074316c722513c0a3936006ce56876d1551009f15ba"
"data/vla_bridge/widowx_mujoco_rlds_source_v1/images/episode_0000_step_2839.png","13706","150a5b7a6595561d3264cd6a3972e0cf63b868a0159de3773258bf834f1037b2"
"data/vla_bridge/widowx_mujoco_rlds_source_v1/images/episode_0001_step_0000.png","12121","97d36ad4c60f5d2b325aae776d8e1b430b9ff6592f29dea232820cadf488c1cd"
"data/vla_bridge/widowx_mujoco_rlds_source_v1/images/episode_0001_step_0091.png","12360","75ae48b7746390da091acb21d66e0c10fc7d593860d8488ba4c6fa02bfbca133"
"data/vla_bridge/widowx_mujoco_rlds_source_v1/images/episode_0001_step_0183.png","12567","7b025189e3998a13799f0a5c341baa86f90e3ea5a64a3343302bf194eea7d111"
"data/vla_bridge/widowx_mujoco_rlds_source_v1/images/episode_0001_step_0274.png","13120","042ef882a7f7315318973ab9b3a330b43056c9320364071588287f614bdf1f87"
"data/vla_bridge/widowx_mujoco_rlds_source_v1/images/episode_0001_step_0366.png","13085","a5f003e3592262e372290bc83896d75a2f9d003987bd8cd2e958bf0fcb8dccc9"
"data/vla_bridge/widowx_mujoco_rlds_source_v1/images/episode_0001_step_0457.png","12836","762af90af77df5c39c54651ef1708575d19cd2684fa78b9c878d0add63b3bf80"
"data/vla_bridge/widowx_mujoco_rlds_source_v1/images/episode_0001_step_0549.png","12817","ff9e9c8703f811dc3d84f6663a0411cdad0314947665a847450d090268ab0cdc"
"data/vla_bridge/widowx_mujoco_rlds_source_v1/images/episode_0001_step_0641.png","12750","eac0ee83f14602f838cf6a5fd329f1e1080fc97ca1c31c5ff212777dd5f91c39"
"data/vla_bridge/widowx_mujoco_rlds_source_v1/images/episode_0001_step_0732.png","12711","0b276e9d747fc492281af43a07fad39cd49af2bf7e8888d05d51198fb6fa0242"
"data/vla_bridge/widowx_mujoco_rlds_source_v1/images/episode_0001_step_0824.png","12771","9c965abafa38652b1517a68bbc59f976addfef2006da8a940a0ed3cc4ee198b9"
"data/vla_bridge/widowx_mujoco_rlds_source_v1/images/episode_0001_step_0915.png","13008","81c5f76634dcc97706a34c4f0605d1fac4cf7a4a25138d953f1c3b54182c68b1"
"data/vla_bridge/widowx_mujoco_rlds_source_v1/images/episode_0001_step_1007.png","13096","52785cf809bcb8968afdac87f4e2ad58c73239e1cc04073dd13ea2a25837cf97"
"data/vla_bridge/widowx_mujoco_rlds_source_v1/images/episode_0001_step_1098.png","13135","a22075624ea3b3df3839fc78215c7a2572dcf8fa0244f83d95059a4ddfa0321d"
"data/vla_bridge/widowx_mujoco_rlds_source_v1/images/episode_0001_step_1190.png","12920","86d4472464b8005679c3fbc1e7910014492ac5563754e5a0e6505b322f04ec48"
"data/vla_bridge/widowx_mujoco_rlds_source_v1/images/episode_0001_step_1282.png","13014","347683bf8cc278640f7c8d1299d1b61b7846bec79dacc8fb10d35f11f4d25a15"
"data/vla_bridge/widowx_mujoco_rlds_source_v1/images/episode_0001_step_1373.png","13356","12be0b6b2a5e6ddbf307c58b49faa025946b74efd5302fac8ee10a96043b578b"
"data/vla_bridge/widowx_mujoco_rlds_source_v1/images/episode_0001_step_1465.png","13496","706b947adb0ac8fcdddf6b3e576f2d0c7aeacd50eca8f51067cac7a72059c818"
"data/vla_bridge/widowx_mujoco_rlds_source_v1/images/episode_0001_step_1556.png","13358","83a36d1bb338c96e0663c5ea4f8504086897befe78d0d1b96c400561de4a205e"
"data/vla_bridge/widowx_mujoco_rlds_source_v1/images/episode_0001_step_1648.png","13512","e4489cfe9aa728a8b772ce4d88ec93234db0d2882ce8ff7c6b68fdb392f2cff4"
"data/vla_bridge/widowx_mujoco_rlds_source_v1/images/episode_0001_step_1740.png","13469","5f0740d28ef2751322e927546e55007717a3f2a5587d17a9c4039a6a9aee835c"
"data/vla_bridge/widowx_mujoco_rlds_source_v1/images/episode_0001_step_1831.png","13611","810c9e507b557b75faac8fb7121672b94eb9c07cf3ff0c332dfc8fed9c49c737"
"data/vla_bridge/widowx_mujoco_rlds_source_v1/images/episode_0001_step_1923.png","13752","391c2bbf499268761ab36f7ef6b44f947c647b6944e954d27c69d2b71e6def22"
"data/vla_bridge/widowx_mujoco_rlds_source_v1/images/episode_0001_step_2014.png","13710","04747a70cadf7a217089ce4dfc6b6cdc138aff75b0fce5ee0c84e1b571e7cb88"
"data/vla_bridge/widowx_mujoco_rlds_source_v1/images/episode_0001_step_2106.png","13735","bbfb71cb542152f910488dba656e53a7c660dce1764ac02db12752bfc45e4df3"
"data/vla_bridge/widowx_mujoco_rlds_source_v1/images/episode_0001_step_2197.png","13565","0bda06ace6f515b4b42bf64ab1a6d5f88ff55ce2e910cbe3b41965e249c2161e"
"data/vla_bridge/widowx_mujoco_rlds_source_v1/images/episode_0001_step_2289.png","13615","7e17fcda9d7d9df6ebc4c9b9f79e9a58319c30d36a23deff3874af1fe32ca287"
"data/vla_bridge/widowx_mujoco_rlds_source_v1/images/episode_0001_step_2381.png","13590","ce902fe7a3962b078682d6ab9cacdf5dcda6e9ce42c2555734a73ce771617c07"
"data/vla_bridge/widowx_mujoco_rlds_source_v1/images/episode_0001_step_2472.png","13635","c5295e426d6f55752b408fbe3e3ad907c764d68f7ca5656af3feb883ecc74fe5"
"data/vla_bridge/widowx_mujoco_rlds_source_v1/images/episode_0001_step_2564.png","13668","cc8ba18368afeed81d248595187514e52ecfc0b025ace60139d2094eed106dca"
"data/vla_bridge/widowx_mujoco_rlds_source_v1/images/episode_0001_step_2655.png","13692","4673f87be3697d02f756bb6c786786a5a52c28d24c24c5fc7f6f935e8f25be8f"
"data/vla_bridge/widowx_mujoco_rlds_source_v1/images/episode_0001_step_2747.png","13687","e33a26a804d080f33b10554e20f89d6e982956d7e012d84ba9c106b38d76ca4c"
"data/vla_bridge/widowx_mujoco_rlds_source_v1/images/episode_0001_step_2839.png","13703","e13f83f3c43f4fe74c5e1955e4d002f91ec89b70b02cca162bf8e03df29e003a"
"data/vla_bridge/widowx_mujoco_rlds_source_v1/images/episode_0002_step_0000.png","12179","f8caee3f3cc6259111d8e3553384c0be479468705461b6581a4f609255e79f36"
"data/vla_bridge/widowx_mujoco_rlds_source_v1/images/episode_0002_step_0091.png","12424","2804acfbc6ee8c8b934f6ef90d80e85dc4d4d4cb7bf30614fa6131e707b78c95"
"data/vla_bridge/widowx_mujoco_rlds_source_v1/images/episode_0002_step_0183.png","12390","ce6caad84710e04ec95a99efc1b6889e2d749bfde7324d543754ffcbcd9bf112"
"data/vla_bridge/widowx_mujoco_rlds_source_v1/images/episode_0002_step_0274.png","12384","18f14abe91ce437fef85781702528ef1ddb468464ddef78975ffae0b7a1ecc03"
"data/vla_bridge/widowx_mujoco_rlds_source_v1/images/episode_0002_step_0366.png","12313","9b27ef5c545426ab55b9697c6cdf5743059df4d6e88df1e1ca54258ff507aa6a"
"data/vla_bridge/widowx_mujoco_rlds_source_v1/images/episode_0002_step_0457.png","12392","e3f8ee56501b9fa78c1479dcdd39954837fb5b6212fc01a9ee6ab0770886fd5c"
"data/vla_bridge/widowx_mujoco_rlds_source_v1/images/episode_0002_step_0549.png","12467","078a410487bc6fe03ed87570b8dd63521e22fb0c8accc1f0a169142bd8dc573d"
"data/vla_bridge/widowx_mujoco_rlds_source_v1/images/episode_0002_step_0641.png","12465","ec79bb18ab2588a5a9a883f6fe742988f934311b0d6f4903e93d45232b5febf6"
"data/vla_bridge/widowx_mujoco_rlds_source_v1/images/episode_0002_step_0732.png","12453","7e21e174d58bd7b7897c4ad2786954a910f296894a95735412047cbdb0a52940"
"data/vla_bridge/widowx_mujoco_rlds_source_v1/images/episode_0002_step_0824.png","12364","3982214e16305412712e0c64a8c3f854f876597b2bceb4ed2f33cabb6ea40959"
"data/vla_bridge/widowx_mujoco_rlds_source_v1/images/episode_0002_step_0915.png","12355","2882676a46204051f4d26a7ee6ec1d4d7027299d75542126648260f8b948af5b"
"data/vla_bridge/widowx_mujoco_rlds_source_v1/images/episode_0002_step_1007.png","12394","6e8d778412c3804a5bde0d375d2693dbb6cc3049fdd55b3e7452a22ae0b1fb92"
"data/vla_bridge/widowx_mujoco_rlds_source_v1/images/episode_0002_step_1098.png","12348","e7fbd88e89e690673eac40ba4ed3ec1631758198bb05c7bf8a361c9e875b56fb"
"data/vla_bridge/widowx_mujoco_rlds_source_v1/images/episode_0002_step_1190.png","12427","4768ff41c7a1486cde14c144517dc5a9fe5151635fff56441f98bc8c8464c959"
"data/vla_bridge/widowx_mujoco_rlds_source_v1/images/episode_0002_step_1282.png","12570","b3a209a95b8c0ebe73f1820fdcc70068017098bf5f9ee031f91530ee88242acc"
"data/vla_bridge/widowx_mujoco_rlds_source_v1/images/episode_0002_step_1373.png","12536","3ac079be7462a2ae5616333db4b813dc77dc64ae14291e2407271bb74a0e614d"
"data/vla_bridge/widowx_mujoco_rlds_source_v1/images/episode_0002_step_1465.png","12651","a111ad2b95f5bc0dd7ec2de8ccd36d15eb6150b228daa5be7c1eb1289ad4fc8e"
"data/vla_bridge/widowx_mujoco_rlds_source_v1/images/episode_0002_step_1556.png","12870","e822c202b3e8744229ad3681c7f5ff0e1da8709982cfab969a82022b546316a3"
"data/vla_bridge/widowx_mujoco_rlds_source_v1/images/episode_0002_step_1648.png","13265","e99646be68ceec5c3cf81ce3582826076ba7269df50d92010fc96c5f9c718f15"
"data/vla_bridge/widowx_mujoco_rlds_source_v1/images/episode_0002_step_1740.png","13573","0d00c5cb34d253179fc3b85b2d327a0af586147546a8363d24dec7dd396d1452"
"data/vla_bridge/widowx_mujoco_rlds_source_v1/images/episode_0002_step_1831.png","13522","cdb3a0c93a08da357dd56ced869ae7f019d3f1e26ce045a9924bac545abfa46d"
"data/vla_bridge/widowx_mujoco_rlds_source_v1/images/episode_0002_step_1923.png","13733","3eb638a7a762d32587942fe463da31ff766be56b8cd1b121c28480945de46da5"
"data/vla_bridge/widowx_mujoco_rlds_source_v1/images/episode_0002_step_2014.png","13691","f34f52585860cd7d9b46b0fd0a7cc1d8d4bea3e3a09735d8da1c90a20e02682e"
"data/vla_bridge/widowx_mujoco_rlds_source_v1/images/episode_0002_step_2106.png","13665","a0e9c65caa62017228928f72647105f5caa1a168239d204dc81a8bae53a0e426"
"data/vla_bridge/widowx_mujoco_rlds_source_v1/images/episode_0002_step_2197.png","13706","21d9cdb0e295daa41887442c0ee012669134dd1d2767b86f55cfdc3e36a9e60f"
"data/vla_bridge/widowx_mujoco_rlds_source_v1/images/episode_0002_step_2289.png","13700","d2e0fcabf0224bb75895c902267e73efbf6344375aaa17301bfbc3ecb9f5b10c"
"data/vla_bridge/widowx_mujoco_rlds_source_v1/images/episode_0002_step_2381.png","13608","2f59daf17038e363a630d506b659c57600e58efaee54c5ffef044546e43fc670"
"data/vla_bridge/widowx_mujoco_rlds_source_v1/images/episode_0002_step_2472.png","13609","4ac9d218ebe3a09f088169430c83806b27221e7bad476ddb903ab0a6ddb1594f"
"data/vla_bridge/widowx_mujoco_rlds_source_v1/images/episode_0002_step_2564.png","13730","d0769fb9200c52a26008978d2ac5aaeaa5ed5bd4debbbe57b5f017a62b628b01"
"data/vla_bridge/widowx_mujoco_rlds_source_v1/images/episode_0002_step_2655.png","13629","dfc96e52be5a5f7b3e84246078ef705c752d6b971ddc45fb62f5d58944253eed"
"data/vla_bridge/widowx_mujoco_rlds_source_v1/images/episode_0002_step_2747.png","13730","3d96199c51949057f012a12432a6c6e8c430ff0994b37e881cdd1c7e84760060"
"data/vla_bridge/widowx_mujoco_rlds_source_v1/images/episode_0002_step_2839.png","13709","b5e852866a23229a1e5f745ee102cb5a3fe9769c8ab06237b7b43a333091fe9f"
"data/vla_bridge/widowx_mujoco_rlds_source_v1/images/episode_0003_step_0000.png","12087","699ba367b805599d55002176f15ec309409d82b68a996361979006d4d9112666"
"data/vla_bridge/widowx_mujoco_rlds_source_v1/images/episode_0003_step_0091.png","12580","c09d585c7db4788bf843bd7274d383eede1067ea1f7dd6fa5b0c33db477af08d"
"data/vla_bridge/widowx_mujoco_rlds_source_v1/images/episode_0003_step_0183.png","12798","e659f91e52a3bd2d7da441b6240b8e8bb732d8b756ba90a2f58e792324c4a66f"
"data/vla_bridge/widowx_mujoco_rlds_source_v1/images/episode_0003_step_0274.png","13090","2dfb2b63fc9843760cb0b0994e2b6bbe38b6b7d5b4a79115e4ab12a74c7e4291"
"data/vla_bridge/widowx_mujoco_rlds_source_v1/images/episode_0003_step_0366.png","13252","8f26892094fe52dcebf7322c30909e83982f4255b961178f5c37d02aeb03b87a"
"data/vla_bridge/widowx_mujoco_rlds_source_v1/images/episode_0003_step_0457.png","13125","6fcdf8383e529a23c15c8730f663107abe5cb8cc8c7f581b84f97a1d40fe421d"
"data/vla_bridge/widowx_mujoco_rlds_source_v1/images/episode_0003_step_0549.png","13242","4fd84496ad9139fe61b47197d491c5d1d35ee7b036839b7c7c88dc9aec8fc459"
"data/vla_bridge/widowx_mujoco_rlds_source_v1/images/episode_0003_step_0641.png","13315","5cdbccc2d9fdf6e5e4e4db8316d7c91be9ed5a6590d4389444315e86f0fa9897"
"data/vla_bridge/widowx_mujoco_rlds_source_v1/images/episode_0003_step_0732.png","13274","4ea59bff62839f18a3bf1ed52e49f77ea149698df3fd9369c99856c910622922"
"data/vla_bridge/widowx_mujoco_rlds_source_v1/images/episode_0003_step_0824.png","13208","6e32095bdf33df1d0c117f38cfc2f57ad2fa832ea8e26ffd882915605dfb04fa"
"data/vla_bridge/widowx_mujoco_rlds_source_v1/images/episode_0003_step_0915.png","13282","6db2748104b644d4d04e67381427cd3f6cc1d03c919fb6a46df13348458c3ef4"
"data/vla_bridge/widowx_mujoco_rlds_source_v1/images/episode_0003_step_1007.png","13149","073bf6433d722b78429dccff27323aa0e97b57225a1d60a85a96dee64ad5f3a0"
"data/vla_bridge/widowx_mujoco_rlds_source_v1/images/episode_0003_step_1098.png","13139","143d0a3ac40b7951b46e1ef3040ef79a6e376683046624a8edf73fa6d9ecd3d8"
"data/vla_bridge/widowx_mujoco_rlds_source_v1/images/episode_0003_step_1190.png","13100","557c5916405dfb454c2f9002e8196a97d9cdb1ac38b7e5cdff9412965fb456c6"
"data/vla_bridge/widowx_mujoco_rlds_source_v1/images/episode_0003_step_1282.png","13194","225d473c94751cb10f9a92b9e6a497523c3cb5e41501e9555b4ca7c587cfdf31"
"data/vla_bridge/widowx_mujoco_rlds_source_v1/images/episode_0003_step_1373.png","13003","1e0bda0c511af85548b5f43caaeba4a365f8d1e504a61a7c5dc4f13432c93fbf"
"data/vla_bridge/widowx_mujoco_rlds_source_v1/images/episode_0003_step_1465.png","13001","e00348034b3f4f282e9c644ed21fe9b4a85c694d91ebec537bad146b34183adc"
"data/vla_bridge/widowx_mujoco_rlds_source_v1/images/episode_0003_step_1556.png","13400","349bdc6a9f5857160d525375b8b6a8f25bd922d33ccc6007a5c6b0fa17f73a26"
"data/vla_bridge/widowx_mujoco_rlds_source_v1/images/episode_0003_step_1648.png","13320","855ee4060d13bdaa329768e2b18e46f0e94af6fa21de36e13acdbfe3d8fe86df"
"data/vla_bridge/widowx_mujoco_rlds_source_v1/images/episode_0003_step_1740.png","13309","e3c3058a10de7c0165420dca9f4547c706efd91c157603f6ae275c60d6760413"
"data/vla_bridge/widowx_mujoco_rlds_source_v1/images/episode_0003_step_1831.png","13496","1dbf21cf6db7245b296883ef0b65501d82b4a458cbfdb62701ad0d74c8e5a94a"
"data/vla_bridge/widowx_mujoco_rlds_source_v1/images/episode_0003_step_1923.png","13659","d43b69170a8f51f7d54eebe3cb4cce1e8da4595d1a73a1483d2309d7e3b622c2"
"data/vla_bridge/widowx_mujoco_rlds_source_v1/images/episode_0003_step_2014.png","13705","fd65d93cb618ea8e55b8250786c84f2145e856092dc04533f6d40dd908880d39"
"data/vla_bridge/widowx_mujoco_rlds_source_v1/images/episode_0003_step_2106.png","13675","51d16b1272223be3614f5911282c27bf61fa37ae5238875588ab9f518652181a"
"data/vla_bridge/widowx_mujoco_rlds_source_v1/images/episode_0003_step_2197.png","13491","8c201c1acffe72ba8fa39a411974caaa2eb6456ae8509f489e67991fcf2acd96"
"data/vla_bridge/widowx_mujoco_rlds_source_v1/images/episode_0003_step_2289.png","13518","0d00327eaf0467195436a48c1202e9634220e38f19e2eb301ba3550b446b0b63"
"data/vla_bridge/widowx_mujoco_rlds_source_v1/images/episode_0003_step_2381.png","13647","ff930a8434b9c6f90ccde1bf852aca2f74deca682b02730a3d29a51a66854a85"
"data/vla_bridge/widowx_mujoco_rlds_source_v1/images/episode_0003_step_2472.png","13567","9516dce8f5a91c8577c7cc9505668202c6647967b9e68bae9ca925b97837368c"
"data/vla_bridge/widowx_mujoco_rlds_source_v1/images/episode_0003_step_2564.png","13577","d8b1234e07b47c6a83866faafd079f943b21f3190fb3e6b8c8992d1dd7aff033"
"data/vla_bridge/widowx_mujoco_rlds_source_v1/images/episode_0003_step_2655.png","13611","3033f68c33af17e5666c3bc6909b17cfe7bb44b11c6bc7ce294f503a2ab31e32"
"data/vla_bridge/widowx_mujoco_rlds_source_v1/images/episode_0003_step_2747.png","13616","91324f7178fb2f9cb2eea83899ef50b52449ec633c837b0c739318ddb5c7ea6d"
"data/vla_bridge/widowx_mujoco_rlds_source_v1/images/episode_0003_step_2839.png","13689","be725ba5b20bcd264f64e440b29f27053e13a69c186d49221ab9992153e88c00"
"data/vla_bridge/widowx_mujoco_rlds_source_v1/images/episode_0004_step_0000.png","11977","c2efe6aa828acde45be30a8235319e0e8e1436a14adb59ff956a1f0f4250e1df"
"data/vla_bridge/widowx_mujoco_rlds_source_v1/images/episode_0004_step_0091.png","12264","264437120f7fe7358cd6d09e02ba6b05682cff616bf141b84e2cab47dfc3ecae"
"data/vla_bridge/widowx_mujoco_rlds_source_v1/images/episode_0004_step_0183.png","12293","dda7e9f5e9966b8ca64c86e80fc2ebdbca9ffde9543c8e9e10c52877bc041cbb"
"data/vla_bridge/widowx_mujoco_rlds_source_v1/images/episode_0004_step_0274.png","12568","31367ba029299b59fbffae5ecdd8f847833a88bcad89b47f0510a97bba7cb5d3"
"data/vla_bridge/widowx_mujoco_rlds_source_v1/images/episode_0004_step_0366.png","12896","d59847fee8baab11a3ccf298378a82d14e4a588b863a3e092f1102519bba8da7"
"data/vla_bridge/widowx_mujoco_rlds_source_v1/images/episode_0004_step_0457.png","12998","9d79d887c93dfed0af6b3b487dcefda8b0bc5923cc5a213d43c00cc0c32adaca"
"data/vla_bridge/widowx_mujoco_rlds_source_v1/images/episode_0004_step_0549.png","12952","d334770a03838dfcd2b3e2f574af805687e2ed95e27f2289b1335cbd466e9042"
"data/vla_bridge/widowx_mujoco_rlds_source_v1/images/episode_0004_step_0641.png","12923","5ee4cba919873d90eb6afb1f4a863ec44b3e316b0beccaecbca5b3b1cb95603b"
"data/vla_bridge/widowx_mujoco_rlds_source_v1/images/episode_0004_step_0732.png","12934","bad6546f7b128394ba773efb579c2d728bcf750123567786b559d31de46647c2"
"data/vla_bridge/widowx_mujoco_rlds_source_v1/images/episode_0004_step_0824.png","12974","d7a24a38cbac9f9bd2d5936dd866de7c0647b63c863294dba6f987856738f0e1"
"data/vla_bridge/widowx_mujoco_rlds_source_v1/images/episode_0004_step_0915.png","12950","dc0864099a07e771be88306b40b3f08ede5986c2eac4f2377c95d8f5dd64b865"
"data/vla_bridge/widowx_mujoco_rlds_source_v1/images/episode_0004_step_1007.png","12766","d5cffc42e0b5d7f7c51c8ee635efd144bb662ac5b2ce63bda2cd1e9de01da35a"
"data/vla_bridge/widowx_mujoco_rlds_source_v1/images/episode_0004_step_1098.png","12819","cc51fac33c5c0b49fae17a12ad1eb36ee59959161439d30ba42fda954761456f"
"data/vla_bridge/widowx_mujoco_rlds_source_v1/images/episode_0004_step_1190.png","12561","7609291eb139546b76c5203f7159a56c4e59aa2656ba2900669050d0d364d43c"
"data/vla_bridge/widowx_mujoco_rlds_source_v1/images/episode_0004_step_1282.png","12663","c71339f314c1f407789c3133ac43e772efdd34807279e2fd3c028319b1a20279"
"data/vla_bridge/widowx_mujoco_rlds_source_v1/images/episode_0004_step_1373.png","12745","fc163e2f99580df297532078557809929858d5e7923d6790cbdb018960166a7d"
"data/vla_bridge/widowx_mujoco_rlds_source_v1/images/episode_0004_step_1465.png","13127","a03bdcf2ce59b41c8acb5d49d64df608323c6569feeb3af1baee4c664c110115"
"data/vla_bridge/widowx_mujoco_rlds_source_v1/images/episode_0004_step_1556.png","13287","87d020ac9b67d93ad8042fc93f40cdfc3b3a366aea2e6331ba660de45477022d"
"data/vla_bridge/widowx_mujoco_rlds_source_v1/images/episode_0004_step_1648.png","13301","e6c6ecbd07560fc060f8235ec2b0fc65d31d7c19223e59688913a87cfc87c8cb"
"data/vla_bridge/widowx_mujoco_rlds_source_v1/images/episode_0004_step_1740.png","13340","174d370263ef590703e75b39060b6207140151ca410c126185fe63bbfca4fe36"
"data/vla_bridge/widowx_mujoco_rlds_source_v1/images/episode_0004_step_1831.png","13426","a6e2aba519276ed6c64e677084725438ba93002e7bcd7a692f1e93fb035e6d94"
"data/vla_bridge/widowx_mujoco_rlds_source_v1/images/episode_0004_step_1923.png","13596","9260fa44f589f81df08bd4e171b7c2b81f7ec51302506af28b4e168d96a93c32"
"data/vla_bridge/widowx_mujoco_rlds_source_v1/images/episode_0004_step_2014.png","13508","d76bcb22c8563cceb589ddc673f6ba1180966324ea11dd4e5849504f404a6e6c"
"data/vla_bridge/widowx_mujoco_rlds_source_v1/images/episode_0004_step_2106.png","13546","024406f6a8339a3892dd16c519f00eb1e796d6b7e910aad2028d30036d1146f2"
"data/vla_bridge/widowx_mujoco_rlds_source_v1/images/episode_0004_step_2197.png","13441","5327efa0a7bd7fbc1436c9fb84fbbbbbcf7b3f2c1e04a9ad475b5727ccf39d7c"
"data/vla_bridge/widowx_mujoco_rlds_source_v1/images/episode_0004_step_2289.png","13383","530b2a275fb8d458b5fbc2b02555618a3f480283f714861a334e6a644e7cbfa9"
"data/vla_bridge/widowx_mujoco_rlds_source_v1/images/episode_0004_step_2381.png","13399","ac4c11a06a9f8c9be4783524faecae8e275d0eaa5f1b80dcc30ac070b273eff6"
"data/vla_bridge/widowx_mujoco_rlds_source_v1/images/episode_0004_step_2472.png","13487","4773147a07dc2d769dec1e79e7866bc58673ffe8db5b52b9b9cbe32b0cf1c681"
"data/vla_bridge/widowx_mujoco_rlds_source_v1/images/episode_0004_step_2564.png","13521","b6935c1743e0899b62cd0bc42bc5562c13125bc8dbe831c44acfc59a058f288e"
"data/vla_bridge/widowx_mujoco_rlds_source_v1/images/episode_0004_step_2655.png","13555","3e7ecb69d65b7da540c8b88df0e43ad1f29b31c8f8a137718bd1e22c931bc0e3"
"data/vla_bridge/widowx_mujoco_rlds_source_v1/images/episode_0004_step_2747.png","13547","0f59857a7b91995a1b33d900901d5012ff1ff81551205ad380380549c49a8da6"
"data/vla_bridge/widowx_mujoco_rlds_source_v1/images/episode_0004_step_2839.png","13654","0d845d18a8e16159c2dbd2423da134df3e6bd422d44d6c116f340698730bc7a4"
"data/vla_bridge/widowx_mujoco_rlds_source_v1/images/episode_0005_step_0000.png","12060","080503761a6f1a6eadee87546255c75ab05dc00d764bc39006d2c28118e76fb9"
"data/vla_bridge/widowx_mujoco_rlds_source_v1/images/episode_0005_step_0091.png","12190","1da645ae12fb2f112f9c3acbb322f40dc9a34934418df73b66eadf30d97887b8"
"data/vla_bridge/widowx_mujoco_rlds_source_v1/images/episode_0005_step_0183.png","12259","e9c327f44b260a51134e54290733fdd19f91e91533a7130d833f79dc612b51ff"
"data/vla_bridge/widowx_mujoco_rlds_source_v1/images/episode_0005_step_0274.png","12347","571fecc2c09464ab46145ae9c753255eb339bcac7515660ecf63a4657774178f"
"data/vla_bridge/widowx_mujoco_rlds_source_v1/images/episode_0005_step_0366.png","12190","2ae877457375bea7dfdb31bc733caeb6d21e2de907f524a983fbb199d878d717"
"data/vla_bridge/widowx_mujoco_rlds_source_v1/images/episode_0005_step_0457.png","12191","45e356aaf053ddf9636a655b958cfb49578d333e029936ab059e1801cda9f6ac"
"data/vla_bridge/widowx_mujoco_rlds_source_v1/images/episode_0005_step_0549.png","12298","d91454d33ccee7ccd8053ba4262ead9425a736eb03f45ac414b02e2763f4370d"
"data/vla_bridge/widowx_mujoco_rlds_source_v1/images/episode_0005_step_0641.png","12263","2a0c5dffd754a3915edbf9df344a86e31f5992458f51a5d31df82c86b1d606bb"
"data/vla_bridge/widowx_mujoco_rlds_source_v1/images/episode_0005_step_0732.png","12304","3d8d5730f37b86711e506c3d5660366a2e2b4faf2315a2e29458a142c82ff5dd"
"data/vla_bridge/widowx_mujoco_rlds_source_v1/images/episode_0005_step_0824.png","12220","a7c148c81d12e8447dc48efb3d02e8e9e16affdf278c7a9e5433e84c52e68a06"
"data/vla_bridge/widowx_mujoco_rlds_source_v1/images/episode_0005_step_0915.png","12248","45ab0200eb206b4cc2f49cceefd7b7374c5ab8bf3c752f8a512e36f7487f506a"
"data/vla_bridge/widowx_mujoco_rlds_source_v1/images/episode_0005_step_1007.png","12410","9a52fde741e1a810a803e1341f9037c22b8aca2931b0579718bc1c770245a35d"
"data/vla_bridge/widowx_mujoco_rlds_source_v1/images/episode_0005_step_1098.png","12367","ef646e7955b09dd3e5da2606fc07c11ea014e3e69162671ca123cb50397b41b1"
"data/vla_bridge/widowx_mujoco_rlds_source_v1/images/episode_0005_step_1190.png","12372","29542d4a16336f3fc59a82dd40c7bc405ec9bbbe9bb2ee331bed1b2524d1f28f"
"data/vla_bridge/widowx_mujoco_rlds_source_v1/images/episode_0005_step_1282.png","12258","58007387b7831a31ff474e64a5f2195ee233f5499265d41490ff4d688cea116d"
"data/vla_bridge/widowx_mujoco_rlds_source_v1/images/episode_0005_step_1373.png","12337","ce6e0eb7438c58df5cb1db17c3f5a206cac389cb04913b8c6b8ff469d5c94398"
"data/vla_bridge/widowx_mujoco_rlds_source_v1/images/episode_0005_step_1465.png","12554","cca994b3321e0daec5dafbd2653f1e73742538e4e595f68c4e3640d2d4c2af6f"
"data/vla_bridge/widowx_mujoco_rlds_source_v1/images/episode_0005_step_1556.png","12862","1e8f8d28234ccd5f32dfd063b57ec12a3d2f28dbd4720f821d1e93377f061391"
"data/vla_bridge/widowx_mujoco_rlds_source_v1/images/episode_0005_step_1648.png","13230","96901d20fb6df2682b868652681d170c3eee7978041504a4e231135c659c4bcf"
"data/vla_bridge/widowx_mujoco_rlds_source_v1/images/episode_0005_step_1740.png","13400","040bb5c440ed921746537bff0479f255527e3e9a60ca75d1c4ada6c0633a03b3"
"data/vla_bridge/widowx_mujoco_rlds_source_v1/images/episode_0005_step_1831.png","13444","737cb8c9165e9b0efcb068ea34b12c8d6f5b0223674f9079d1adf4d122bf0a47"
"data/vla_bridge/widowx_mujoco_rlds_source_v1/images/episode_0005_step_1923.png","13542","336e1fccf005f222ba3c72a0b431a3fc59a906deccd00a701ca4bf197053569d"
"data/vla_bridge/widowx_mujoco_rlds_source_v1/images/episode_0005_step_2014.png","13625","9d6d1639a315fdf13a70c69729ad124670b16cc727f966b57f2e9a2a31ea2a96"
"data/vla_bridge/widowx_mujoco_rlds_source_v1/images/episode_0005_step_2106.png","13504","eaa2265601624622cf24464aa99fde70ff3889af1c9408246570b8de27cab908"
"data/vla_bridge/widowx_mujoco_rlds_source_v1/images/episode_0005_step_2197.png","13478","c35293a944aa4416575160c0e70ec8e2f309638cc7af2b3fc92a9b3c53c8ebaa"
"data/vla_bridge/widowx_mujoco_rlds_source_v1/images/episode_0005_step_2289.png","13476","b04a7d6be78a382d3a91bfc43c5f33f6d60ac8074b516a67a1c9c822dbf4d331"
"data/vla_bridge/widowx_mujoco_rlds_source_v1/images/episode_0005_step_2381.png","13518","c716c45ccdca3c1778737f0e03974d180bc9a2e304d352ea635e74443fd818dc"
"data/vla_bridge/widowx_mujoco_rlds_source_v1/images/episode_0005_step_2472.png","13548","8ef491528aa9f6d37a25adf5cca6639b9f283e30330f19d33b5f665a1b336028"
"data/vla_bridge/widowx_mujoco_rlds_source_v1/images/episode_0005_step_2564.png","13576","33e65ccebe431aaae37e6f55e089150d7f1c5784bc3820d7d8aaee4b1a0385ae"
"data/vla_bridge/widowx_mujoco_rlds_source_v1/images/episode_0005_step_2655.png","13551","555bb6627c9a42244c261ca974d600a99ef9473baf0723d089efe098d8ba4f9e"
"data/vla_bridge/widowx_mujoco_rlds_source_v1/images/episode_0005_step_2747.png","13538","142d06e71d006642cae2dd052e41c71f1cf270496cde7a77ce875ef4a77b21f1"
"data/vla_bridge/widowx_mujoco_rlds_source_v1/images/episode_0005_step_2839.png","13593","414fdaf3397ed21fb26f3939d8cabc5b479016755e64127ec8021d2b40b60781"
"data/vla_bridge/widowx_mujoco_rlds_source_v1/images/episode_0006_step_0000.png","12113","a3e845ae12077e3869e54df10f5d8044aaea1a8647deb64c38366ab88134c255"
"data/vla_bridge/widowx_mujoco_rlds_source_v1/images/episode_0006_step_0091.png","12342","f4c141f76b032da8be7157933796a020dcc7b849bb816a2cb2bed3768d0ff1ad"
"data/vla_bridge/widowx_mujoco_rlds_source_v1/images/episode_0006_step_0183.png","12406","345edb7bbf7ab3ece97998ac6a9d6c77f4085cc481e802abd501d4ef5562f98e"
"data/vla_bridge/widowx_mujoco_rlds_source_v1/images/episode_0006_step_0274.png","12890","56b2245776d8ad3b2d9d170c8d858aa57c814746930552615205b3e2c9a80bc7"
"data/vla_bridge/widowx_mujoco_rlds_source_v1/images/episode_0006_step_0366.png","13120","6a9e66663c1e7a2ea434b17f88e07518f454cf76c54e361ff518c3a49d53e6d5"
"data/vla_bridge/widowx_mujoco_rlds_source_v1/images/episode_0006_step_0457.png","13169","814032314f2057a9925ba42a0ca430133ab8d7a2b7fbdd440ea6d1e6577b05a6"
"data/vla_bridge/widowx_mujoco_rlds_source_v1/images/episode_0006_step_0549.png","13171","7fa1cb9f11cef881a748d2c87e032e775fd6865ef66002b1e02ff713f4c21a30"
"data/vla_bridge/widowx_mujoco_rlds_source_v1/images/episode_0006_step_0641.png","13206","32e5558c91501fd0dca56c0f1dea9adeec275d874b0dc46406e999da851e78dd"
"data/vla_bridge/widowx_mujoco_rlds_source_v1/images/episode_0006_step_0732.png","13123","d2b4e3a9bdde1b6e43912ca5e4db8345c604b3291f7b2e3097c7958537a63a18"
"data/vla_bridge/widowx_mujoco_rlds_source_v1/images/episode_0006_step_0824.png","13106","860703cfc5e7dbb0000802f37e3c5dcee9338c5b8ddc3b4215c4e751d846769c"
"data/vla_bridge/widowx_mujoco_rlds_source_v1/images/episode_0006_step_0915.png","13141","66d719c544b186abc5e8ce66e312e28420fead11a987bf6c59c22023605b785d"
"data/vla_bridge/widowx_mujoco_rlds_source_v1/images/episode_0006_step_1007.png","12972","674a1dcb4b121548cadc5db09193945821f11a2a3a9c2a4b844ce23ed506f02d"
"data/vla_bridge/widowx_mujoco_rlds_source_v1/images/episode_0006_step_1098.png","12896","63aa6df5c9df282ac5bd22a3f19305f42e21c45678999974887c8240f2a576b7"
"data/vla_bridge/widowx_mujoco_rlds_source_v1/images/episode_0006_step_1190.png","12829","adb1f38a867fb3efd8f370d0dbff2525a5c6143d382a364f7bec8d074bc07ebe"
"data/vla_bridge/widowx_mujoco_rlds_source_v1/images/episode_0006_step_1282.png","13114","f8807da0ed144b3141728b6b2ed5afa58ca1c45b2978f87f42784081ce412a3c"
"data/vla_bridge/widowx_mujoco_rlds_source_v1/images/episode_0006_step_1373.png","13214","caf7b6516465e8fc364611d10789f10a1548d7662061cd2fc703a589855b1eeb"
"data/vla_bridge/widowx_mujoco_rlds_source_v1/images/episode_0006_step_1465.png","13338","875704850e5c04f2819b34c069e93b83646251de34435766c50db59fba5b802d"
"data/vla_bridge/widowx_mujoco_rlds_source_v1/images/episode_0006_step_1556.png","13546","8b9ce6e107162b5217dcd5b3409a5c7aa230919ea6e25186e76219bdab31a0ee"
"data/vla_bridge/widowx_mujoco_rlds_source_v1/images/episode_0006_step_1648.png","13549","6ee2773be22ae15f08aa7bb64534e1ffcf58a602aed61c673091bb81ed712468"
"data/vla_bridge/widowx_mujoco_rlds_source_v1/images/episode_0006_step_1740.png","13629","59acb589a66bc22db16e9fe74c1f83c2c19e6ba70a2391dc1f2823dbb8fec1f4"
"data/vla_bridge/widowx_mujoco_rlds_source_v1/images/episode_0006_step_1831.png","13504","55877c1a8039ad8e3a131eae1582a67f463b727a171bc75f6b352345ea82e392"
"data/vla_bridge/widowx_mujoco_rlds_source_v1/images/episode_0006_step_1923.png","13781","60b3306918c078e3ef714489c572fd9365db309317396bad683f689e3c3fddbe"
"data/vla_bridge/widowx_mujoco_rlds_source_v1/images/episode_0006_step_2014.png","13781","8d0ccfbf171c8f75141e8e6ac6c3cdd1395e14f7e5fb011f570a59a0f53cde04"
"data/vla_bridge/widowx_mujoco_rlds_source_v1/images/episode_0006_step_2106.png","13671","fa2c6ef2b3b00b9823c874f9388ec559e495163d97ea16d3816984b3e96e0ed9"
"data/vla_bridge/widowx_mujoco_rlds_source_v1/images/episode_0006_step_2197.png","13683","9b206711ea104542092ad9e6fa9a5b44a3ea6000f094619894339c355fe7d9e0"
"data/vla_bridge/widowx_mujoco_rlds_source_v1/images/episode_0006_step_2289.png","13669","a68a0d96f38c84ed07c536f4367125002b6f12aadf819834199826a844c730d7"
"data/vla_bridge/widowx_mujoco_rlds_source_v1/images/episode_0006_step_2381.png","13584","3178fd43da81839140efb310a4e475cda89a30ef1932c76b401cc572cdf01290"
"data/vla_bridge/widowx_mujoco_rlds_source_v1/images/episode_0006_step_2472.png","13607","db182354b339c1f273bcaeced04a53009d4e59e2907ac76a677a0e7762810182"
"data/vla_bridge/widowx_mujoco_rlds_source_v1/images/episode_0006_step_2564.png","13682","47293a2e91c9a7aac75c5da16773a6d061aec61700ae429aed063897dd82d344"
"data/vla_bridge/widowx_mujoco_rlds_source_v1/images/episode_0006_step_2655.png","13682","d68edf4a8cece9dd82530ddec73d72f03790a8c8168c5762860fa32ff2afb184"
"data/vla_bridge/widowx_mujoco_rlds_source_v1/images/episode_0006_step_2747.png","13630","647f794841cf5cbb9140cf4f52dff2c40c04ba0f36979a403a2699cf93c6a30a"
"data/vla_bridge/widowx_mujoco_rlds_source_v1/images/episode_0006_step_2839.png","13703","8fa1f5df1c652beb969f6852318722ce3bf0067abd0318d876ca5d643d589b23"
"data/vla_bridge/widowx_mujoco_rlds_source_v1/images/episode_0007_step_0000.png","12126","a3e3559f522a57a9278d611e136105bd9b828c2a84233816426f966fb4ff4bc2"
"data/vla_bridge/widowx_mujoco_rlds_source_v1/images/episode_0007_step_0091.png","12345","25fbd60022b1358c78f17cbe746cb559398d5b22ac6ad6ebab6e13ab3f5bc282"
"data/vla_bridge/widowx_mujoco_rlds_source_v1/images/episode_0007_step_0183.png","12535","2987332ef5bbdb8c7f4e60afc4e1659ef7099b0c31d717bed45fed81ec46b031"
"data/vla_bridge/widowx_mujoco_rlds_source_v1/images/episode_0007_step_0274.png","12597","21df03132b6f246e924ed77f2fd34020f57313e553b8bb510df0a0afd384c365"
"data/vla_bridge/widowx_mujoco_rlds_source_v1/images/episode_0007_step_0366.png","12547","6a7aefbb3165689a680aa0158539af6cc3855a3ef5d63bc9902a15bd33ce4212"
"data/vla_bridge/widowx_mujoco_rlds_source_v1/images/episode_0007_step_0457.png","12569","a5b4f118ad7004d4c34019cc1999180bdf2181a10ac7de9877ba69b662b0dbdf"
"data/vla_bridge/widowx_mujoco_rlds_source_v1/images/episode_0007_step_0549.png","12570","342e489cb654d07069072246528f67ace199748fc729263d114e6907302c6d78"
"data/vla_bridge/widowx_mujoco_rlds_source_v1/images/episode_0007_step_0641.png","12597","452bc6b1c30a450ad1244ef912218a2a23c860bacc1b0cabbdb84d6bc1820fb8"
"data/vla_bridge/widowx_mujoco_rlds_source_v1/images/episode_0007_step_0732.png","12585","997a6953c8dc9ed0ff48c10a9eeed4fb7142559bfb55aa2fdd23e902ddb64069"
"data/vla_bridge/widowx_mujoco_rlds_source_v1/images/episode_0007_step_0824.png","12537","fa550e5c412694c588dbcf22a3a0dec23a202b92eceb85d47c73b75f27ede7ca"
"data/vla_bridge/widowx_mujoco_rlds_source_v1/images/episode_0007_step_0915.png","12617","6a522f45fd63b5b6887cad85384881a67243adc69c3091271f98216abb793988"
"data/vla_bridge/widowx_mujoco_rlds_source_v1/images/episode_0007_step_1007.png","12639","cc89820f3a1869db3926dc795d6f96c4675ad896ad9484989f63b17e2efcff03"
"data/vla_bridge/widowx_mujoco_rlds_source_v1/images/episode_0007_step_1098.png","12668","dc0b717b3e52b6fa85567e0cd97c1fc03104e8beccf8d49c5657cbf5ac73626e"
"data/vla_bridge/widowx_mujoco_rlds_source_v1/images/episode_0007_step_1190.png","12704","1483102493829ecffa83fa4dc89568f6ee52c50bffe3d483226f3c4d0442d955"
"data/vla_bridge/widowx_mujoco_rlds_source_v1/images/episode_0007_step_1282.png","12592","49ce2da6b2c2c487a24b2357e18b7cb406abec631ed397fbc0ddc9a1cbfa5af1"
"data/vla_bridge/widowx_mujoco_rlds_source_v1/images/episode_0007_step_1373.png","12524","7c2814d386eff47677b530905fac63b6095b57aef3b9b59832c3d656283055f2"
"data/vla_bridge/widowx_mujoco_rlds_source_v1/images/episode_0007_step_1465.png","12699","cd18bafb9a7de12e39a7b87fb723a7e689d1b8bb63663a013d425149d2ccce0f"
"data/vla_bridge/widowx_mujoco_rlds_source_v1/images/episode_0007_step_1556.png","12985","05c4004989303aa02160f9ecd15e771eb2799fa16bfdfdbbe9ae2ab3b37675df"
"data/vla_bridge/widowx_mujoco_rlds_source_v1/images/episode_0007_step_1648.png","13344","21df978a30876ba77bb83346c03f8895cc9f5d59a764e43f9b70c7e4dfcf91cf"
"data/vla_bridge/widowx_mujoco_rlds_source_v1/images/episode_0007_step_1740.png","13571","597c334b6e7fbb2909f5c05c9d675f8412cacd6bae9f6d14c0b554b37386ebb8"
"data/vla_bridge/widowx_mujoco_rlds_source_v1/images/episode_0007_step_1831.png","13495","58f19f4efb694e154c22e20a5fed7c07a99c1222fef1662451f5c0324d912baa"
"data/vla_bridge/widowx_mujoco_rlds_source_v1/images/episode_0007_step_1923.png","13785","f9232cb02a7f0c185c328ac6ff7b2c35f4e90c615822eed285542ba5dba5d5bf"
"data/vla_bridge/widowx_mujoco_rlds_source_v1/images/episode_0007_step_2014.png","13761","657989f1a62582b7bd32348dcfcf7fe1588e5a4ba4a31bd07e77064ab9ea8828"
"data/vla_bridge/widowx_mujoco_rlds_source_v1/images/episode_0007_step_2106.png","13771","219c0f86294620ab8b9b011ecc43a9d19ed1f8ee8eb5e64824dbde4127c40621"
"data/vla_bridge/widowx_mujoco_rlds_source_v1/images/episode_0007_step_2197.png","13674","0696264aeff8de64bf204241197dc5f16ce9835f1bd050605638e94f874ffc50"
"data/vla_bridge/widowx_mujoco_rlds_source_v1/images/episode_0007_step_2289.png","13609","bc7996959a6e710a5e66b26a4e6a622218a1c336f77b4f2ec1f26beca1cd3f30"
"data/vla_bridge/widowx_mujoco_rlds_source_v1/images/episode_0007_step_2381.png","13696","a1fb3d444b8c0c41b06779f9fc8c60042c3d33ea01744cc1894f648081e90527"
"data/vla_bridge/widowx_mujoco_rlds_source_v1/images/episode_0007_step_2472.png","13731","1dd40a200c4ebd548965d63cafb361403fec476bae73eb3808e0b40084a8f101"
"data/vla_bridge/widowx_mujoco_rlds_source_v1/images/episode_0007_step_2564.png","13732","6f09cd8da84cb97d6b90165a6b76e9ee82004b794aaab31f18ede526d10d781e"
"data/vla_bridge/widowx_mujoco_rlds_source_v1/images/episode_0007_step_2655.png","13704","990e79ed33c464cc7cb83039b926f05b9c09c4e505990bf19e47cf29ad3505f6"
"data/vla_bridge/widowx_mujoco_rlds_source_v1/images/episode_0007_step_2747.png","13695","e17b75c1da8520f5d65fcfcd3045e876e3c458e03c18736ab7afd3eba6f5c868"
"data/vla_bridge/widowx_mujoco_rlds_source_v1/images/episode_0007_step_2839.png","13741","9208ec50bb1348aea5edc65cf82af96deb11f2a540654c3903b5a10c99b297e7"
"data/vla_bridge/widowx_mujoco_rlds_source_v1/images/episode_0008_step_0000.png","12115","3f1ed74bccd487f5b64476602f884753d230717242dc161de227c491b5c52c0a"
"data/vla_bridge/widowx_mujoco_rlds_source_v1/images/episode_0008_step_0091.png","12355","55a084b49e18e7462c5540eb15a4454c92d2628fd7afbfd397de5a7888b4550f"
"data/vla_bridge/widowx_mujoco_rlds_source_v1/images/episode_0008_step_0183.png","12445","e388d3feb16f3f008cc90ef2e68376e597a4c166b4d9f8d29184858045f6fd0f"
"data/vla_bridge/widowx_mujoco_rlds_source_v1/images/episode_0008_step_0274.png","12424","f763b6ac15f2bdf156387faad2482e4742a09e2c931633df362e0c31fd4f604c"
"data/vla_bridge/widowx_mujoco_rlds_source_v1/images/episode_0008_step_0366.png","12494","f0bce5232afc0e2abcf67a8d0237cfd66cc9213ddcaf04f2a513557d76cc8f3f"
"data/vla_bridge/widowx_mujoco_rlds_source_v1/images/episode_0008_step_0457.png","12589","f994bd8c80dd4af76aa497150d10cb506d53a7c13b90ddd4d450db2e58562e0e"
"data/vla_bridge/widowx_mujoco_rlds_source_v1/images/episode_0008_step_0549.png","12621","bbd3d619ae812db0428f9335b0b0b143452d046a2c983bf715a80f906d6e4bad"
"data/vla_bridge/widowx_mujoco_rlds_source_v1/images/episode_0008_step_0641.png","12615","4d0f655bd2ae10e80b793e70e7d99d062a4ff686c909329f089b12887962731e"
"data/vla_bridge/widowx_mujoco_rlds_source_v1/images/episode_0008_step_0732.png","12691","ebdaec139e0329456be61393eae3aa3562cdb8bcfbbc650f5e7c71457d7377d6"
"data/vla_bridge/widowx_mujoco_rlds_source_v1/images/episode_0008_step_0824.png","12594","9e21c55874ae6ea3bf39c55c7c72b180d5b7aad2a6767e1368ecc353f99df886"
"data/vla_bridge/widowx_mujoco_rlds_source_v1/images/episode_0008_step_0915.png","12626","79bb26a55a9c33c68326d6d6c5f9329115e63fc293d2307d2a407b1d47048092"
"data/vla_bridge/widowx_mujoco_rlds_source_v1/images/episode_0008_step_1007.png","12587","3913e34d1f08dc66901a89c755eefb4ea84c81f4695ecb69c74852d7cbf85db2"
"data/vla_bridge/widowx_mujoco_rlds_source_v1/images/episode_0008_step_1098.png","12392","524f3c596a345b57f218005785ff5b0480972109faf0b85f658927f61af3ed1e"
"data/vla_bridge/widowx_mujoco_rlds_source_v1/images/episode_0008_step_1190.png","12337","465bb60d48c873f532d19879618f01524434e6fd3528a736c3e40ee6b7deff2b"
"data/vla_bridge/widowx_mujoco_rlds_source_v1/images/episode_0008_step_1282.png","12375","3c17b671d91da5957fba2a8a375196556cff7d58a25bc0832862945906d642de"
"data/vla_bridge/widowx_mujoco_rlds_source_v1/images/episode_0008_step_1373.png","12602","3d0d7b0e5422593efe8b5ec703a3d78a284d44817ee2a056ed50df8f5717b67b"
"data/vla_bridge/widowx_mujoco_rlds_source_v1/images/episode_0008_step_1465.png","12966","5db1691f2ce4e2cbc9ceb9ede18ea7d8274dfda12c0b9f1f680fbe10110fb88a"
"data/vla_bridge/widowx_mujoco_rlds_source_v1/images/episode_0008_step_1556.png","13078","8db10beaebedbdaea4fdfb9663e91ef70d838f2d3e36e97d6179ff233353f7ee"
"data/vla_bridge/widowx_mujoco_rlds_source_v1/images/episode_0008_step_1648.png","13220","2e572f306e7f4518428951f58e0460fb4e1615e4988298245e616cbed415dc87"
"data/vla_bridge/widowx_mujoco_rlds_source_v1/images/episode_0008_step_1740.png","13320","e6300c330b9897aec96f4e88d5b7350423d139a1219be0e5830512ba0647140a"
"data/vla_bridge/widowx_mujoco_rlds_source_v1/images/episode_0008_step_1831.png","13431","949cdb65ac7430bcaee70afb307611aa6f60a65b1899f62ecc1edb233c65f8bc"
"data/vla_bridge/widowx_mujoco_rlds_source_v1/images/episode_0008_step_1923.png","13657","8cfe298c1243e9a78a51d31c651ecb411eabe827ff0b58ec2261465dc61387a1"
"data/vla_bridge/widowx_mujoco_rlds_source_v1/images/episode_0008_step_2014.png","13600","6b7d732df1ee058054d359a15734b73ddab7cb44d8020ea03d89d63495befbac"
"data/vla_bridge/widowx_mujoco_rlds_source_v1/images/episode_0008_step_2106.png","13598","3b3be3a12a4cc427e6d1f0a15439c68b8105198abd607b64117791278a7318cb"
"data/vla_bridge/widowx_mujoco_rlds_source_v1/images/episode_0008_step_2197.png","13591","df9fda9593d25f15a8c196e5abdf4f3bec692e42d82522844586ebb384a2083c"
"data/vla_bridge/widowx_mujoco_rlds_source_v1/images/episode_0008_step_2289.png","13567","3c5c115d2a71e4019b1365de69091b0828693c9b86b85ea121e4d50c5eaccbd4"
"data/vla_bridge/widowx_mujoco_rlds_source_v1/images/episode_0008_step_2381.png","13508","4a34a93e1f049fbb855bd435432899ecef9ca8f420221acbad278ba4681e75d8"
"data/vla_bridge/widowx_mujoco_rlds_source_v1/images/episode_0008_step_2472.png","13552","c4cd6c950f3a5a8d9e4f8fedabf523b32c4c14e1d4c0d050069df7677e5e996d"
"data/vla_bridge/widowx_mujoco_rlds_source_v1/images/episode_0008_step_2564.png","13637","0484fe35a7098ba931619bc311556813cf456878e68fa250d0470ed0913f77c8"
"data/vla_bridge/widowx_mujoco_rlds_source_v1/images/episode_0008_step_2655.png","13531","3400133e5152a40b39a99c1454ef03227dd26a4295bb644e532ed7b0db6eafc1"
"data/vla_bridge/widowx_mujoco_rlds_source_v1/images/episode_0008_step_2747.png","13604","ac4e6a977c3e8f45f6a229ed3e10784a4b7c56cc24ff4b976335a95b46e63a88"
"data/vla_bridge/widowx_mujoco_rlds_source_v1/images/episode_0008_step_2839.png","13611","d2b68761c6ae552eb45c561f45858c3200a01e77a5d138b3214e160cc6a6c75c"
"data/vla_bridge/widowx_mujoco_rlds_source_v1/images/episode_0009_step_0000.png","12218","f22cbad7f5eb119f72f07cad5a845f5e23016fece1ed7d08a8f8e6bdbc97b573"
"data/vla_bridge/widowx_mujoco_rlds_source_v1/images/episode_0009_step_0091.png","12471","86a34e9c4d01bbc93cdc96902dd051db1cdd9556ab487127aa0a959f56a25e31"
"data/vla_bridge/widowx_mujoco_rlds_source_v1/images/episode_0009_step_0183.png","12481","80366438c46a6e63dc525ab9c2aba95e643a4bd3bcea7e680e417249b735beb4"
"data/vla_bridge/widowx_mujoco_rlds_source_v1/images/episode_0009_step_0274.png","13131","0e9bc7a0ffa10a85cfd8b31c7d60fdde07ca2fbd2311a57b9db62e4c70292e1f"
"data/vla_bridge/widowx_mujoco_rlds_source_v1/images/episode_0009_step_0366.png","13306","ec5c393643b985710680d7b6f06f257f39fd8361a18673a14770cec0ffeec310"
"data/vla_bridge/widowx_mujoco_rlds_source_v1/images/episode_0009_step_0457.png","13010","50ae67955d3e96a16216f48330b5e7a7abe1f2ca3dfb68a65d83c1e52c8546f8"
"data/vla_bridge/widowx_mujoco_rlds_source_v1/images/episode_0009_step_0549.png","13047","ec1b0dec5ce00e93a80321d86da00d8c7faba48b7b170639c651560e92764167"
"data/vla_bridge/widowx_mujoco_rlds_source_v1/images/episode_0009_step_0641.png","12994","d2d526e0d98daade38611463fd7d7c58d0de916be139998d812bcabe42e82c10"
"data/vla_bridge/widowx_mujoco_rlds_source_v1/images/episode_0009_step_0732.png","12927","fe28a60a5dcf34e063a39a6231aea40e811d7e419b39b37f301d741a3c056d7a"
"data/vla_bridge/widowx_mujoco_rlds_source_v1/images/episode_0009_step_0824.png","12980","25e77f682f42ce5485c574b07935a05b70677bbe494f5b0204fdb92dbe9255f3"
"data/vla_bridge/widowx_mujoco_rlds_source_v1/images/episode_0009_step_0915.png","13296","9f62b0c7480ab9ccd21758987d0c5cdf81364478b21d2b2d70cecf10a90a7bfd"
"data/vla_bridge/widowx_mujoco_rlds_source_v1/images/episode_0009_step_1007.png","13197","dfbf290d2f120d076ef365e75e1cb0e2343350778a102892265bb33594ca2540"
"data/vla_bridge/widowx_mujoco_rlds_source_v1/images/episode_0009_step_1098.png","13229","ab544097be0ad19696b7552d5c28387f71480912e820aa2fb7a8f346688fbdc7"
"data/vla_bridge/widowx_mujoco_rlds_source_v1/images/episode_0009_step_1190.png","13081","157dd6c4f45d28497ee6b6f3dc382c3286e427c5ba01626b8cd5dfbcd91f1de9"
"data/vla_bridge/widowx_mujoco_rlds_source_v1/images/episode_0009_step_1282.png","13367","01af046575cae6286f40a8907c6982e8cf21a8e1efdc758981c79f2231213f71"
"data/vla_bridge/widowx_mujoco_rlds_source_v1/images/episode_0009_step_1373.png","13429","b61f64633ed8bb671480ce0cb7e3b6b3c2d10afbfa21ab20efa14cdd5379e355"
"data/vla_bridge/widowx_mujoco_rlds_source_v1/images/episode_0009_step_1465.png","13511","bb9a25636849ad499af33476c40f39752195c5c5876715c74fb43726d8e8dd52"
"data/vla_bridge/widowx_mujoco_rlds_source_v1/images/episode_0009_step_1556.png","13574","25a9dcaa83a91b9ef01f4fcab52d162e9347c09b9f9cb17696cd8ebe8df0d229"
"data/vla_bridge/widowx_mujoco_rlds_source_v1/images/episode_0009_step_1648.png","13573","5285f4773f51144d91c4a21f53246d4b1757350268dfddf3cb71234d56efaa1e"
"data/vla_bridge/widowx_mujoco_rlds_source_v1/images/episode_0009_step_1740.png","13565","611d70b41e33ce076ffcce1751339a2b13f15ff27a839bdb59f0ac0b29339d87"
"data/vla_bridge/widowx_mujoco_rlds_source_v1/images/episode_0009_step_1831.png","13586","e2bf3b9fe2c709546065e75b76c829f8af1f84221037f9cdfea8f388d3abacaa"
"data/vla_bridge/widowx_mujoco_rlds_source_v1/images/episode_0009_step_1923.png","13782","d5d019211283b0e9f204bc5b19cd46c83f6682d6458123d3c43db91a8e145d4c"
"data/vla_bridge/widowx_mujoco_rlds_source_v1/images/episode_0009_step_2014.png","13757","5a0ee9df8ee8e6395fbe12daa9cbd6ba8fec39de20e6184d44ead43cc8f892a5"
"data/vla_bridge/widowx_mujoco_rlds_source_v1/images/episode_0009_step_2106.png","13807","6b2611034bbe3920c9c27bf4212703a8b8efbe932b12a5362b8b119cb0324eee"
"data/vla_bridge/widowx_mujoco_rlds_source_v1/images/episode_0009_step_2197.png","13755","c33e79263ce0bf0dd39b21d877b407ff23a77b8dd873f15dc1fd16da1d5ef899"
"data/vla_bridge/widowx_mujoco_rlds_source_v1/images/episode_0009_step_2289.png","13678","384e83c9ff7d4d64f2cb7dd27bb7bc62e26019e1195b4a68cc44a611522cbb88"
"data/vla_bridge/widowx_mujoco_rlds_source_v1/images/episode_0009_step_2381.png","13636","79e670eef021f8697a8911ec72d94d7dd5229aa64a3dff9c70cfefc2c4df5c4f"
"data/vla_bridge/widowx_mujoco_rlds_source_v1/images/episode_0009_step_2472.png","13728","32afdb9e971d3f55108827511c4c096ac92e001e6b8e8223a9715ec2bee1646e"
"data/vla_bridge/widowx_mujoco_rlds_source_v1/images/episode_0009_step_2564.png","13716","97c9a2041bb2a4e60e643c3ff23d59bc0eb8eed83056c281c717bad355c86ba0"
"data/vla_bridge/widowx_mujoco_rlds_source_v1/images/episode_0009_step_2655.png","13679","896da35bd0d68dbd3816c9388c81e1060471fa711fcd434153139c7eb983f6c1"
"data/vla_bridge/widowx_mujoco_rlds_source_v1/images/episode_0009_step_2747.png","13782","f23332488c07bef593845391f2a0924303a49bb75a4d568a1bbd4195b3dc9db8"
"data/vla_bridge/widowx_mujoco_rlds_source_v1/images/episode_0009_step_2839.png","13800","64536d019859d324aee5c4fa53513bcfb85fb45f7683c10b206f7a040effac07"
"data/vla_bridge/widowx_mujoco_rlds_source_v1/images/episode_0010_step_0000.png","12149","befdf686608ad8c38d350989de4b9bae31843d5d6dfaa67f51a0f71c3201c9c6"
"data/vla_bridge/widowx_mujoco_rlds_source_v1/images/episode_0010_step_0091.png","12237","f301d90ed07df2eabd116619cae6fb7bbe85f426edba4257fe26b74f64139f6a"
"data/vla_bridge/widowx_mujoco_rlds_source_v1/images/episode_0010_step_0183.png","12273","c4e0c670813f295f364b8e85fafd71af3b15120e35be4961509e7533b6a1fa89"
"data/vla_bridge/widowx_mujoco_rlds_source_v1/images/episode_0010_step_0274.png","12257","f72d992cc85a927a312777818eca796626e5bde7bd5435d53b152654e027403d"
"data/vla_bridge/widowx_mujoco_rlds_source_v1/images/episode_0010_step_0366.png","12225","32d8596d05057173bb2cef2e66a7b66ee55fd50894824780939074d153b8add0"
"data/vla_bridge/widowx_mujoco_rlds_source_v1/images/episode_0010_step_0457.png","12352","55876e9e7fa94c6413a6a2422bb2628a043174b7f1bf06cd286fd2408c5de64f"
"data/vla_bridge/widowx_mujoco_rlds_source_v1/images/episode_0010_step_0549.png","12425","86f44c78fc69b2eb7f812fd5c276148c28f6ce2d83c091686825508138876a6f"
"data/vla_bridge/widowx_mujoco_rlds_source_v1/images/episode_0010_step_0641.png","12438","96a060f50df356d2f91c889ab17f12417848aed79955be3cbbbd438778411d09"
"data/vla_bridge/widowx_mujoco_rlds_source_v1/images/episode_0010_step_0732.png","12430","d747aeb0dc4ed46f8bcfa81aa810d081a4c4c87d51f5858476271b4663dc145a"
"data/vla_bridge/widowx_mujoco_rlds_source_v1/images/episode_0010_step_0824.png","12422","343dea162fdd12093ef4541acf98cc7bf52d2e321b42c018a3264630eddb6231"
"data/vla_bridge/widowx_mujoco_rlds_source_v1/images/episode_0010_step_0915.png","12290","2498b89f2daf69b01f04480182e58171bf437d710a5abacb90e3c0db0ef2a77d"
"data/vla_bridge/widowx_mujoco_rlds_source_v1/images/episode_0010_step_1007.png","12182","64e057e966107efa47624c06152aed2347eee6f080d00e9fe36ab3dc5757c623"
"data/vla_bridge/widowx_mujoco_rlds_source_v1/images/episode_0010_step_1098.png","12313","c80ee235e72de6fccda0f63f1082c056336b3c994dc70c7aff402be63b318522"
"data/vla_bridge/widowx_mujoco_rlds_source_v1/images/episode_0010_step_1190.png","12213","03b05b27b8baffc706e9553206f8a9c793ede0378ac94262f1b6f68593009dff"
"data/vla_bridge/widowx_mujoco_rlds_source_v1/images/episode_0010_step_1282.png","12385","b3da26dbf06f1a697808199a09d987749da9985d7e0900e7af2ecc5e2fe3e22f"
"data/vla_bridge/widowx_mujoco_rlds_source_v1/images/episode_0010_step_1373.png","12396","05ceb172698369e00a7e39061c1f638991c7725761f565a47a507595d67f3c50"
"data/vla_bridge/widowx_mujoco_rlds_source_v1/images/episode_0010_step_1465.png","12583","0e26d6a3647c4b3599aaa8ae4fe291d93a9ac66751028e843c5e2ea8fb686ecd"
"data/vla_bridge/widowx_mujoco_rlds_source_v1/images/episode_0010_step_1556.png","12839","2fb179fd94f2748aa0d361757c9006a4978b95fc4ce3c979c4659c707e74e71e"
"data/vla_bridge/widowx_mujoco_rlds_source_v1/images/episode_0010_step_1648.png","13331","01cdf501598655d8a284a4b990917f72505e25505dbae69ddda1d133fc881f90"
"data/vla_bridge/widowx_mujoco_rlds_source_v1/images/episode_0010_step_1740.png","13582","ff30d01f913aceb69e2b3b2494ce0dd9d2670e7be7bafe50a180aa0b60a2d150"
"data/vla_bridge/widowx_mujoco_rlds_source_v1/images/episode_0010_step_1831.png","13618","67172cd11d4455a0644c71dcfcbc2ddfb9ec1649b7c974d56905ff55361b84b9"
"data/vla_bridge/widowx_mujoco_rlds_source_v1/images/episode_0010_step_1923.png","13713","04d50182899c026917b9e3ef84e6c9aaa6c9de32e0184d8e32a389b41f3eccd5"
"data/vla_bridge/widowx_mujoco_rlds_source_v1/images/episode_0010_step_2014.png","13698","bbedbfbff58dfb497bce634a13e7c53f320fc0972fe8affeb7c7ce47d89622ef"
"data/vla_bridge/widowx_mujoco_rlds_source_v1/images/episode_0010_step_2106.png","13673","b67b2a58a4da3b5af6da81c1ecb7fd008481c0085886df8ed5fa30e5de5c16f0"
"data/vla_bridge/widowx_mujoco_rlds_source_v1/images/episode_0010_step_2197.png","13632","e566766279e008bb16b7ae92c6844f9cb3daa1645ea7c17474743f6c69cf456a"
"data/vla_bridge/widowx_mujoco_rlds_source_v1/images/episode_0010_step_2289.png","13649","79fc9f3fd28e8c2cf3c5fbe5dce61738571514b151efbe13adcd13a5348b7979"
"data/vla_bridge/widowx_mujoco_rlds_source_v1/images/episode_0010_step_2381.png","13658","4a298660b121b997d4d70b757d4fb4899b7f18cb3d65c2ffc4860c41ac35a7e2"
"data/vla_bridge/widowx_mujoco_rlds_source_v1/images/episode_0010_step_2472.png","13591","fb30905cd364468d7af61441c0582ebbbc1ffde7a7c3bccc8ae9bceded38e895"
"data/vla_bridge/widowx_mujoco_rlds_source_v1/images/episode_0010_step_2564.png","13731","02129a3e8428e7e87474cc8a3fb4057552f37be5913d769d9c825984259cf87f"
"data/vla_bridge/widowx_mujoco_rlds_source_v1/images/episode_0010_step_2655.png","13700","165acaeb577e77eb6c89f2b13e6c987caaa36365e1725ca57e040a97fa2f403d"
"data/vla_bridge/widowx_mujoco_rlds_source_v1/images/episode_0010_step_2747.png","13764","8efbb2e6b74e1659d5578d50ce55ed974464ec90a0fefc3ecc789b07494d2382"
"data/vla_bridge/widowx_mujoco_rlds_source_v1/images/episode_0010_step_2839.png","13741","6a32d3b6bcebb5069c0e19b057d08bdb78247583cb23615f11caefab245f3481"
"data/vla_bridge/widowx_mujoco_rlds_source_v1/images/episode_0011_step_0000.png","12060","728abbfd2da9a4179a023bb0ec6c0adb50ba1a1f4165351dd27964fbed69c354"
"data/vla_bridge/widowx_mujoco_rlds_source_v1/images/episode_0011_step_0091.png","12303","c7170d32a795edd803e2234bcc043717051781a3c355c9b7f0ebf06c84c97e8c"
"data/vla_bridge/widowx_mujoco_rlds_source_v1/images/episode_0011_step_0183.png","12488","21100f6cb4ddd3e95400b52646784baca464e2cc3be9f4864f32aa565056761d"
"data/vla_bridge/widowx_mujoco_rlds_source_v1/images/episode_0011_step_0274.png","12473","24398030d9b5a54950a6b898f10fb022867411f22be75d3b921f53b93d8222f1"
"data/vla_bridge/widowx_mujoco_rlds_source_v1/images/episode_0011_step_0366.png","12386","6bbbe9b439d48054ef361eafaf5bb20c0b175bf872271ed2ed7c4b49b3c98f77"
"data/vla_bridge/widowx_mujoco_rlds_source_v1/images/episode_0011_step_0457.png","12494","a7b7b9983de47b646b9672ea16d6c1a83e378b83ae695a1ec1a24912b45a2c63"
"data/vla_bridge/widowx_mujoco_rlds_source_v1/images/episode_0011_step_0549.png","12696","7228c2aace32fb7df4456a7ce305d9f2456edf6d171dcd6ad509db84c2de1c8c"
"data/vla_bridge/widowx_mujoco_rlds_source_v1/images/episode_0011_step_0641.png","12662","0ac8c542db48884fcca0114dadfcf5afc652b3c57c63db39db691c199f4b0ef6"
"data/vla_bridge/widowx_mujoco_rlds_source_v1/images/episode_0011_step_0732.png","12713","36233c9f97f85644da78102732ae12dce06ded3ca7fe0488ff45b6aa8c732b06"
"data/vla_bridge/widowx_mujoco_rlds_source_v1/images/episode_0011_step_0824.png","12603","82f5bfedc5dcb0ad1a15f2b92c12c4437272b4016dd5cbd91bd651f357474653"
"data/vla_bridge/widowx_mujoco_rlds_source_v1/images/episode_0011_step_0915.png","12545","3aad3e6d96261f921b791ffe30b0ffc33d3fc4da2b0f4281616bf6970b854b8b"
"data/vla_bridge/widowx_mujoco_rlds_source_v1/images/episode_0011_step_1007.png","12425","4a1a5800b22b08f273bad7b237438805efc67fb507b9018d14eb39c50f3a1021"
"data/vla_bridge/widowx_mujoco_rlds_source_v1/images/episode_0011_step_1098.png","12491","f711dc134b5f97233a9a44ddb8dd44ba9d421a888b36b39546ac29597c3fd8ba"
"data/vla_bridge/widowx_mujoco_rlds_source_v1/images/episode_0011_step_1190.png","12656","a415ab44db31fbb8b15d1e5fb7dc71f7148bb436d4e4466ec76f23056571e4d5"
"data/vla_bridge/widowx_mujoco_rlds_source_v1/images/episode_0011_step_1282.png","12666","4cdd834eca377943c6e19309138b655f59a644a3ad102df2bc58770dbc7d8200"
"data/vla_bridge/widowx_mujoco_rlds_source_v1/images/episode_0011_step_1373.png","12862","f886ade5407bdbca4454b3a2be3fefe62dcee2e59c1776fe51949a6b3e901c44"
"data/vla_bridge/widowx_mujoco_rlds_source_v1/images/episode_0011_step_1465.png","13042","00dab382fc25345776d37a959fa564552472c61533b929a1144f0f88f1bcb076"
"data/vla_bridge/widowx_mujoco_rlds_source_v1/images/episode_0011_step_1556.png","13320","87b0caa91973b1febd487d6e8896d39e5f5b9214dacd31de36ce3212c5b0e416"
"data/vla_bridge/widowx_mujoco_rlds_source_v1/images/episode_0011_step_1648.png","13644","6571c56b76c1c3173ba039a22fbd18a889f10904fc513f4c03ba83b134247639"
"data/vla_bridge/widowx_mujoco_rlds_source_v1/images/episode_0011_step_1740.png","13698","1b69c4b331d000d5c457a1b19db3a30eb7b050578e49c9bfc22afcede0e7198e"
"data/vla_bridge/widowx_mujoco_rlds_source_v1/images/episode_0011_step_1831.png","13515","8b053e1487b09080511ff56ec034ec9a4ab66a040944d3a5207d880543148b94"
"data/vla_bridge/widowx_mujoco_rlds_source_v1/images/episode_0011_step_1923.png","13755","1a47e1b10ee1a908bcfd0bc3bfb2d0295cb3ae4f3c43d504326b60173011fc7a"
"data/vla_bridge/widowx_mujoco_rlds_source_v1/images/episode_0011_step_2014.png","13724","7d44e7f605e919ec305ef802f1bc8fd6d659472174ebbf1efb98701794b04b81"
"data/vla_bridge/widowx_mujoco_rlds_source_v1/images/episode_0011_step_2106.png","13678","e141af8b785c36715ea36843bdba1b9760a8b28277685bbc537fe2734d1fb638"
"data/vla_bridge/widowx_mujoco_rlds_source_v1/images/episode_0011_step_2197.png","13563","0ac883167b2c2d21fa9e6970ea1461586d46c6185d085031e8da226cc20c55c3"
"data/vla_bridge/widowx_mujoco_rlds_source_v1/images/episode_0011_step_2289.png","13587","bbc2b45268d6aea5b140cf72f4786aeded338cb3572583dbce0589b4f1c1540b"
"data/vla_bridge/widowx_mujoco_rlds_source_v1/images/episode_0011_step_2381.png","13612","11f1c2735c237834a546455a845cab9d66f13176a1d340816ff3962384549851"
"data/vla_bridge/widowx_mujoco_rlds_source_v1/images/episode_0011_step_2472.png","13627","fa38233b231cfae03151179bb61e4a481db606705d958ee937422603ea1b237b"
"data/vla_bridge/widowx_mujoco_rlds_source_v1/images/episode_0011_step_2564.png","13707","f23dd368817f922bbae1079e4e13b607cfce0d294f4ae3c1032466964b222e1d"
"data/vla_bridge/widowx_mujoco_rlds_source_v1/images/episode_0011_step_2655.png","13681","687308e93179a5c8cfa45cf5e11bc9120e6907397b1e0277788e008a5ceadc09"
"data/vla_bridge/widowx_mujoco_rlds_source_v1/images/episode_0011_step_2747.png","13715","1fc15fa47471924088232dba080bd96a53815b97de2375d481cf472b45529d9d"
"data/vla_bridge/widowx_mujoco_rlds_source_v1/images/episode_0011_step_2839.png","13751","57373fbfac3639e972a322e9b01da4cfabc015d5fe3cda6a95d93a62ad655731"
"data/vla_bridge/widowx_mujoco_rlds_source_v1/images/episode_0012_step_0000.png","12082","d60692ff3d2a99204713bd7511bca9ada3ec46837f47c1616086524eaf39c348"
"data/vla_bridge/widowx_mujoco_rlds_source_v1/images/episode_0012_step_0091.png","12348","7902ca5fbf743a2cc279c0ac59a5daf7830b2bef3cb2643325f49d1aeb82cfbf"
"data/vla_bridge/widowx_mujoco_rlds_source_v1/images/episode_0012_step_0183.png","12319","77716f3f76f2234a56976c6463a85f90b06f7f026fd2e781e20277013f66bb71"
"data/vla_bridge/widowx_mujoco_rlds_source_v1/images/episode_0012_step_0274.png","12398","c8efc31e0d12b2c6a32a2b45bf6459ecc7211ec8925b0ede3a2d3744890d6fa0"
"data/vla_bridge/widowx_mujoco_rlds_source_v1/images/episode_0012_step_0366.png","12444","7221cd04b448318d1e370d9487f2e6c1597e6fe9b1e276df478267b72943477b"
"data/vla_bridge/widowx_mujoco_rlds_source_v1/images/episode_0012_step_0457.png","12439","38d5a63536987ba060dd8032e0a7a720b370a060cdc681913f80826da67e7a80"
"data/vla_bridge/widowx_mujoco_rlds_source_v1/images/episode_0012_step_0549.png","12428","6bc26879a2be4275530a30761a595a3fd473b09e083aa0bec7df5d4e0b69c7ba"
"data/vla_bridge/widowx_mujoco_rlds_source_v1/images/episode_0012_step_0641.png","12428","8bb5238d6b1e9b1286b2437baa2cbec5347772f6642284f8f93893e31a723087"
"data/vla_bridge/widowx_mujoco_rlds_source_v1/images/episode_0012_step_0732.png","12505","007f2109d3083eb1a0fb483043cf4ccb5096abc81e5eb06e2aec0add61115c18"
"data/vla_bridge/widowx_mujoco_rlds_source_v1/images/episode_0012_step_0824.png","12414","631633e99c63cdba6af2d2816c54ce48d4c990307fe792c3832132dc7166b2d1"
"data/vla_bridge/widowx_mujoco_rlds_source_v1/images/episode_0012_step_0915.png","12579","0022855e53072b646a31fb498eeb23521d998d3f5ba735502079f23a4b4ced2b"
"data/vla_bridge/widowx_mujoco_rlds_source_v1/images/episode_0012_step_1007.png","12411","785e7b8429bba91d4f6b5dd6ca7b2ffecfb5bd1c4d5c75481f32fee4f7c3da74"
"data/vla_bridge/widowx_mujoco_rlds_source_v1/images/episode_0012_step_1098.png","12503","f3e53d6027546df2cdbaf70bb94c5a167c58991146d19d1c87f1be438d7a5e58"
"data/vla_bridge/widowx_mujoco_rlds_source_v1/images/episode_0012_step_1190.png","12454","03c89512d544897b47da7f5bc9ecfd73a7ee18ffd5856e652f827c525570118d"
"data/vla_bridge/widowx_mujoco_rlds_source_v1/images/episode_0012_step_1282.png","12424","a0abe3ea800559e678148337691ebe3e63945e3d094596f87c0c1d00cdeca47f"
"data/vla_bridge/widowx_mujoco_rlds_source_v1/images/episode_0012_step_1373.png","12384","382cf84eef0193912c693580d4a46d00cd2c210899b8796ea583e02b662e22be"
"data/vla_bridge/widowx_mujoco_rlds_source_v1/images/episode_0012_step_1465.png","12601","ab2c6d76aeaf3412308ee88eb6a7153be229d2f6f7571ca9216f38710d67260b"
"data/vla_bridge/widowx_mujoco_rlds_source_v1/images/episode_0012_step_1556.png","13149","dd0ecf03757744a902f9bd3e60c30138fdbcedbf343f9310a80fdea392a5d4d7"
"data/vla_bridge/widowx_mujoco_rlds_source_v1/images/episode_0012_step_1648.png","13413","90113e079f7c1e1a5f21e841d507d943efa6831c0cabeca481a300917301cd3e"
"data/vla_bridge/widowx_mujoco_rlds_source_v1/images/episode_0012_step_1740.png","13424","e787842348de4168a7af861602364234d6b53ddd92c44b6998034563e05323b1"
"data/vla_bridge/widowx_mujoco_rlds_source_v1/images/episode_0012_step_1831.png","13456","74313e80d4194ac949ed63af00d683fd7b381f916246d1fa807f9dafd478789d"
"data/vla_bridge/widowx_mujoco_rlds_source_v1/images/episode_0012_step_1923.png","13686","824f2c2da82bb887d6afb7395dd17e6d17b266654f3bd00f61d4d5ba088d8cce"
"data/vla_bridge/widowx_mujoco_rlds_source_v1/images/episode_0012_step_2014.png","13640","abe128a41f149fcc9936939adf59166d9b64ffbaf54e3d22c783b9446f37484f"
"data/vla_bridge/widowx_mujoco_rlds_source_v1/images/episode_0012_step_2106.png","13616","98d2260b53e50ea8b308580c9ad9bf4a29ed2401e695cfacd853275b942d82a0"
"data/vla_bridge/widowx_mujoco_rlds_source_v1/images/episode_0012_step_2197.png","13518","8128a76226222c571317b764b955cb7b9f843e5ab037bdc2e9d9fc10c2cf8ecb"
"data/vla_bridge/widowx_mujoco_rlds_source_v1/images/episode_0012_step_2289.png","13510","d49edc8920a38be1904d3500e428c93094d23b7d8deac6d2bceb220fe1aeca27"
"data/vla_bridge/widowx_mujoco_rlds_source_v1/images/episode_0012_step_2381.png","13568","187c4880b2fdf9a9ecf620cd1665750ea46224a98ca7f0a77fcaf709944cfb90"
"data/vla_bridge/widowx_mujoco_rlds_source_v1/images/episode_0012_step_2472.png","13549","9ff56b09eed78031508e1efd40f0c5607c7e92371d06717962fe98560c84c9eb"
"data/vla_bridge/widowx_mujoco_rlds_source_v1/images/episode_0012_step_2564.png","13566","e3956f8b8070377ba45702c770739e2a027d2702b3668d20d2b3ab77f8c6bd51"
"data/vla_bridge/widowx_mujoco_rlds_source_v1/images/episode_0012_step_2655.png","13619","88e14c6a752c5d59a1494ad08c53641e35ad742b21348bb22d193e7896a460ff"
"data/vla_bridge/widowx_mujoco_rlds_source_v1/images/episode_0012_step_2747.png","13607","2cbbc324358d92b1d9b66fd17ba378dea1140a0d4089d9bae58348d108633489"
"data/vla_bridge/widowx_mujoco_rlds_source_v1/images/episode_0012_step_2839.png","13672","c61277a16e9bdf242493e468012984d08295a0f2a521c882691bd5fb60148845"
"data/vla_bridge/widowx_mujoco_rlds_source_v1/images/episode_0013_step_0000.png","11997","d856705d3950268982044bad8fea35493b445c61e41d2f5bd1d7f628a057aa4e"
"data/vla_bridge/widowx_mujoco_rlds_source_v1/images/episode_0013_step_0091.png","12292","6cdebbb78224159e99742bb3e143e987303ec8d2f862b033b13a2e372f7eac16"
"data/vla_bridge/widowx_mujoco_rlds_source_v1/images/episode_0013_step_0183.png","12580","18c7a02aae514fb283f0647e5b9cd4b069f4b5bd2324faf606c097ffe426abb0"
"data/vla_bridge/widowx_mujoco_rlds_source_v1/images/episode_0013_step_0274.png","13153","54ac60f391e527c357a4d4dff480861983750aa30894192e6e7ab300c3c96ed0"
"data/vla_bridge/widowx_mujoco_rlds_source_v1/images/episode_0013_step_0366.png","13098","d1dc732cee39b436e470ee026c945a7dce2d1c00d79e2185d51afe355da1f0bd"
"data/vla_bridge/widowx_mujoco_rlds_source_v1/images/episode_0013_step_0457.png","12916","47b43759e7d3a8946cfa3447815415a79b7fd525481e3d296ec88e8d7a973c90"
"data/vla_bridge/widowx_mujoco_rlds_source_v1/images/episode_0013_step_0549.png","12783","2188d3f2ba882f2e373960de6762378d9e3c4ccf3addcaba9592de37a67ea611"
"data/vla_bridge/widowx_mujoco_rlds_source_v1/images/episode_0013_step_0641.png","12835","6cdb07501d8dc24f1960dc59434674ab19657a8bbd6a21385c6650f707a969e8"
"data/vla_bridge/widowx_mujoco_rlds_source_v1/images/episode_0013_step_0732.png","12856","5753321bd678276fda3a93eac8a31f0c911b2c86abdeb5cc882f3818d57e27da"
"data/vla_bridge/widowx_mujoco_rlds_source_v1/images/episode_0013_step_0824.png","12806","0b104203257d0512b67d1004e0021d31b8eb8447fb8c7a49bac8d9e006f9efb4"
"data/vla_bridge/widowx_mujoco_rlds_source_v1/images/episode_0013_step_0915.png","12942","59d000a44cd61cce0d784a390919be7bc3b3ae653f4d2392b6bfa6c562422da8"
"data/vla_bridge/widowx_mujoco_rlds_source_v1/images/episode_0013_step_1007.png","13184","11b141b03c459668fd7e2b105bf3b7e434cb06d07a098b05b4b02120c6d391b3"
"data/vla_bridge/widowx_mujoco_rlds_source_v1/images/episode_0013_step_1098.png","13239","1270bf0945c41b7414fa3b99f3ccae3e683bb9d115502cb32042e634003cde92"
"data/vla_bridge/widowx_mujoco_rlds_source_v1/images/episode_0013_step_1190.png","13165","33fc474928c95edb5b774058b86cefe5bb23d8f30485e5b41e7641a3923bd639"
"data/vla_bridge/widowx_mujoco_rlds_source_v1/images/episode_0013_step_1282.png","13355","db925024a2e011d372ca14d2b7fdd1ddc48bffa6031142dc98292dd991dbdbd3"
"data/vla_bridge/widowx_mujoco_rlds_source_v1/images/episode_0013_step_1373.png","13393","87bf1fde96c93167121a3fbae5fb07cb3fb7558676b374f4dfffd3395c10db8c"
"data/vla_bridge/widowx_mujoco_rlds_source_v1/images/episode_0013_step_1465.png","13323","0318717763434fe2fa4e5a1bc8d73b3aa5e8c74f76f2d151429e0ba97a16b52e"
"data/vla_bridge/widowx_mujoco_rlds_source_v1/images/episode_0013_step_1556.png","13290","e9db9f7fd0a09763c2f7a86a9c10b09997c8ac46baeb011dd7a158747a9f712a"
"data/vla_bridge/widowx_mujoco_rlds_source_v1/images/episode_0013_step_1648.png","13300","a1bf4515b945d0a8483ba523c462ca7f3d2b41e2df234e87314e0c517a175412"
"data/vla_bridge/widowx_mujoco_rlds_source_v1/images/episode_0013_step_1740.png","13355","cd32b8b5c4c7e61ed7afb6ea6eaee276ec0b788bb0e8b0420fbf44c9a5bf2eba"
"data/vla_bridge/widowx_mujoco_rlds_source_v1/images/episode_0013_step_1831.png","13444","fad59bd8c79c7f9bfadc95ec2cfa6c583d30edbf46cb07d1bf3772445fe70944"
"data/vla_bridge/widowx_mujoco_rlds_source_v1/images/episode_0013_step_1923.png","13614","6fadf7d2250c6d704a1e98a252a537763af4f207616994eb7a34eb0cbd91ece2"
"data/vla_bridge/widowx_mujoco_rlds_source_v1/images/episode_0013_step_2014.png","13565","ed5045dc6a30dcfeed25a53269c81ccdedfd391a7cd1a704e316c62d6c797d9d"
"data/vla_bridge/widowx_mujoco_rlds_source_v1/images/episode_0013_step_2106.png","13650","07913e69229b6b19fdaf2bd3bcaae8a912c4376f33d48487522939b6476abf73"
"data/vla_bridge/widowx_mujoco_rlds_source_v1/images/episode_0013_step_2197.png","13462","b69c916ede95dd56d11489b6ce4060f029dddb3291428b5d0271a8d30aaec3c6"
"data/vla_bridge/widowx_mujoco_rlds_source_v1/images/episode_0013_step_2289.png","13485","03d73599a7bc45c9bd0119213ee71dab507dbc5d891b962c0bfc438de779b9f4"
"data/vla_bridge/widowx_mujoco_rlds_source_v1/images/episode_0013_step_2381.png","13432","0660c02414dee24b414f2590be80ec0713a71e96463e7a3ea793b98a477a6961"
"data/vla_bridge/widowx_mujoco_rlds_source_v1/images/episode_0013_step_2472.png","13446","cbfa34dff94b1166f3bd036bf95070817dee0894d8be3612d3817b65c7b8f3cc"
"data/vla_bridge/widowx_mujoco_rlds_source_v1/images/episode_0013_step_2564.png","13519","6d6bbfcba7b4b9a82ae24dd19a7654aef838c325a33a439be717eb29902118cf"
"data/vla_bridge/widowx_mujoco_rlds_source_v1/images/episode_0013_step_2655.png","13562","d532936eecbc4765f61f9e00c93de0826b45e3984532637284c73c3e997f2c7e"
"data/vla_bridge/widowx_mujoco_rlds_source_v1/images/episode_0013_step_2747.png","13561","9773ac13aa921b7f2b45f0bed004f73611fe25e515f4881358861b12a109d09e"
"data/vla_bridge/widowx_mujoco_rlds_source_v1/images/episode_0013_step_2839.png","13591","ec486d27693c883c7104b5e4839ca3f06bb284cfbef42032cdeccce101654e2a"
"data/vla_bridge/widowx_mujoco_rlds_source_v1/images/episode_0014_step_0000.png","12061","aa8c109dbf3b98887969a11d0179dfbdc6a9005f36399f12c5611ae665df49b7"
"data/vla_bridge/widowx_mujoco_rlds_source_v1/images/episode_0014_step_0091.png","12233","6f9c4d6011acaf9c42d8858575b05eff11f59f1f3561bd7898d8ee3d45963c65"
"data/vla_bridge/widowx_mujoco_rlds_source_v1/images/episode_0014_step_0183.png","12311","31c24cc09cdcb1c247c593407660e718dc1d02346fc40dbde24ace09b121f880"
"data/vla_bridge/widowx_mujoco_rlds_source_v1/images/episode_0014_step_0274.png","12416","727b69b633477bea82012c50aa53758ff7de00ef61d472d8886abd6d6044b52f"
"data/vla_bridge/widowx_mujoco_rlds_source_v1/images/episode_0014_step_0366.png","12298","360fcca4d5c8dc98967a0ef79e64dfb0cb2f19b02be89700bf79939ead03aef8"
"data/vla_bridge/widowx_mujoco_rlds_source_v1/images/episode_0014_step_0457.png","12341","4ec40692df57e49f4b99b55ada39e2978bcccd787cadfe6e7835329c155a0a8d"
"data/vla_bridge/widowx_mujoco_rlds_source_v1/images/episode_0014_step_0549.png","12365","23f5261d9aa302ab36e178ae14f242b0ffcab6ac8e527632c9f1be27ab52f548"
"data/vla_bridge/widowx_mujoco_rlds_source_v1/images/episode_0014_step_0641.png","12357","0062603cf83f8dff1678314226d9441523c2fa3fcd95a6d2c725c18c2f025c52"
"data/vla_bridge/widowx_mujoco_rlds_source_v1/images/episode_0014_step_0732.png","12423","3bd0ff9f1669394e0635f84e5bbf383c5ece29d1c35957ef0c24b006330a923a"
"data/vla_bridge/widowx_mujoco_rlds_source_v1/images/episode_0014_step_0824.png","12302","915fa5b0371624ca6d47a761a34e09703e0560de879e9dcf7437b07c7c9c942f"
"data/vla_bridge/widowx_mujoco_rlds_source_v1/images/episode_0014_step_0915.png","12243","581b8c1e6105bb7105cf579066c78d4ebeb67cc80ebe08a130427d31c649ebb9"
"data/vla_bridge/widowx_mujoco_rlds_source_v1/images/episode_0014_step_1007.png","12273","ff2745a4c137d20cf5489682d43b8b7c1797fe5a693d404dd1ade111fc99c978"
"data/vla_bridge/widowx_mujoco_rlds_source_v1/images/episode_0014_step_1098.png","12307","d4a58efa4efddffc7b08da5a560f8674bfcc55d9a6e5e8bb9b4a6da6ac1be64c"
"data/vla_bridge/widowx_mujoco_rlds_source_v1/images/episode_0014_step_1190.png","12451","945127a93380c8a3c318201de7986a8a5400985a5c735b31409e24f539df8977"
"data/vla_bridge/widowx_mujoco_rlds_source_v1/images/episode_0014_step_1282.png","12479","5552975e11cb2ebeeb44b1619dcb169ee630af138a3547e124df5660d4ffaa63"
"data/vla_bridge/widowx_mujoco_rlds_source_v1/images/episode_0014_step_1373.png","12649","26c5997b36f3b8eed4b9ea7d99f11eadbdeb1f49218caad74fed11b78163d7df"
"data/vla_bridge/widowx_mujoco_rlds_source_v1/images/episode_0014_step_1465.png","12762","832cf311d7ad8ac4d6a183f41271d25e80fb0808e768a70a1f67ff320ee848ff"
"data/vla_bridge/widowx_mujoco_rlds_source_v1/images/episode_0014_step_1556.png","13101","a7dac5fd9e624c8230e46f686e0bd7205a8f80e131c4a33224fbf200536e923e"
"data/vla_bridge/widowx_mujoco_rlds_source_v1/images/episode_0014_step_1648.png","13413","afb31b4b215c0d4ce998a55424da9157b8f85667d1c93fae5d1b70710ff1a418"
"data/vla_bridge/widowx_mujoco_rlds_source_v1/images/episode_0014_step_1740.png","13760","5c515ef4cd04434e4bb46200ad22a076c0cfbe2092d24610e9853dbc06df69e0"
"data/vla_bridge/widowx_mujoco_rlds_source_v1/images/episode_0014_step_1831.png","13603","7a107c04cd63ee8dbcc6371d704d7246b404e64598c98e57980cb3adf42d0dde"
"data/vla_bridge/widowx_mujoco_rlds_source_v1/images/episode_0014_step_1923.png","13743","df3985e6baa4e5bdff2beffe34527f380146d9f07c953186732390477222289d"
"data/vla_bridge/widowx_mujoco_rlds_source_v1/images/episode_0014_step_2014.png","13677","119f88bf8c168a5f96c5ca8988d733e3cca77c26a394fe03e043f78b489bffec"
"data/vla_bridge/widowx_mujoco_rlds_source_v1/images/episode_0014_step_2106.png","13610","2cb6a4971aac7dde7fb568ffc08c2466529d5ecc337b2f14e5506180d5c66fbb"
"data/vla_bridge/widowx_mujoco_rlds_source_v1/images/episode_0014_step_2197.png","13712","cbe654ca6f7655825135dcc6bbbbe727e62e203e68958a92a26c952b772b6ef0"
"data/vla_bridge/widowx_mujoco_rlds_source_v1/images/episode_0014_step_2289.png","13681","9953eec5be360cc145df6356997f35aa4ceb717df27a915d347cb74deb555ea6"
"data/vla_bridge/widowx_mujoco_rlds_source_v1/images/episode_0014_step_2381.png","13652","9233ca9069203b60f4d12a518fee63064db9b02922289017ff2d0bc730097c38"
"data/vla_bridge/widowx_mujoco_rlds_source_v1/images/episode_0014_step_2472.png","13706","74397ee3bd1fc120c84b63a0bd8fc98fb38141f705a69292105298bcd5b8d706"
"data/vla_bridge/widowx_mujoco_rlds_source_v1/images/episode_0014_step_2564.png","13730","88647ecdaba2bced211a70c46cc6ce52371879d5dc531f3aea616291d864d468"
"data/vla_bridge/widowx_mujoco_rlds_source_v1/images/episode_0014_step_2655.png","13721","60e24fa04a92f4600d55ec88f69f0d163b27b42a17fc62534c0398b2c6f3a0d0"
"data/vla_bridge/widowx_mujoco_rlds_source_v1/images/episode_0014_step_2747.png","13785","00ba38fbe14b5bd6091c845e8a8be8ee2b99022e0727e8c1f651879b7a1cf3de"
"data/vla_bridge/widowx_mujoco_rlds_source_v1/images/episode_0014_step_2839.png","13792","40b554793b3c553c3f04f8fccaf978e1c262be2d4e2e6ddce858eda69c9cd155"
"data/vla_bridge/widowx_mujoco_rlds_source_v1/images/episode_0015_step_0000.png","12017","9d906a483ac0aca0be03e95116e00bd013aff2da6e9385f11c5598a640d18a4c"
"data/vla_bridge/widowx_mujoco_rlds_source_v1/images/episode_0015_step_0091.png","12180","f24d8c4239e8be86761bff77aecdfb28a5f4b357f23921c5b21c70f6b20dc169"
"data/vla_bridge/widowx_mujoco_rlds_source_v1/images/episode_0015_step_0183.png","12234","6b8ec084558e6ca932cda8dde9ff2012f615eae29b2863e508122896991d6bb5"
"data/vla_bridge/widowx_mujoco_rlds_source_v1/images/episode_0015_step_0274.png","12235","4c57e879f0ffc5a285d41728022a7e919e5aa8889aa6b14add4d3b6e5dcc9cc2"
"data/vla_bridge/widowx_mujoco_rlds_source_v1/images/episode_0015_step_0366.png","12199","5e01eeea16f557600e85463f188f18142510cd7b11ae45da3a0f54dc7ad98594"
"data/vla_bridge/widowx_mujoco_rlds_source_v1/images/episode_0015_step_0457.png","12297","4b82c50f59a94b185a40a748d21247687408fdcdbdf36ae5ca377944fc236154"
"data/vla_bridge/widowx_mujoco_rlds_source_v1/images/episode_0015_step_0549.png","12326","310f53745fa45eccc8fea40f877dd97e35e66e23dc8efd38a54ab86eb1d24670"
"data/vla_bridge/widowx_mujoco_rlds_source_v1/images/episode_0015_step_0641.png","12265","d5ab3ad05096630190530844e9a37649156686bb28820da09493bf4d709bb99e"
"data/vla_bridge/widowx_mujoco_rlds_source_v1/images/episode_0015_step_0732.png","12286","f59fbfcd5332649e77fab94ac867b34e93c19a16ecd01de3a69a3b6cfd93ac73"
"data/vla_bridge/widowx_mujoco_rlds_source_v1/images/episode_0015_step_0824.png","12201","8c6724f5dbed0f37bfcd2fe8e2f3279735966aa020e26bf9d36e712489b85d03"
"data/vla_bridge/widowx_mujoco_rlds_source_v1/images/episode_0015_step_0915.png","12203","75f958424b7136a80b3666c9659ec127f8b2e202a2897a48e6ea9c291b4a0701"
"data/vla_bridge/widowx_mujoco_rlds_source_v1/images/episode_0015_step_1007.png","12251","25efc9cb8a15de1f8b44fc03d2da624c255d7adb4c0e70aa7700c1f4e0012108"
"data/vla_bridge/widowx_mujoco_rlds_source_v1/images/episode_0015_step_1098.png","12202","0241c932c68154945290dbd8320c28b39f1a0f07ce6c48c1e852dde3e0b35766"
"data/vla_bridge/widowx_mujoco_rlds_source_v1/images/episode_0015_step_1190.png","12226","cb6382401c8336e62cab7b893ecc9d9ae0cdc0a19e5987116b9231111b7d5efc"
"data/vla_bridge/widowx_mujoco_rlds_source_v1/images/episode_0015_step_1282.png","12343","373e000cf85c2039aee93a54ce0961b7877bc0dd94e58a780d5c1589b55e08d5"
"data/vla_bridge/widowx_mujoco_rlds_source_v1/images/episode_0015_step_1373.png","12490","5567d0b5695a0e5adcaa4cbb03741d2c5e0a156b741c0f1a6e0cadeaef0c40ae"
"data/vla_bridge/widowx_mujoco_rlds_source_v1/images/episode_0015_step_1465.png","12700","be0db1ace1ba29a289f5b43ec295deeff6adaf107add872b90156b7095635527"
"data/vla_bridge/widowx_mujoco_rlds_source_v1/images/episode_0015_step_1556.png","12961","57ad4490d418f98704374b6f7ec9bc2fa3c14ba0c365112b1455578da266a012"
"data/vla_bridge/widowx_mujoco_rlds_source_v1/images/episode_0015_step_1648.png","13238","d50c729011dfed5c0873339e6aa351dcf4144afb20c56a314e41930f82fad677"
"data/vla_bridge/widowx_mujoco_rlds_source_v1/images/episode_0015_step_1740.png","13487","7bf79949cd938750223e27d7e854999e57f26bd78920941c0849fee8a6f2a914"
"data/vla_bridge/widowx_mujoco_rlds_source_v1/images/episode_0015_step_1831.png","13612","09ca757ade5f44f76691282c47c267d5388712cbb81bd27af7238834ed733d25"
"data/vla_bridge/widowx_mujoco_rlds_source_v1/images/episode_0015_step_1923.png","13725","9f91bd36648229a87c48eef1ed4696de9ee7602efd7fa22d61c31b3dc4575af8"
"data/vla_bridge/widowx_mujoco_rlds_source_v1/images/episode_0015_step_2014.png","13733","c303ba3c6d9a7f5f8f5a30a6f391a6bba930512c259e84f45fd94fa71556e97c"
"data/vla_bridge/widowx_mujoco_rlds_source_v1/images/episode_0015_step_2106.png","13636","e19f7431e6cc343f8457347ac47255bb67daafb3c50aeac8ba711c3b20c3b7ee"
"data/vla_bridge/widowx_mujoco_rlds_source_v1/images/episode_0015_step_2197.png","13666","c9c021ce33d3183e863bd2a44bdbf8e5d26af684705164ab1a71d99df6a15849"
"data/vla_bridge/widowx_mujoco_rlds_source_v1/images/episode_0015_step_2289.png","13666","3acc0609fd1b2c974146629f646bb58d33b4332655f39cfff9d18d285994bd62"
"data/vla_bridge/widowx_mujoco_rlds_source_v1/images/episode_0015_step_2381.png","13622","8e316a1c48c2464a509188bbcd9953a137ed8895a63939871ee536d9302f05cd"
"data/vla_bridge/widowx_mujoco_rlds_source_v1/images/episode_0015_step_2472.png","13630","ebe9e41f06f1f1a07d9f1ffac8ebd9502a2a3a6ab364a98c224f18b297c74bad"
"data/vla_bridge/widowx_mujoco_rlds_source_v1/images/episode_0015_step_2564.png","13723","6ccc5328ee0a761d72d0fff6ab8fa20fa011adec214132ccb0ac7feaa3edeee5"
"data/vla_bridge/widowx_mujoco_rlds_source_v1/images/episode_0015_step_2655.png","13677","eaa51c2052699615630536fe5fe0d9462b8167301c0013ad447f126db467f683"
"data/vla_bridge/widowx_mujoco_rlds_source_v1/images/episode_0015_step_2747.png","13655","9b581fbde56ff26f3b7b2e901e45331f97b94190bd392a1e1a5818a9228c4995"
"data/vla_bridge/widowx_mujoco_rlds_source_v1/images/episode_0015_step_2839.png","13768","79821696575e7056b611cad0db0bbe9e70366f72545dc5b5903c01b0c1f2a73d"
"data/vla_bridge/widowx_mujoco_rlds_source_v1/images/episode_0016_step_0000.png","12088","2918060ec117e747184a783740a335639e569aa418a4314219c4032e97f8255c"
"data/vla_bridge/widowx_mujoco_rlds_source_v1/images/episode_0016_step_0091.png","12251","70a474bbbf085eb602abe64ebe00f5e68713314d2fd017b818883e67251e96b6"
"data/vla_bridge/widowx_mujoco_rlds_source_v1/images/episode_0016_step_0183.png","12468","90034c12f46a854c005044c8d9dafd2663937712ef8821e1c06fcce00ef1ffed"
"data/vla_bridge/widowx_mujoco_rlds_source_v1/images/episode_0016_step_0274.png","12443","7fef8a6275ee7bf4204ddfb8457bfe53ed639ca0b3d1a1ac99b3f13d1ea21484"
"data/vla_bridge/widowx_mujoco_rlds_source_v1/images/episode_0016_step_0366.png","12297","53dc4b33bec2fc8ca71f9945fb53e7276f31b196c604cbc33039ef02a9333098"
"data/vla_bridge/widowx_mujoco_rlds_source_v1/images/episode_0016_step_0457.png","12331","4a58ce118fc2dfb027ba77d70012da31126e851e632f0e1e6c8f02e5f529f112"
"data/vla_bridge/widowx_mujoco_rlds_source_v1/images/episode_0016_step_0549.png","12403","38518e42820fd6b26e29c9407f8a9818ffc26b4551d3fb7b723c38264d7f535e"
"data/vla_bridge/widowx_mujoco_rlds_source_v1/images/episode_0016_step_0641.png","12354","190dbbfb5c891e8d617504bd47ca8105ad01eb06d8f4ea7c3d807e1ccd52ca16"
"data/vla_bridge/widowx_mujoco_rlds_source_v1/images/episode_0016_step_0732.png","12362","6ea5e61523e5603a57397efc5612693c4833d3042697877aa4af565b52f24126"
"data/vla_bridge/widowx_mujoco_rlds_source_v1/images/episode_0016_step_0824.png","12393","8fabb748fcf9a252f35e69df37d96945873e80507bc3dface0a1b4db29a61c39"
"data/vla_bridge/widowx_mujoco_rlds_source_v1/images/episode_0016_step_0915.png","12308","79a67fa9d78ad120165486c381f362648367d6f5110543161093a7d260cff8cf"
"data/vla_bridge/widowx_mujoco_rlds_source_v1/images/episode_0016_step_1007.png","12330","71d3a400a3bb29e93e8ef2f2d37bfb368add9d16e5a6f8adc875343ca92274dd"
"data/vla_bridge/widowx_mujoco_rlds_source_v1/images/episode_0016_step_1098.png","12518","1d5b6e1d7d0d804db7053480104ce9853789fd148cb86f50f474968243cf8647"
"data/vla_bridge/widowx_mujoco_rlds_source_v1/images/episode_0016_step_1190.png","12638","80d9223dcc14dcd4f83a7ebfc0304942491b7ab7533af4d66c20e53517c4e1a2"
"data/vla_bridge/widowx_mujoco_rlds_source_v1/images/episode_0016_step_1282.png","12705","8611278fd39059384ccc01b4c176f5ff1908f493005cbd064d9216d68e7994ae"
"data/vla_bridge/widowx_mujoco_rlds_source_v1/images/episode_0016_step_1373.png","12760","eb2d92cc6f8122c02d7719beef72588089cc09f467de73562fe729ee1a09e20a"
"data/vla_bridge/widowx_mujoco_rlds_source_v1/images/episode_0016_step_1465.png","12833","f0c9e7338db9d615dec7ad5848de111a8f0bc72926c91ec07a312b1a41fb4d64"
"data/vla_bridge/widowx_mujoco_rlds_source_v1/images/episode_0016_step_1556.png","12974","5863ef31bb7958bb3b9b61b86c97fe7a163c47d0bfed3b69ffbac9e93208200e"
"data/vla_bridge/widowx_mujoco_rlds_source_v1/images/episode_0016_step_1648.png","13389","46eb68b33ba78c9a4d19946bf0c5e7a4fb29f08e9a311dd06ee3c32ce6166365"
"data/vla_bridge/widowx_mujoco_rlds_source_v1/images/episode_0016_step_1740.png","13675","ce9ac7e7b64749514572e8f070c166bcc2bd827737408324c53e474cb9bae7ad"
"data/vla_bridge/widowx_mujoco_rlds_source_v1/images/episode_0016_step_1831.png","13568","9cd667af470fafb299ca0bfe7821108996259bb62ffba74bf395e818a86f77a4"
"data/vla_bridge/widowx_mujoco_rlds_source_v1/images/episode_0016_step_1923.png","13603","54c8ca4f3f2cd84d96c0354677231e4ee7af9774d8f64cc3254754aff4ecb1ec"
"data/vla_bridge/widowx_mujoco_rlds_source_v1/images/episode_0016_step_2014.png","13681","cd24a1711accd3965deb383713366275639f73593a50a8f8135fbfdbf8f697f1"
"data/vla_bridge/widowx_mujoco_rlds_source_v1/images/episode_0016_step_2106.png","13736","9f33e05e359bf093ed19d2e357693ac2b8e09158d688579cd7fcb5c4d869ca4d"
"data/vla_bridge/widowx_mujoco_rlds_source_v1/images/episode_0016_step_2197.png","13563","f71ef532469018125f682509cc08bef1ed37cba585946fad8213c38bfeabd0fa"
"data/vla_bridge/widowx_mujoco_rlds_source_v1/images/episode_0016_step_2289.png","13541","bbcadbd339e3f28b70b9527ca8c4dc8b0b2067814abc661d795bb3877716c6a6"
"data/vla_bridge/widowx_mujoco_rlds_source_v1/images/episode_0016_step_2381.png","13574","990a464104d47d0e02ea3af009731842204a7cecc843d13b991d456764868e2d"
"data/vla_bridge/widowx_mujoco_rlds_source_v1/images/episode_0016_step_2472.png","13619","bc29f9c9a02cc454e832818f1689289094a873c9db206c36b5204b5d34e38510"
"data/vla_bridge/widowx_mujoco_rlds_source_v1/images/episode_0016_step_2564.png","13727","28a673e326952839e16cdd50b206aca878c57eb79edda4932d79379e0731be7a"
"data/vla_bridge/widowx_mujoco_rlds_source_v1/images/episode_0016_step_2655.png","13628","1b0cf5ee6ccbea0da122bf14036ee7e261538521fab0a98642223b111278197f"
"data/vla_bridge/widowx_mujoco_rlds_source_v1/images/episode_0016_step_2747.png","13648","55be0b9327d685d82f3c673581c799b423b055c5b034ab30afcbf82fc98048cc"
"data/vla_bridge/widowx_mujoco_rlds_source_v1/images/episode_0016_step_2839.png","13744","6441c7795ee1576a53a19e7afd0fbd05497a0ae093b8a9293202147b14de5df2"
"data/vla_bridge/widowx_mujoco_rlds_source_v1/images/episode_0017_step_0000.png","11979","ad675238680259530a9706399969216e1ad682ceb1c965f71c5cd6b62fd3c398"
"data/vla_bridge/widowx_mujoco_rlds_source_v1/images/episode_0017_step_0091.png","12250","4f41d6f8da56fb58c8c4e6ea864bd5144c60058e23b3b1edf031ccf82a9d9039"
"data/vla_bridge/widowx_mujoco_rlds_source_v1/images/episode_0017_step_0183.png","12324","debb7af0dbbd03e0560caf3994f745f5ffd40bcc01c9e639c39a93286ec35fbc"
"data/vla_bridge/widowx_mujoco_rlds_source_v1/images/episode_0017_step_0274.png","12778","9fedea20443f16fdeb5015fc4d4b6529612fdccd6acadddd5b5c70f4e7efe254"
"data/vla_bridge/widowx_mujoco_rlds_source_v1/images/episode_0017_step_0366.png","13101","85fbb70cdd878cec2bd35dc9529da0bdb90146a48b66208c1644f88f3f17afe0"
"data/vla_bridge/widowx_mujoco_rlds_source_v1/images/episode_0017_step_0457.png","13071","23865642a6ebbd78ec2878a16f8dbe6bf1a6c410cf1e3b9265db8775b6f6c9f0"
"data/vla_bridge/widowx_mujoco_rlds_source_v1/images/episode_0017_step_0549.png","13081","26174ea4595ce38e9ee6dd41194e1fe2acc9509f33c4cea3ecb2d2c3db4ce48c"
"data/vla_bridge/widowx_mujoco_rlds_source_v1/images/episode_0017_step_0641.png","13101","dae8e0f36bfffb4e04c81b06463d0c58b1ec152ed733bc101e341fcf507a2629"
"data/vla_bridge/widowx_mujoco_rlds_source_v1/images/episode_0017_step_0732.png","13127","ad94b47ea9376b294fcead5f10b78214df37176e9419d3a99c39a5937b4de96a"
"data/vla_bridge/widowx_mujoco_rlds_source_v1/images/episode_0017_step_0824.png","13091","c7a86a349030a375e2a98efd3671ccccbcbbd060ca9806ac8a689c3e288efa5c"
"data/vla_bridge/widowx_mujoco_rlds_source_v1/images/episode_0017_step_0915.png","13135","e356c9c79f2ef7c6e83b3bbd2de79a4407c613fa53556968147d81452089024a"
"data/vla_bridge/widowx_mujoco_rlds_source_v1/images/episode_0017_step_1007.png","13035","791619ce5a98098c9f17c1ab022bf6dae653fdcae5a80e25664d80291e793e91"
"data/vla_bridge/widowx_mujoco_rlds_source_v1/images/episode_0017_step_1098.png","12999","3ffee8a3572f13352b544ccb1d19d34fbf7a112d5ba3533e41460de603a6a002"
"data/vla_bridge/widowx_mujoco_rlds_source_v1/images/episode_0017_step_1190.png","12783","bbc2d41ee71eaf5cdd863b76711f7fda7b2f4751e305796d897c6c7aad61f468"
"data/vla_bridge/widowx_mujoco_rlds_source_v1/images/episode_0017_step_1282.png","12961","9a6b8fa1463d039e69a62cce711252246cfcecc056f57e41d9a7e1f0677de669"
"data/vla_bridge/widowx_mujoco_rlds_source_v1/images/episode_0017_step_1373.png","13203","f3d87f0985326aa74fb7786bd2b3fd3e781072023254f2001e059ca41f4b9db9"
"data/vla_bridge/widowx_mujoco_rlds_source_v1/images/episode_0017_step_1465.png","13338","430a1c36602ad2b39e2d3a7a73f1ba2d053c1b5804879295d5042ff530f2375b"
"data/vla_bridge/widowx_mujoco_rlds_source_v1/images/episode_0017_step_1556.png","13395","59f250646c88c29085250347f3f7809b04f396a530ab6b5dbbb47dd5b5de2fb2"
"data/vla_bridge/widowx_mujoco_rlds_source_v1/images/episode_0017_step_1648.png","13466","05f2ea77d71a58e65fd7b254a5ab33dc53a9653f35d525efe883b59c45066b97"
"data/vla_bridge/widowx_mujoco_rlds_source_v1/images/episode_0017_step_1740.png","13637","149be5a89663ad91ee1cccf81f492b77167df35ce28c2f538fa4ff7702363a35"
"data/vla_bridge/widowx_mujoco_rlds_source_v1/images/episode_0017_step_1831.png","13413","691cd450d75728de29fcb0e067f48b8aaff18f052740080cf0923ee7c0adda0b"
"data/vla_bridge/widowx_mujoco_rlds_source_v1/images/episode_0017_step_1923.png","13687","a6eeeb52c9ff3369d159429cd64be7421db16a48c4c1ff71c2f7cf2ff3564fb5"
"data/vla_bridge/widowx_mujoco_rlds_source_v1/images/episode_0017_step_2014.png","13630","dcc5a01457c86be40551b300bcda360382824f2e8c09a1ccf149fa5e970a107d"
"data/vla_bridge/widowx_mujoco_rlds_source_v1/images/episode_0017_step_2106.png","13569","cc379dfca8297c9f67c52092e712112e354222e9202728a188ac7f6f1a8883bf"
"data/vla_bridge/widowx_mujoco_rlds_source_v1/images/episode_0017_step_2197.png","13498","54c3d7529056df1e0b9ee01aec62eaaa1d67e033ac9b5d3e200baa63a981d58a"
"data/vla_bridge/widowx_mujoco_rlds_source_v1/images/episode_0017_step_2289.png","13605","c159095c8d1cbcb820a389f24225204e8c9257a2565eafd2146a27b4a366de63"
"data/vla_bridge/widowx_mujoco_rlds_source_v1/images/episode_0017_step_2381.png","13570","8c4aee4cdec1f6542806cd35a182f5f5c97a15d3eae8185fd7a9eaa6ecf884fb"
"data/vla_bridge/widowx_mujoco_rlds_source_v1/images/episode_0017_step_2472.png","13485","35159bd694ac8db963356cd850db32d5f2436235053851b7419b6d99d59e055f"
"data/vla_bridge/widowx_mujoco_rlds_source_v1/images/episode_0017_step_2564.png","13599","4864a16e865cf8a5d8af7a926ae8f2221e5816fb555afdacc90d2a6b5c1bc5e2"
"data/vla_bridge/widowx_mujoco_rlds_source_v1/images/episode_0017_step_2655.png","13663","da9fe5317360d03d0498a25ae2a71c64fe3de6948ccd557af31afd97bae3e1bf"
"data/vla_bridge/widowx_mujoco_rlds_source_v1/images/episode_0017_step_2747.png","13621","bedffe5417e6c79ba583e219e2d1f943372a6b93109bb470ee9a26c7360981a4"
"data/vla_bridge/widowx_mujoco_rlds_source_v1/images/episode_0017_step_2839.png","13667","6c87467633f5c028c3cdd4c0b3af58e78fdc2ac998f2da85c3fcf4823ee3d1b4"
"data/vla_bridge/widowx_mujoco_rlds_source_v1/images/episode_0018_step_0000.png","11937","ca97ff49266b7927a0a485cd31b690da0937828132023e7da23bbbc1a5830ff6"
"data/vla_bridge/widowx_mujoco_rlds_source_v1/images/episode_0018_step_0091.png","12149","4153c70fe79b106c9948972e48b28a674be57adb5f57b96ea3d8342b6128b00c"
"data/vla_bridge/widowx_mujoco_rlds_source_v1/images/episode_0018_step_0183.png","12307","3502d271e04ffc688cbfc9c2b8273095d8d53d47f7f1903dfea7718d979531d1"
"data/vla_bridge/widowx_mujoco_rlds_source_v1/images/episode_0018_step_0274.png","12667","5fb0027f5406c98417aa249a32b6a21570cb84f40c863815000e947f4a9126c3"
"data/vla_bridge/widowx_mujoco_rlds_source_v1/images/episode_0018_step_0366.png","12735","fe15ffc82e89726b308047fb17f9c357414162f4d792977a0a33ee23a8838bc1"
"data/vla_bridge/widowx_mujoco_rlds_source_v1/images/episode_0018_step_0457.png","12956","2e1b2f92768ffb33fedcc59c07d57f822d725f70c327377f44b20f60ea7df63a"
"data/vla_bridge/widowx_mujoco_rlds_source_v1/images/episode_0018_step_0549.png","12929","3f33325098974f5a350e39ff3b7e85ed33d5fdf6cf81c175baf7c4829998aec2"
"data/vla_bridge/widowx_mujoco_rlds_source_v1/images/episode_0018_step_0641.png","12928","8cbf01854086928f21aea454c72ad6fff98f988b97eef957949d821d1ee35f34"
"data/vla_bridge/widowx_mujoco_rlds_source_v1/images/episode_0018_step_0732.png","12900","d1334d6e2b0dc7faee9c77ae9cfc9c1d5bb3bf6a6e254df30a0e706234dfb607"
"data/vla_bridge/widowx_mujoco_rlds_source_v1/images/episode_0018_step_0824.png","12890","5905d168040fda77aafe3e7dfb587261957f03dc2ba8f7edb3cb4436b861596f"
"data/vla_bridge/widowx_mujoco_rlds_source_v1/images/episode_0018_step_0915.png","12895","75c092b4c182a1e66c0124e42714c836482dbf6d8620eed77d6f7d539ce6694c"
"data/vla_bridge/widowx_mujoco_rlds_source_v1/images/episode_0018_step_1007.png","12636","7e60e2a57fae0889627e9900ddb9b7c7f0a4309e0f5dccc1c0363645bc819526"
"data/vla_bridge/widowx_mujoco_rlds_source_v1/images/episode_0018_step_1098.png","12803","fe269599b0cc2b8bf618d54612ced46f83ad3f45f3199f05b81ac6fdd4437fc4"
"data/vla_bridge/widowx_mujoco_rlds_source_v1/images/episode_0018_step_1190.png","12451","9d3c02040965e6a5d0523f3e3ba07930de144307f87ba612ee5c19d08f9abdc7"
"data/vla_bridge/widowx_mujoco_rlds_source_v1/images/episode_0018_step_1282.png","12809","f9f7b493067e9011069297c02707f4ff57831e9b2f0e55c049c4f52b91ca5e0b"
"data/vla_bridge/widowx_mujoco_rlds_source_v1/images/episode_0018_step_1373.png","13053","0748c1b1468e19d6a5c95530fb5208a799794f0fb2954c06ad914064e82e70aa"
"data/vla_bridge/widowx_mujoco_rlds_source_v1/images/episode_0018_step_1465.png","13299","f0ede61e7fb6d231cff5d8fb65b7194b25acb28402929525b588d6e39f1abe2f"
"data/vla_bridge/widowx_mujoco_rlds_source_v1/images/episode_0018_step_1556.png","13336","3e49ec27ee1318e79cdbf2e50f2533302b497cfec34b5af9030a463ebd5da79e"
"data/vla_bridge/widowx_mujoco_rlds_source_v1/images/episode_0018_step_1648.png","13371","0dfebadf5a074cc1d00329976cdf1469c0bfe8eccf106ad921e7023bb54dfefd"
"data/vla_bridge/widowx_mujoco_rlds_source_v1/images/episode_0018_step_1740.png","13410","fe5ce0d1c7fc19e4c6f49a047a8d6c63dd860d2453f784d130b39b651aca7dbc"
"data/vla_bridge/widowx_mujoco_rlds_source_v1/images/episode_0018_step_1831.png","13390","91d385ef83319d44376e57dbd215a0ca08d0410bedd6bf388e84bf117651f484"
"data/vla_bridge/widowx_mujoco_rlds_source_v1/images/episode_0018_step_1923.png","13636","7704c684992041d8a7af4dd750fc70caf6ac4a2d05d30ddd974fa2d3a22f8e94"
"data/vla_bridge/widowx_mujoco_rlds_source_v1/images/episode_0018_step_2014.png","13625","b3e1eb1dd0828565420f320e4ffc657698f729ad09eaa6601c44374f92d568ef"
"data/vla_bridge/widowx_mujoco_rlds_source_v1/images/episode_0018_step_2106.png","13526","3188c64ecf55b8dff23e72dde94e832a93d1fd5c9c3deb0e1d5fe546379b109e"
"data/vla_bridge/widowx_mujoco_rlds_source_v1/images/episode_0018_step_2197.png","13500","b64955435b29dfa65f05811c01aaef17dfc5fad7980807cbd85094f732e0bf27"
"data/vla_bridge/widowx_mujoco_rlds_source_v1/images/episode_0018_step_2289.png","13446","8fc9bb91c95b26bfc9e01224bb96a79400674d35d23f173577396912c3b4f828"
"data/vla_bridge/widowx_mujoco_rlds_source_v1/images/episode_0018_step_2381.png","13540","2442fffcdadcfef96276a1b3bba83cfaea98727693f4b499d74e233ade5130bb"
"data/vla_bridge/widowx_mujoco_rlds_source_v1/images/episode_0018_step_2472.png","13495","a4b96f7b217c80162771d5dd6f7cb1c71193295f59dd3c8bb761e8a443340507"
"data/vla_bridge/widowx_mujoco_rlds_source_v1/images/episode_0018_step_2564.png","13482","5cad3d9a6143b1122b79a72c36a83f3330addc7612ce2a5bd2714aca1cfdc7a8"
"data/vla_bridge/widowx_mujoco_rlds_source_v1/images/episode_0018_step_2655.png","13554","2a4c3e02e480ce1c699c758a3a0b8ad5b08680e01b73dc4060293aee736ae5f4"
"data/vla_bridge/widowx_mujoco_rlds_source_v1/images/episode_0018_step_2747.png","13423","31b3436d31952e6ca333acfbb05dce44ca0711871fa4df3557b482295c2ad154"
"data/vla_bridge/widowx_mujoco_rlds_source_v1/images/episode_0018_step_2839.png","13544","93112c2b4405cb171d7db1bcd4536fe752cf7b41cf3629ba1ae04992a6c68f50"
"data/vla_bridge/widowx_mujoco_rlds_source_v1/images/episode_0019_step_0000.png","12046","4320d3806c4dc7be4d777f94ed647e158e1f66cf365afaf2c49a797a33fc62cb"
"data/vla_bridge/widowx_mujoco_rlds_source_v1/images/episode_0019_step_0091.png","12270","4bd9698dd38575f10602b4c31d8b718bea9e28f04ae529d022dd105bc25247bb"
"data/vla_bridge/widowx_mujoco_rlds_source_v1/images/episode_0019_step_0183.png","12455","0a9e28b5d98770bcea4a1cb715ac453585334c42dc8eb48a98f73ef0a4ee9c9b"
"data/vla_bridge/widowx_mujoco_rlds_source_v1/images/episode_0019_step_0274.png","12481","b55a77315bac805f0054c903161f9ccf6941ebfdf4cc819e4b81add88734f2bd"
"data/vla_bridge/widowx_mujoco_rlds_source_v1/images/episode_0019_step_0366.png","12652","b4ed3a26b20d1522f2e45e1f43b5e4b311722fa76270e88afac949dda1af636f"
"data/vla_bridge/widowx_mujoco_rlds_source_v1/images/episode_0019_step_0457.png","12666","c3a2e42a642d92b41dda6320065bfc0e996f825b70e5a3c285c5b15d236e5336"
"data/vla_bridge/widowx_mujoco_rlds_source_v1/images/episode_0019_step_0549.png","12793","4d24ce8467cffb8f21fe22fc5f649f1c944dd4ea6ab5d75e89c922586f3518f8"
"data/vla_bridge/widowx_mujoco_rlds_source_v1/images/episode_0019_step_0641.png","12756","51457756ae9e6d98063baf5b25e1fc8fd4e1c115fbe96c301cca8fb87b88093b"
"data/vla_bridge/widowx_mujoco_rlds_source_v1/images/episode_0019_step_0732.png","12812","e26cfe79b6f7f4eb09e9e629ed5c861e9af68513020bf698498b71555c0f692a"
"data/vla_bridge/widowx_mujoco_rlds_source_v1/images/episode_0019_step_0824.png","12732","f1f91fc29ad11edf9efd474bb044e9655629a8476125174fe9ddadd6448e27e7"
"data/vla_bridge/widowx_mujoco_rlds_source_v1/images/episode_0019_step_0915.png","12678","ed5c773756351dc56f435be300c84a26dea2cf94e2bcebf39775cb5ae1dcd70e"
"data/vla_bridge/widowx_mujoco_rlds_source_v1/images/episode_0019_step_1007.png","12559","e65cdbfad675ae7da3ceb8b5ec735e1de21e5c3803c2e92dd9c7dbfdb4cf23c5"
"data/vla_bridge/widowx_mujoco_rlds_source_v1/images/episode_0019_step_1098.png","12437","17cf7b967b0cc2fe490191ba2f2cbfc827adc118d88327f1ec164310eb446555"
"data/vla_bridge/widowx_mujoco_rlds_source_v1/images/episode_0019_step_1190.png","12477","6f4dfb721bcb9a249e55135a215cfe72b68331b366f760c1375e3ca28103069f"
"data/vla_bridge/widowx_mujoco_rlds_source_v1/images/episode_0019_step_1282.png","12625","80ef979da6c2445b73a59f24a473c755ba240f9dedbe1d0a7a62d86a238b7cce"
"data/vla_bridge/widowx_mujoco_rlds_source_v1/images/episode_0019_step_1373.png","12886","ff42a50e50e10d248df705c5066ed7f199a790328deae3f703058e61af2aecf9"
"data/vla_bridge/widowx_mujoco_rlds_source_v1/images/episode_0019_step_1465.png","13082","22b074257c6c025ae71a0060e87bd528242536558f79dca598a35c83a2f0f206"
"data/vla_bridge/widowx_mujoco_rlds_source_v1/images/episode_0019_step_1556.png","13325","63c2b6e982ee948812e41007e3d69697a75610e8fc490ffa2949bcafba3615dd"
"data/vla_bridge/widowx_mujoco_rlds_source_v1/images/episode_0019_step_1648.png","13557","72f61a8b6b0688083e6ac445f6588816ed55d241622ccdeea104bfc734c81e7e"
"data/vla_bridge/widowx_mujoco_rlds_source_v1/images/episode_0019_step_1740.png","13655","10c401f9a4ca7cf90e8a15ef0337d27609ae4b9a4631a9c2f2850441add703f8"
"data/vla_bridge/widowx_mujoco_rlds_source_v1/images/episode_0019_step_1831.png","13528","a4a5acfe5e37f787e4ca5fa545c69229b6016f9333ba7417fe6bf5230b6f8446"
"data/vla_bridge/widowx_mujoco_rlds_source_v1/images/episode_0019_step_1923.png","13736","ba39ae414350a1c99f518fdfa0aeaac5c2887d669947ae5d58312705f5f415fb"
"data/vla_bridge/widowx_mujoco_rlds_source_v1/images/episode_0019_step_2014.png","13710","00cb686e063397eb4985493a84a16b5f08e0db428bb358d0fed38a0fbcf3e5cd"
"data/vla_bridge/widowx_mujoco_rlds_source_v1/images/episode_0019_step_2106.png","13741","5fedd573c055ce9368ec4d4d3ba6881773cde9df6a917d0da8e1e227b377613d"
"data/vla_bridge/widowx_mujoco_rlds_source_v1/images/episode_0019_step_2197.png","13580","dcba427d2a67e5dd28d3935a228ee5c8e6ac7c23b33038ba5b8f304ea03a6892"
"data/vla_bridge/widowx_mujoco_rlds_source_v1/images/episode_0019_step_2289.png","13563","b4a09564ac408e2afd325dfcecfc8fb32c671a3dd723436169bddd8ac5862fc2"
"data/vla_bridge/widowx_mujoco_rlds_source_v1/images/episode_0019_step_2381.png","13605","2c23de958adf8550d3e2205827fa3f78c654c2f2eb59ea1df3fc943d5e2cbe85"
"data/vla_bridge/widowx_mujoco_rlds_source_v1/images/episode_0019_step_2472.png","13655","4c38a8aeae318c2a51692549bc8f1fbee458340620c20a417fc374efc1b775d7"
"data/vla_bridge/widowx_mujoco_rlds_source_v1/images/episode_0019_step_2564.png","13699","81b9e8b0fb6216648155faac21618326e53bdbf4aa4c3578964baf5049a582e0"
"data/vla_bridge/widowx_mujoco_rlds_source_v1/images/episode_0019_step_2655.png","13651","1d37d203291670497ffbbc559e093d71ea1a07265948328caf17abf1ec0f5c54"
"data/vla_bridge/widowx_mujoco_rlds_source_v1/images/episode_0019_step_2747.png","13645","722b51741be841b7aa39e39a7e65e010e0f3c2e45d09006cfc460cd96b6f517d"
"data/vla_bridge/widowx_mujoco_rlds_source_v1/images/episode_0019_step_2839.png","13733","3aae0a05207e87d9ac098cdae4fc9d8a28b7367a9ba3af4662760e40bd4911b7"
"data/vla_bridge/widowx_mujoco_rlds_source_v1/images/episode_0020_step_0000.png","11970","8d42dfb7e857eceb8357e1032bc77d4beb5d4fece0e2b5c812d8e163293cfbee"
"data/vla_bridge/widowx_mujoco_rlds_source_v1/images/episode_0020_step_0091.png","12269","2e5ca00b57c365ea94e6ceb26d22bd6b21922941f96f1288fd9cb884878c0947"
"data/vla_bridge/widowx_mujoco_rlds_source_v1/images/episode_0020_step_0183.png","12411","b352e54c1d30db021f3a95dc8f2eb041fb552733f8684c54b95c7ac4d45951cd"
"data/vla_bridge/widowx_mujoco_rlds_source_v1/images/episode_0020_step_0274.png","12421","a0cc59a00ba723c0e38394567df9527ee247fe5e3e3eff07ebaca8dcdea33b91"
"data/vla_bridge/widowx_mujoco_rlds_source_v1/images/episode_0020_step_0366.png","12214","8a13e9d4dabef115f2a5f87a04eab5eca0af2ce0066582bd72a1a428eb537b22"
"data/vla_bridge/widowx_mujoco_rlds_source_v1/images/episode_0020_step_0457.png","12501","9713140430e353cb30fc3c4aeeca3fbb22a13806f15104c6e55d7c3648148c08"
"data/vla_bridge/widowx_mujoco_rlds_source_v1/images/episode_0020_step_0549.png","12423","df555e46417f56802012df8a200d0379e929960495038a3c448fe0ef5dc815ea"
"data/vla_bridge/widowx_mujoco_rlds_source_v1/images/episode_0020_step_0641.png","12469","bea2484b2dcd7ac3811d3cc730dc2085523527cde439477808652f850a0b9eb3"
"data/vla_bridge/widowx_mujoco_rlds_source_v1/images/episode_0020_step_0732.png","12428","552a6ae31914f3b022b3111209a52e84c76c30bbe2145d83692530e5b895455a"
"data/vla_bridge/widowx_mujoco_rlds_source_v1/images/episode_0020_step_0824.png","12448","8798a8df1c2e194ea6fc075163ed7e73aa74608da881fff65db415d79da682be"
"data/vla_bridge/widowx_mujoco_rlds_source_v1/images/episode_0020_step_0915.png","12285","b895a814152bde116effc9264a7cb5a3cec323a5e2b604b9147ae119ee9689e5"
"data/vla_bridge/widowx_mujoco_rlds_source_v1/images/episode_0020_step_1007.png","12326","0cf9d55d91fdc4c1cc63ccf3984fed977f1515529190316444f68825ad13666f"
"data/vla_bridge/widowx_mujoco_rlds_source_v1/images/episode_0020_step_1098.png","12515","0486b6622637ea9ed9f2b0f6b57b803715cb6981c796e095243a1fd6ca17409b"
"data/vla_bridge/widowx_mujoco_rlds_source_v1/images/episode_0020_step_1190.png","12631","c19d53937fb2d579d267f0097b039fcb9788793f720aedd7b033a4884321a2a6"
"data/vla_bridge/widowx_mujoco_rlds_source_v1/images/episode_0020_step_1282.png","12610","05b769a5e8b213f5d5ca28fef66f45a26dec8eb4855254e519170da61f42a1b2"
"data/vla_bridge/widowx_mujoco_rlds_source_v1/images/episode_0020_step_1373.png","12563","22cef7b3a8bcd4030aee5f4a11997274ac4d857fe6fcd304f329b129897c01ac"
"data/vla_bridge/widowx_mujoco_rlds_source_v1/images/episode_0020_step_1465.png","12500","2b68a4174c380e2b146ef367ff392b792d2d704e5f2903d2771ad6edfd1c6305"
"data/vla_bridge/widowx_mujoco_rlds_source_v1/images/episode_0020_step_1556.png","12704","ef155176731ed4c11663df4b4aea59e4b047369d0d353e207e666f51d25a0b73"
"data/vla_bridge/widowx_mujoco_rlds_source_v1/images/episode_0020_step_1648.png","13222","6617508cdad33ef0eed42a0a5b68246cb669a7e6c92ecb538477dbee27e6cd68"
"data/vla_bridge/widowx_mujoco_rlds_source_v1/images/episode_0020_step_1740.png","13684","98e9e80eeca42101a1fd371622cc5a738c02472c6a0afd402a941bc9c32209a8"
"data/vla_bridge/widowx_mujoco_rlds_source_v1/images/episode_0020_step_1831.png","13910","4762300868feb1714e898ae7d47c176ecc2ecf31e27707d188d87f5d41a88d66"
"data/vla_bridge/widowx_mujoco_rlds_source_v1/images/episode_0020_step_1923.png","14071","7468c9a6338528498424fb1734fb0aa844a6012e1e544a8fa4d8c263cc8c987b"
"data/vla_bridge/widowx_mujoco_rlds_source_v1/images/episode_0020_step_2014.png","13863","192d83cc048301ee8104ca7e0675466e981d04bc5f77d5988641f84f72db3180"
"data/vla_bridge/widowx_mujoco_rlds_source_v1/images/episode_0020_step_2106.png","13824","7d355ef02de671d0d97376399c74f99fe4c0d8c06f3ea56292e80ae91e7d405e"
"data/vla_bridge/widowx_mujoco_rlds_source_v1/images/episode_0020_step_2197.png","13732","deb9bf8c77ecb6fcedf73d79b868ec9eca9ee486dcdeabffa175234a916a2023"
"data/vla_bridge/widowx_mujoco_rlds_source_v1/images/episode_0020_step_2289.png","13790","737344a21b1c5a113041975b1d394ec8cbdd95ed307c8a76d3741314d7010352"
"data/vla_bridge/widowx_mujoco_rlds_source_v1/images/episode_0020_step_2381.png","13809","42ef2e9acc8e7a8e1fc51c99e681ca4b2c5b762458fb13fdf85be541fe927aad"
"data/vla_bridge/widowx_mujoco_rlds_source_v1/images/episode_0020_step_2472.png","13782","b31a0a4075ec5fdf6d6926252a7ad957d8ece3ce8d1ce0db5adf705ac1858620"
"data/vla_bridge/widowx_mujoco_rlds_source_v1/images/episode_0020_step_2564.png","13811","c1d3c2d8111e81b99fa4f8fca1995c15952062e9c1363a0ba4fbbb12e762d914"
"data/vla_bridge/widowx_mujoco_rlds_source_v1/images/episode_0020_step_2655.png","13978","85d7f4c46489878ca6b9a6bc672024277f73d2dd762d9ea68ae9c1ab3c17204d"
"data/vla_bridge/widowx_mujoco_rlds_source_v1/images/episode_0020_step_2747.png","13975","858dcd16a6a4303e0f22f931785cdefbc1c69b456c8776439e9836078687b684"
"data/vla_bridge/widowx_mujoco_rlds_source_v1/images/episode_0020_step_2839.png","14022","a082c09b4b5907c3140a8c27b657c5bbeaa44131cb536b3084e02bb2d6130074"
"data/vla_bridge/widowx_mujoco_rlds_source_v1/images/episode_0021_step_0000.png","12001","13f13d13691d8855c59be772d1770e1c12caa01d5605175b4c0880e40cd01805"
"data/vla_bridge/widowx_mujoco_rlds_source_v1/images/episode_0021_step_0091.png","12462","d3969b467fb3600e35a51042f931fb516a9b535bd66a25ac7e7a008841e1cd63"
"data/vla_bridge/widowx_mujoco_rlds_source_v1/images/episode_0021_step_0183.png","12520","27b74b3b135d1205c50e85a33e93f2a09ee4aae3b96940777377db531a23f0f7"
"data/vla_bridge/widowx_mujoco_rlds_source_v1/images/episode_0021_step_0274.png","13352","526f16b497757f8d20e475708fdfdd0819abdca852f09aa0845bd3bb67bacec8"
"data/vla_bridge/widowx_mujoco_rlds_source_v1/images/episode_0021_step_0366.png","13167","e81da6d7b4b4124dd4a9ef2a449de48a820c7b8d9f2c88c9dd1f44dbf3345c6d"
"data/vla_bridge/widowx_mujoco_rlds_source_v1/images/episode_0021_step_0457.png","13065","bbbe581f50b623bd76fa5e307eab595ec3dca2b57f3a80362f953c40bf191430"
"data/vla_bridge/widowx_mujoco_rlds_source_v1/images/episode_0021_step_0549.png","13091","a29e03b3741b10692e239726f256b4842dad55c9201c8e1d9c6c30754e8954e0"
"data/vla_bridge/widowx_mujoco_rlds_source_v1/images/episode_0021_step_0641.png","13105","996198e2582884c52f1598e5a704704f8e9b5d89b8a1b6190c495489e26483a2"
"data/vla_bridge/widowx_mujoco_rlds_source_v1/images/episode_0021_step_0732.png","13175","907681b271005eaea1b021669629786e061cf6ff99cdd4401f532ec08426e17e"
"data/vla_bridge/widowx_mujoco_rlds_source_v1/images/episode_0021_step_0824.png","13074","db6fdcc3312fa7415390a00237b709b4c72572e9f0535e875c5159639f2686b7"
"data/vla_bridge/widowx_mujoco_rlds_source_v1/images/episode_0021_step_0915.png","13129","1358cba28eb542bef72afb9f48fa1a531f029612b64c34113cbde56984c4cf45"
"data/vla_bridge/widowx_mujoco_rlds_source_v1/images/episode_0021_step_1007.png","13252","71828cde50bc3f933cd64b1c40ac05254194a8a29e87be15236edd6908814338"
"data/vla_bridge/widowx_mujoco_rlds_source_v1/images/episode_0021_step_1098.png","13340","cda0b20a4cb0ea341e6e0b47077309b4051b0751d3b2f86dbdd67983db4b6474"
"data/vla_bridge/widowx_mujoco_rlds_source_v1/images/episode_0021_step_1190.png","13181","1ce5dbf644ea523d6aaa75b37693758101a739886f3cea8db73ea7e73d997075"
"data/vla_bridge/widowx_mujoco_rlds_source_v1/images/episode_0021_step_1282.png","13362","e66e76914550ba95f8a68f8d2fbdf35c8ab6ac91368182ece8ee11843f6cf698"
"data/vla_bridge/widowx_mujoco_rlds_source_v1/images/episode_0021_step_1373.png","13298","ade1d7e735d66d563f1204e9ddca01aa4862c8576ff1dd443715ec0ada20c53f"
"data/vla_bridge/widowx_mujoco_rlds_source_v1/images/episode_0021_step_1465.png","13339","1b8ea2e16170fb351a565138607dae2b5bc9d751a621f95b0671326332a15d82"
"data/vla_bridge/widowx_mujoco_rlds_source_v1/images/episode_0021_step_1556.png","13440","f0f5dc70ad29f65b6ce8e1aa7876db61b3748385bee542b85a2f92ad7c82e1a3"
"data/vla_bridge/widowx_mujoco_rlds_source_v1/images/episode_0021_step_1648.png","13299","71a03521748e1f2e09a1dd676f1f55e4c83b155f30871d656f2e26e9acade012"
"data/vla_bridge/widowx_mujoco_rlds_source_v1/images/episode_0021_step_1740.png","13577","3fb5c1c53cf883999b45a15b5da86f366f284e06de211a3c6779cb8725b74d98"
"data/vla_bridge/widowx_mujoco_rlds_source_v1/images/episode_0021_step_1831.png","13909","194f43f190ca078dca2b78e40fb0514eaf27584b2da43cc64931189770748f22"
"data/vla_bridge/widowx_mujoco_rlds_source_v1/images/episode_0021_step_1923.png","14034","1540960ddf2d9ca5214ca45305ee3c2c516474aaa59a9c5c0bccc2f73be93089"
"data/vla_bridge/widowx_mujoco_rlds_source_v1/images/episode_0021_step_2014.png","13815","63316559da3599baf24c9d624fe343316a2c8e5fdc30476fb41c2711ba335eeb"
"data/vla_bridge/widowx_mujoco_rlds_source_v1/images/episode_0021_step_2106.png","13768","cdfe6a951564708e0dca515aab25e102b6cf1e7cee9a86f918817e24d84d521e"
"data/vla_bridge/widowx_mujoco_rlds_source_v1/images/episode_0021_step_2197.png","13724","52d4203049d9c38283bff7cca5fa774f99728e0614d23ee3e9ee46c80e755e7e"
"data/vla_bridge/widowx_mujoco_rlds_source_v1/images/episode_0021_step_2289.png","13765","5d1fd6cf4257526750ee6a8d6054960bb22962388e11380f17aa928ae2aa4b8e"
"data/vla_bridge/widowx_mujoco_rlds_source_v1/images/episode_0021_step_2381.png","13766","057fb9d53f53e30e8b8a93803aaea7f81ced1985e3d43d91a1ebaf006febfab6"
"data/vla_bridge/widowx_mujoco_rlds_source_v1/images/episode_0021_step_2472.png","13704","d2a9041ad3e199f44a232d07f7b1f099d59bd50b4e2bd4d2ba9e0e9258b3a1b2"
"data/vla_bridge/widowx_mujoco_rlds_source_v1/images/episode_0021_step_2564.png","13767","346e6450b8f0d94c510beb6cc447fae2ea11a4de0466749827b02048b7eadcb5"
"data/vla_bridge/widowx_mujoco_rlds_source_v1/images/episode_0021_step_2655.png","13985","357e363d40fbe33eca653620d6d457dc0758176d9f8e14f0574529bff239bf58"
"data/vla_bridge/widowx_mujoco_rlds_source_v1/images/episode_0021_step_2747.png","13968","24a2ab59b03d9843c27dcfd9e1f17298249919fb369f5356e69c27e27c1a782f"
"data/vla_bridge/widowx_mujoco_rlds_source_v1/images/episode_0021_step_2839.png","13992","8031739339449446c5743e14f471fee6c877d218632f2627f044a98d5d938a36"
"data/vla_bridge/widowx_mujoco_rlds_source_v1/images/episode_0022_step_0000.png","12073","38398b3e5298d0d2a495bf650323e3466b99375c7bbc2508218d06bbd029c2b4"
"data/vla_bridge/widowx_mujoco_rlds_source_v1/images/episode_0022_step_0091.png","12230","9a857a4eafa1ed44c6b01f7dd202832b921f6ddd9a6755b543ac82c51b432ec4"
"data/vla_bridge/widowx_mujoco_rlds_source_v1/images/episode_0022_step_0183.png","12355","bb506292f92e6c1544b3696bc471efe184cd659a2ddcc62b1b7ad6b0ae37c0f0"
"data/vla_bridge/widowx_mujoco_rlds_source_v1/images/episode_0022_step_0274.png","12328","09263632c501087c8192418b20d21867e5dac59eb065830219241562f092b072"
"data/vla_bridge/widowx_mujoco_rlds_source_v1/images/episode_0022_step_0366.png","12547","2cda0807b272ad5cb71289fa36dfd361d7a93c41e5c6b3a3ef162680b1798834"
"data/vla_bridge/widowx_mujoco_rlds_source_v1/images/episode_0022_step_0457.png","12573","c5b8f2afc61a94c3c9cd866de379ad777ad0b23c837a3b376244342fd16184eb"
"data/vla_bridge/widowx_mujoco_rlds_source_v1/images/episode_0022_step_0549.png","12788","50a71f8d8cdd85cecc939c88cb0efa4069c147bc60b19725442848742d8cf84c"
"data/vla_bridge/widowx_mujoco_rlds_source_v1/images/episode_0022_step_0641.png","12715","a0852c8307fbef5e4898a60803d2e0419b9ab9f02a5cec8fd0729c0118e425a5"
"data/vla_bridge/widowx_mujoco_rlds_source_v1/images/episode_0022_step_0732.png","12755","6050eddc2fd1ff4613f82b26446fe5b6b48183604e57b3b199fc85ef9c1d1170"
"data/vla_bridge/widowx_mujoco_rlds_source_v1/images/episode_0022_step_0824.png","12653","46517d0efb0eccf3bf1093274dfb150a06990d7f527f8bf4d2dd04c92d6e84a5"
"data/vla_bridge/widowx_mujoco_rlds_source_v1/images/episode_0022_step_0915.png","12614","0736ff136e775bcc79af9833bd4f16c13b911cf4b2c990a44a98d05281b119dd"
"data/vla_bridge/widowx_mujoco_rlds_source_v1/images/episode_0022_step_1007.png","12460","adb72b6287425d13aae36f41728002fc1c9a76736928ad8560bc8f6a25b217bd"
"data/vla_bridge/widowx_mujoco_rlds_source_v1/images/episode_0022_step_1098.png","12398","832371ba01a93e178ccbc1d73689fae91fa50253dd36c509ee04991dadbae69a"
"data/vla_bridge/widowx_mujoco_rlds_source_v1/images/episode_0022_step_1190.png","12476","f31ad3444ff031947b8799b364dc2bbed2f2a902d700781a2d2a843081e14f46"
"data/vla_bridge/widowx_mujoco_rlds_source_v1/images/episode_0022_step_1282.png","12456","6c4883bdc891534b6f169b9a6da1277a210c9e66fa4d86a3a9946dfdaa6213fa"
"data/vla_bridge/widowx_mujoco_rlds_source_v1/images/episode_0022_step_1373.png","12490","3780246a866916126d64953a118c660bf0d5449340218919277175c76ec5592e"
"data/vla_bridge/widowx_mujoco_rlds_source_v1/images/episode_0022_step_1465.png","12881","fed17d6058eb0312b62559d19f564e72e6de072ac3a625670e069b08fdfbf3b2"
"data/vla_bridge/widowx_mujoco_rlds_source_v1/images/episode_0022_step_1556.png","13160","aee341412663619468d7c4362560a8c5e521630c2e9bf033d9d07a2ad23cc05b"
"data/vla_bridge/widowx_mujoco_rlds_source_v1/images/episode_0022_step_1648.png","13495","a750f5c7e91f1aace2ac86d4c7bea5fb3171da782a0c2f4c45f67de90d8c67dd"
"data/vla_bridge/widowx_mujoco_rlds_source_v1/images/episode_0022_step_1740.png","13742","f433f760956b597d9ccbc51fd05eb6cea055c5207a7db559ba0ac0a673dbac03"
"data/vla_bridge/widowx_mujoco_rlds_source_v1/images/episode_0022_step_1831.png","13846","27e0f6d6b9ab6e705aad7ae290b48e31a43d4559f67a4453266920d582a7daae"
"data/vla_bridge/widowx_mujoco_rlds_source_v1/images/episode_0022_step_1923.png","13873","9203f43f6bd627b5c7d9df4223ddce8d215f525a0d90f71fb43d68bd2f448d9e"
"data/vla_bridge/widowx_mujoco_rlds_source_v1/images/episode_0022_step_2014.png","13813","c6ae66b14c49e0feebf467e4120aa3233fb7accf9ddbb095ad2653eebdf193b6"
"data/vla_bridge/widowx_mujoco_rlds_source_v1/images/episode_0022_step_2106.png","13626","9e474db91c2c4305eeaabe16abccfdb5267519c4e8937841e094adc8d7601975"
"data/vla_bridge/widowx_mujoco_rlds_source_v1/images/episode_0022_step_2197.png","13615","228312037150749c88e6924267e878d5e462883d11c974fd324b7d4ad8a60f36"
"data/vla_bridge/widowx_mujoco_rlds_source_v1/images/episode_0022_step_2289.png","13623","42274a902328f20fdaf7403af9864a1cd8b69ca3bf2b39597c9c08de67c994eb"
"data/vla_bridge/widowx_mujoco_rlds_source_v1/images/episode_0022_step_2381.png","13672","baa339408a9e72e869d17febde1f91608ee79cf0250de69bb7e3b84fd83fbfbe"
"data/vla_bridge/widowx_mujoco_rlds_source_v1/images/episode_0022_step_2472.png","13667","2ddee2d0e3db405b5d9de2c960e842bf27bd48bb71c3fe46c7f7e6475385cb3e"
"data/vla_bridge/widowx_mujoco_rlds_source_v1/images/episode_0022_step_2564.png","13660","6480dd3c8a734dadf27171ab1a0becac92363d76244dba470dec854f99a3d7a0"
"data/vla_bridge/widowx_mujoco_rlds_source_v1/images/episode_0022_step_2655.png","13840","a1c51b845be8764e99af7c82d9c5351f5d505a86920159af03fcfdad75093022"
"data/vla_bridge/widowx_mujoco_rlds_source_v1/images/episode_0022_step_2747.png","13805","94757145bf2477286d436d60e3c92dcd8321d43147c8f89cc273b2dbcfc8366b"
"data/vla_bridge/widowx_mujoco_rlds_source_v1/images/episode_0022_step_2839.png","13830","f77c7dac93ac4e8486c0bcf69aac5894093c6651db94eee6718e766e6ce9afb6"
"data/vla_bridge/widowx_mujoco_rlds_source_v1/images/episode_0023_step_0000.png","12145","24a2d7b4fbf91162d807a5034f3f263cd408e25bdea4bf635a1dcb675117a136"
"data/vla_bridge/widowx_mujoco_rlds_source_v1/images/episode_0023_step_0091.png","12260","a3560766d257120f2440a3f7a92d158ab7ea736df0f6b40923df83a0a2ccc370"
"data/vla_bridge/widowx_mujoco_rlds_source_v1/images/episode_0023_step_0183.png","12513","fa9070c4432fc163d4d3075e081feae4b714d04f20cffab55d4b21ff8025e13f"
"data/vla_bridge/widowx_mujoco_rlds_source_v1/images/episode_0023_step_0274.png","12512","42d7ed40b31036c8b82bfd8684d9b32b8b8ad37287b27fe1818853a771f352c8"
"data/vla_bridge/widowx_mujoco_rlds_source_v1/images/episode_0023_step_0366.png","12412","cd4b860faa0d7247d6f1445b0e26c43f5dc8669da4f02d2ae65f4cd1da010542"
"data/vla_bridge/widowx_mujoco_rlds_source_v1/images/episode_0023_step_0457.png","12466","a3c3a35de03abf871551f61fd3d812c3ab62282f1107e16955a17ec8669016e3"
"data/vla_bridge/widowx_mujoco_rlds_source_v1/images/episode_0023_step_0549.png","12496","8d7897e98a398c7c63eb2bef4aad1562a6deb878fcea89121a5d4b2083457d54"
"data/vla_bridge/widowx_mujoco_rlds_source_v1/images/episode_0023_step_0641.png","12512","70385cc35a75ca42c8b5231e1af616a4757fe1ad0abddd05af73604464f80dc3"
"data/vla_bridge/widowx_mujoco_rlds_source_v1/images/episode_0023_step_0732.png","12512","2f06d113151340c8c504de946bc08e406a5c57916b136db3527765f726d9d86e"
"data/vla_bridge/widowx_mujoco_rlds_source_v1/images/episode_0023_step_0824.png","12524","48259784433f5eed7f620bf8b33bd6f146145d16a4a7fca5723f3d718f88a790"
"data/vla_bridge/widowx_mujoco_rlds_source_v1/images/episode_0023_step_0915.png","12494","4d93b99615792caf6a7406b3659740129d449e2ddf5cc7911443c397d62c5190"
"data/vla_bridge/widowx_mujoco_rlds_source_v1/images/episode_0023_step_1007.png","12575","b11f0e9c118c26bbc6d530137ef3826dc03e78b972a9fb1e28ee7bb9b35e05c6"
"data/vla_bridge/widowx_mujoco_rlds_source_v1/images/episode_0023_step_1098.png","12616","96b04ecdd04b76ef9071d10754b2521cd0103be5cc3a88b55ccb1039126ec660"
"data/vla_bridge/widowx_mujoco_rlds_source_v1/images/episode_0023_step_1190.png","12638","0c57f8212b49636d2df7aaca1ffe58e7bfdd891680925e7b2e31ab15f413fdc9"
"data/vla_bridge/widowx_mujoco_rlds_source_v1/images/episode_0023_step_1282.png","12878","0e2da7f737b1c3afaae7139dd40a01c29ff992cdd68e478039d71fe3b124c33a"
"data/vla_bridge/widowx_mujoco_rlds_source_v1/images/episode_0023_step_1373.png","13006","96e02415013a94f1404431c605bed3081ea11c2ee474c6f039c28c253c4cc3c1"
"data/vla_bridge/widowx_mujoco_rlds_source_v1/images/episode_0023_step_1465.png","13166","69b653be7a066c5b3db23269604b6c2c680a303e241bf69b826b9fd9e06bca3c"
"data/vla_bridge/widowx_mujoco_rlds_source_v1/images/episode_0023_step_1556.png","13356","148cdd1a86686182e8e9cf597353e55cbf82939ad6a8473b853306aab5bfa746"
"data/vla_bridge/widowx_mujoco_rlds_source_v1/images/episode_0023_step_1648.png","13805","dcb04d8997cb09b8f6fd101a2890079978daa06a24f4e86d1f300e669770fc89"
"data/vla_bridge/widowx_mujoco_rlds_source_v1/images/episode_0023_step_1740.png","14076","22b45babdb70e1cb15d62fac6831972451df7a620c1077a8b97b67adf6739ac8"
"data/vla_bridge/widowx_mujoco_rlds_source_v1/images/episode_0023_step_1831.png","14222","816a7a0c8a58096544578f3e081ba8e1fd74b4dbe1ad47083fa2032e1e144b76"
"data/vla_bridge/widowx_mujoco_rlds_source_v1/images/episode_0023_step_1923.png","14109","4137083e4fbda839774accff453136b731b43caf81f94c9eca79c8e63b986bdd"
"data/vla_bridge/widowx_mujoco_rlds_source_v1/images/episode_0023_step_2014.png","13980","559c4bd5d151474e3c8a9c56c11955f0b271960423d1dba0eb4530fb1368ab9e"
"data/vla_bridge/widowx_mujoco_rlds_source_v1/images/episode_0023_step_2106.png","13889","90e96a01fbad2afd0579e2da9d4ad2d0062290155c375ba098aabdb8b9bc2d31"
"data/vla_bridge/widowx_mujoco_rlds_source_v1/images/episode_0023_step_2197.png","13777","e25ab46bace4c2ac187dc670343d70d85ac5735c3cd137f3cd8eb99e36d87044"
"data/vla_bridge/widowx_mujoco_rlds_source_v1/images/episode_0023_step_2289.png","13905","85c15606baeb76b2ada772d32b444052e2553b14d2b65679ec1a4022e6ce9c98"
"data/vla_bridge/widowx_mujoco_rlds_source_v1/images/episode_0023_step_2381.png","13854","b02fa61848bea6b7576effc73206af09d7d1fa0552e949c6f9e12eb101a08b12"
"data/vla_bridge/widowx_mujoco_rlds_source_v1/images/episode_0023_step_2472.png","13858","7f7e71e4396b6209b216a56d867fd078a65134c34553236875d6b51678e21adb"
"data/vla_bridge/widowx_mujoco_rlds_source_v1/images/episode_0023_step_2564.png","13904","54331f06bff2cd1c6babd9108e1e12591245b68c722a9d501275f716343dbb17"
"data/vla_bridge/widowx_mujoco_rlds_source_v1/images/episode_0023_step_2655.png","14056","b463bf5edd5fd86a23e9e098f65391b7d5d12c18e4c5827614f501d808b8461d"
"data/vla_bridge/widowx_mujoco_rlds_source_v1/images/episode_0023_step_2747.png","14032","36e7f71392b3a02181db27d7b2ed499985f6267f8bb9f10df3c65d1fff47d74d"
"data/vla_bridge/widowx_mujoco_rlds_source_v1/images/episode_0023_step_2839.png","14073","aea506fe04ec450a962b868fcbadc40072d0820527467b14b6c81ddd98c6ad53"
"data/vla_bridge/widowx_mujoco_rlds_source_v1/images/episode_0024_step_0000.png","12053","0a43be38651847071d2e929791402d8869524e87d3a2fa97bf54d811071154e3"
"data/vla_bridge/widowx_mujoco_rlds_source_v1/images/episode_0024_step_0091.png","12323","e26ef8726ae1b8b060c1ab1fc05d40edf28fe38fe4d19ed187831a320b6667ea"
"data/vla_bridge/widowx_mujoco_rlds_source_v1/images/episode_0024_step_0183.png","12592","611eb5ac87b0206ddb40430bf6cbda5478d1fed3e3746e5fd1f5a06ff9cfc3bc"
"data/vla_bridge/widowx_mujoco_rlds_source_v1/images/episode_0024_step_0274.png","13132","f4e0e47b95e8e58403003e340ca7875a150798db0315a3531d7f296e49f5b542"
"data/vla_bridge/widowx_mujoco_rlds_source_v1/images/episode_0024_step_0366.png","13390","f95e67fb969af9b219a75e97b158c9372e93105a056a55209086ec617ba4ac17"
"data/vla_bridge/widowx_mujoco_rlds_source_v1/images/episode_0024_step_0457.png","13134","3a0f532ec9a4de27d99b49e34ab8ae8583cf9855d537066f46749777a6144333"
"data/vla_bridge/widowx_mujoco_rlds_source_v1/images/episode_0024_step_0549.png","13053","0c31fb485a9b546fc72ce3ad23803b42184f10a40b20680ad37574d1b1d049cf"
"data/vla_bridge/widowx_mujoco_rlds_source_v1/images/episode_0024_step_0641.png","13167","4746ee309ee09e5d1cf371c2d6b8f1643b4b0eece858e43c1fee290845e7af5d"
"data/vla_bridge/widowx_mujoco_rlds_source_v1/images/episode_0024_step_0732.png","13146","75a3ebf2a4dbcd97cfd04a970cdee2c82b9faa2f055a04baab910a1aa8ae14a3"
"data/vla_bridge/widowx_mujoco_rlds_source_v1/images/episode_0024_step_0824.png","13123","dfc92a10158d656dea9c393df3cfacaa6763d1668d33485c6888bb9a104304d8"
"data/vla_bridge/widowx_mujoco_rlds_source_v1/images/episode_0024_step_0915.png","13270","1bdf174a2fdfd33c1011159249e980bf2ac34c04d0f9adc584bda489e3952f9e"
"data/vla_bridge/widowx_mujoco_rlds_source_v1/images/episode_0024_step_1007.png","13279","d0c0579b71280825b1d39734526983116940f7f67a5dc13e11dfb5426adb5daf"
"data/vla_bridge/widowx_mujoco_rlds_source_v1/images/episode_0024_step_1098.png","13287","4b588aeb88d4387531b0694f69df8584e79d7364594ebba3c4b5a8deb1be996e"
"data/vla_bridge/widowx_mujoco_rlds_source_v1/images/episode_0024_step_1190.png","13038","9e252297e1d0761d7875bbe7d20e452df16cfde4a4a58dc9b68a6ed8fe2f7256"
"data/vla_bridge/widowx_mujoco_rlds_source_v1/images/episode_0024_step_1282.png","13034","24c7631bccedd7805e1404c18fd43148276f71fce58fd0933f8b5514c858b45d"
"data/vla_bridge/widowx_mujoco_rlds_source_v1/images/episode_0024_step_1373.png","13086","b00634b5a1e149932c8fabf7664eb13ceb05f48ecfb007db586f38e4b7b0ff66"
"data/vla_bridge/widowx_mujoco_rlds_source_v1/images/episode_0024_step_1465.png","13315","83a5fa858497e1a0a241f92b1ad1e25000571eb1feb9ba2c5f0868d5acad35de"
"data/vla_bridge/widowx_mujoco_rlds_source_v1/images/episode_0024_step_1556.png","13475","19d8cd36f1373b7cf109d6c566e99d3497bc42478af8068c0e0d1083f254d36a"
"data/vla_bridge/widowx_mujoco_rlds_source_v1/images/episode_0024_step_1648.png","13357","bf334e204861e85c1a72b7dd412f2272bedd6cece9e07a6a1b39f60731b8c469"
"data/vla_bridge/widowx_mujoco_rlds_source_v1/images/episode_0024_step_1740.png","13496","def61af010ba742fccdf6c408207d289ce7b56688c7f3eec2ab2d46c78f03b9a"
"data/vla_bridge/widowx_mujoco_rlds_source_v1/images/episode_0024_step_1831.png","13739","24c1019df615b08f3fd6ae994325191312c134a66f3fe817e5f8241890b0d0d3"
"data/vla_bridge/widowx_mujoco_rlds_source_v1/images/episode_0024_step_1923.png","13991","12c0e542d75faa97092d823ea7e24110b1f18b064ee7c755e8c264fca505a6f1"
"data/vla_bridge/widowx_mujoco_rlds_source_v1/images/episode_0024_step_2014.png","13814","6463a3074914020be75a8d1cda026929ae4c1b685fcf9a1849c3f20730d1905a"
"data/vla_bridge/widowx_mujoco_rlds_source_v1/images/episode_0024_step_2106.png","13766","5ed91fbf71f2cf3c70b699697101ebebe499a63c8ef524e005e268cdf3c27075"
"data/vla_bridge/widowx_mujoco_rlds_source_v1/images/episode_0024_step_2197.png","13654","79e33372e56a19f1e012bb3153df4d67f11e58e44205110dc56cbbe7de61a642"
"data/vla_bridge/widowx_mujoco_rlds_source_v1/images/episode_0024_step_2289.png","13681","e43a1f918284954950d3f0a09cd8c0bf35f12b4248a63c30650bc476858d6d9a"
"data/vla_bridge/widowx_mujoco_rlds_source_v1/images/episode_0024_step_2381.png","13693","902eafc7f16c3eca2b054afdbc5e62fc0904024759b2ca80c3cd194b30638865"
"data/vla_bridge/widowx_mujoco_rlds_source_v1/images/episode_0024_step_2472.png","13624","4111d920302897508e2336d712de29e0789e23660db50014ae5c972f1855dc4d"
"data/vla_bridge/widowx_mujoco_rlds_source_v1/images/episode_0024_step_2564.png","13738","242c2ef0849a85ffbfbe7ac02906ae67cb83c620361710226e52a1723616b37b"
"data/vla_bridge/widowx_mujoco_rlds_source_v1/images/episode_0024_step_2655.png","13912","898899e0a9044c209842607ec811172a7f2bcaade9bf4d8f733ed6e32833397e"
"data/vla_bridge/widowx_mujoco_rlds_source_v1/images/episode_0024_step_2747.png","13830","048271ff1fdf7ff2e4fb136394bfd439c146c122305fccc1dacf0077687ac502"
"data/vla_bridge/widowx_mujoco_rlds_source_v1/images/episode_0024_step_2839.png","13853","88f2afb0714ee1b8b5f3d1c5248df9761c624c360f33933b4451f9ed28f8fca6"
"data/vla_bridge/widowx_mujoco_rlds_source_v1/images/episode_0025_step_0000.png","12061","c9af4695857a40fde2430ac5094cbe1a6e4bf6d4b1a87411db55019eea964491"
"data/vla_bridge/widowx_mujoco_rlds_source_v1/images/episode_0025_step_0091.png","12305","184b4b259e05224fd570e96308e4a6c98b2a85ea58011a1aa942551c8e7fe51a"
"data/vla_bridge/widowx_mujoco_rlds_source_v1/images/episode_0025_step_0183.png","12462","daa395ff7215c8e45f8755c3f27314d1a070789b500e1a95c747468d27c49539"
"data/vla_bridge/widowx_mujoco_rlds_source_v1/images/episode_0025_step_0274.png","12426","b4a59d4d5d70417705b0ea7c39bb29a9ddbe1181ab2a5623d4f2a17587a01ac5"
"data/vla_bridge/widowx_mujoco_rlds_source_v1/images/episode_0025_step_0366.png","12631","10148eece0d06c87536f8ed681438130cc56f7699d76f22c51f65d181ec1619e"
"data/vla_bridge/widowx_mujoco_rlds_source_v1/images/episode_0025_step_0457.png","12645","bf3ab46e5b6cb2f08c4b3af93eeb19f0bb79dde2226630e058cb89391d266adc"
"data/vla_bridge/widowx_mujoco_rlds_source_v1/images/episode_0025_step_0549.png","12848","d91528eda3188fffae622d605e2016d52a75ac19537ab5f4f02c6ac85ee9cf12"
"data/vla_bridge/widowx_mujoco_rlds_source_v1/images/episode_0025_step_0641.png","12763","1fa519105eab4a81e2388203965545873b412a784ba8c273238e539fba6aead7"
"data/vla_bridge/widowx_mujoco_rlds_source_v1/images/episode_0025_step_0732.png","12726","ca46357f2a7fc9c35e2cbd7ff8e95f7b10e1efab785be3f70597b8a7920d5ce2"
"data/vla_bridge/widowx_mujoco_rlds_source_v1/images/episode_0025_step_0824.png","12661","148cbc9e6dc542c9cf0f4e9291b1f17cad9ef7ebb4abe2b6614128867f1729d4"
"data/vla_bridge/widowx_mujoco_rlds_source_v1/images/episode_0025_step_0915.png","12576","53428fa1c463f6e57c6b2ed6721d59632f93de322874e254244d9d1353c3ffd6"
"data/vla_bridge/widowx_mujoco_rlds_source_v1/images/episode_0025_step_1007.png","12460","2591408c18007fe4cb523e99d633f314e717983980cf7f5f122ee7ce7f24b2d9"
"data/vla_bridge/widowx_mujoco_rlds_source_v1/images/episode_0025_step_1098.png","12547","f8ac6d8c65d93a2a39838372385e3b50872a59150221cf0ef402915313e76fe5"
"data/vla_bridge/widowx_mujoco_rlds_source_v1/images/episode_0025_step_1190.png","12664","75780c896edc4e2ca2f2cc7126f5861e5363146083adfd58bc874f26b48ff518"
"data/vla_bridge/widowx_mujoco_rlds_source_v1/images/episode_0025_step_1282.png","12501","bc376f0ab3c62680acaed67b39c6c995e3d24c3cd33d2ed521d0d83f3f927a4c"
"data/vla_bridge/widowx_mujoco_rlds_source_v1/images/episode_0025_step_1373.png","12666","ef893b11a1e7f1cf2affa510ca3bd6a9717670211537b4bc829722ec59b129ff"
"data/vla_bridge/widowx_mujoco_rlds_source_v1/images/episode_0025_step_1465.png","12708","90533613dc4fe193a17239c4a4cc793929e8f3a9c66bb4b7b3f822b1444bebaa"
"data/vla_bridge/widowx_mujoco_rlds_source_v1/images/episode_0025_step_1556.png","13051","ac7ec9e2daeded904bf75118bdb5a7b85180a445b774cc99fb72373856410751"
"data/vla_bridge/widowx_mujoco_rlds_source_v1/images/episode_0025_step_1648.png","13413","c82ebee5d962e0c6032cdd9e29db3c8f04e6b2649ca998d899c71bf5bf174714"
"data/vla_bridge/widowx_mujoco_rlds_source_v1/images/episode_0025_step_1740.png","13681","3ec203ade5ae7031926e229fbd09d42936b6432ab6055d640a4402f0dbb86deb"
"data/vla_bridge/widowx_mujoco_rlds_source_v1/images/episode_0025_step_1831.png","13889","08bcfe127cdce187d3670ec43a1b4250d7d6a4dce1732350efea0100438714dd"
"data/vla_bridge/widowx_mujoco_rlds_source_v1/images/episode_0025_step_1923.png","14079","935a79ebbb61d994931fab38ef64bb431d2f61613e54c08c8b683c39acf2e16a"
"data/vla_bridge/widowx_mujoco_rlds_source_v1/images/episode_0025_step_2014.png","13797","71dfe60e591bfa5d62a12c6e1eb6a91c7748d985c59412552ac53a4d1838df4d"
"data/vla_bridge/widowx_mujoco_rlds_source_v1/images/episode_0025_step_2106.png","13730","5b5f015af499424528532599c097bb5593cb1e48190ac37e88e687e8cb3b54ea"
"data/vla_bridge/widowx_mujoco_rlds_source_v1/images/episode_0025_step_2197.png","13714","05860ada7b5955fe6aeec95af498dfc9640ab1acab53adf1a6048020ba5d7374"
"data/vla_bridge/widowx_mujoco_rlds_source_v1/images/episode_0025_step_2289.png","13746","aff09f5d0738f5265d151bd816a85583580c58ee5294a7233f9e9fa0e9395f83"
"data/vla_bridge/widowx_mujoco_rlds_source_v1/images/episode_0025_step_2381.png","13753","9e554e08bc9be0d095e9e47f14f88016d25f1c13ee760e7cd7256e66ee6f0a17"
"data/vla_bridge/widowx_mujoco_rlds_source_v1/images/episode_0025_step_2472.png","13817","9a2f8e6678260b9983764abb514d62ddee0db5eac799686b07946c676c0aa131"
"data/vla_bridge/widowx_mujoco_rlds_source_v1/images/episode_0025_step_2564.png","13765","e0498d7f3a604bf7b0883471d86b3dacd57cd21c2d813cb3e411445ce8b9a8bf"
"data/vla_bridge/widowx_mujoco_rlds_source_v1/images/episode_0025_step_2655.png","13985","ac9b90afd89317a8b49e77358f4e8f5892a0c8cbb9ebb6255b3d1cd3a7d651b7"
"data/vla_bridge/widowx_mujoco_rlds_source_v1/images/episode_0025_step_2747.png","13915","36508e61f97febe53aa4fc09104f0fa3ae697367bfd4fc19c9f7f7dea39821ed"
"data/vla_bridge/widowx_mujoco_rlds_source_v1/images/episode_0025_step_2839.png","13974","b990efba7e01ff3f2de12965012c9bdf3dd0f434c2e82a6b3e342a5ac4670509"
"data/vla_bridge/widowx_mujoco_rlds_source_v1/images/episode_0026_step_0000.png","12106","82bba6a9b2d7d067bafd51bc95f3a0324801064f17cd6cc8b441941d6cd20577"
"data/vla_bridge/widowx_mujoco_rlds_source_v1/images/episode_0026_step_0091.png","12285","144b7c44e6a419b4c460d38305539565f6bcc46074bf3960bc6dedab3f10283f"
"data/vla_bridge/widowx_mujoco_rlds_source_v1/images/episode_0026_step_0183.png","12514","a15e96ba8e012efb552252dc1841b923ab69347dcece0e3cefb739e3590f0a2a"
"data/vla_bridge/widowx_mujoco_rlds_source_v1/images/episode_0026_step_0274.png","12459","d94b7d8bc4fda5b9a8fd74ebb67001ef0587f34c7593f626ebaaa1638e37e28b"
"data/vla_bridge/widowx_mujoco_rlds_source_v1/images/episode_0026_step_0366.png","12452","e3d6bf490b5ad29a479da1d2008d0a3ac67259e4db1a19ca150ce4bd7eb2e920"
"data/vla_bridge/widowx_mujoco_rlds_source_v1/images/episode_0026_step_0457.png","12455","21f673dff657e5f73a1a4873e1cebfd5eff310f78a62e551206511c190fdc99c"
"data/vla_bridge/widowx_mujoco_rlds_source_v1/images/episode_0026_step_0549.png","12509","4051bd249e648d641e3a65728d71055a14dadbed720f0e395708935134d47efb"
"data/vla_bridge/widowx_mujoco_rlds_source_v1/images/episode_0026_step_0641.png","12497","ce8110b834b94c8778d06c005fce9ceb51761bcd805055f5d4021c42545845de"
"data/vla_bridge/widowx_mujoco_rlds_source_v1/images/episode_0026_step_0732.png","12528","73fc9e60c23b4dc831c16f7a4f98881a3dd9dcb28ad3d7a13d730df265872a50"
"data/vla_bridge/widowx_mujoco_rlds_source_v1/images/episode_0026_step_0824.png","12415","f11a84e951446cfd51c248107b35bbbf1835ee07a4635b3799af7635d5c837e6"
"data/vla_bridge/widowx_mujoco_rlds_source_v1/images/episode_0026_step_0915.png","12463","c3b153747a0e315e0f2b4d017d6420887bca8da51cc63f36a7845d97947fec6e"
"data/vla_bridge/widowx_mujoco_rlds_source_v1/images/episode_0026_step_1007.png","12547","3b05ab7e2b71b28e13e7fe0d6ca25e0f41b876de4623df6dd15fd02907c15110"
"data/vla_bridge/widowx_mujoco_rlds_source_v1/images/episode_0026_step_1098.png","12509","70dcdf98223d71d059ad42df25faa2437b1c1d4b1670580e67e1db98696a32fc"
"data/vla_bridge/widowx_mujoco_rlds_source_v1/images/episode_0026_step_1190.png","12557","31b3f98376f86b2365cb4186498818a3c3c6cf0732b1b36f9ad78728aa2c5df6"
"data/vla_bridge/widowx_mujoco_rlds_source_v1/images/episode_0026_step_1282.png","12819","35465781b9b6c8a990768ef674c82129a1f4137e6b7a27be848dea0721dbef46"
"data/vla_bridge/widowx_mujoco_rlds_source_v1/images/episode_0026_step_1373.png","12927","e9d3f7524f13e1eecc4dd8cf315d30dc1576fa8135d014ed1a868628aaf3a323"
"data/vla_bridge/widowx_mujoco_rlds_source_v1/images/episode_0026_step_1465.png","13088","880cbea385ec92804b7a2417766a0468f615d3f0a1fb102035a56b9510f0e9de"
"data/vla_bridge/widowx_mujoco_rlds_source_v1/images/episode_0026_step_1556.png","13381","6e41f82aebf686632182f334d6b95ff220c2c282b5a9277d61b671e7496595ed"
"data/vla_bridge/widowx_mujoco_rlds_source_v1/images/episode_0026_step_1648.png","13802","f233e0efdaeba48f629dfdc2bfc6eb038471efb15855889b4d3d75bdf67c7da9"
"data/vla_bridge/widowx_mujoco_rlds_source_v1/images/episode_0026_step_1740.png","14159","9d65299c54bb000e43ed9e18b2c65f1b5c20cc844cbd3c6aa9d633ffcc2c0f6d"
"data/vla_bridge/widowx_mujoco_rlds_source_v1/images/episode_0026_step_1831.png","13960","f6ac6cfceefcfbbae0d262c75f62c2c87f86229a9611ae19a53cfe7e61f57174"
"data/vla_bridge/widowx_mujoco_rlds_source_v1/images/episode_0026_step_1923.png","14081","60149794af04562ad08bcc30fbf961ac2cdddb907233dc27a7b288462ac97156"
"data/vla_bridge/widowx_mujoco_rlds_source_v1/images/episode_0026_step_2014.png","13967","040987bc8cdb19e60da20e88345cd8323e13a58b81bd541abced65e295434f3d"
"data/vla_bridge/widowx_mujoco_rlds_source_v1/images/episode_0026_step_2106.png","13828","529309f49ce3cf76a5fa8863d9e79e95f04bccfccf6cedb107fecfce5a1b11cc"
"data/vla_bridge/widowx_mujoco_rlds_source_v1/images/episode_0026_step_2197.png","13794","a2070bee9205c5aa7aac47356e33a3232c47581f7173be48021215e518bc3128"
"data/vla_bridge/widowx_mujoco_rlds_source_v1/images/episode_0026_step_2289.png","13889","276df80bd206715e50e8abcc98bac33ddda3328dbcbec63b3f8170d897666a75"
"data/vla_bridge/widowx_mujoco_rlds_source_v1/images/episode_0026_step_2381.png","13875","dc5025d30693399e1cdc2585bd8cf1ab29e5e7f47ce64abf7cde075df795bc19"
"data/vla_bridge/widowx_mujoco_rlds_source_v1/images/episode_0026_step_2472.png","13824","a81dc297b30d30cc823c89a4ae1118591e8d87184bc749b7555bc61e4d3681ab"
"data/vla_bridge/widowx_mujoco_rlds_source_v1/images/episode_0026_step_2564.png","13887","752f954c057d201ef36df81b9fb6a44f612c6245cd5fa64bf2aec0867be4ac0c"
"data/vla_bridge/widowx_mujoco_rlds_source_v1/images/episode_0026_step_2655.png","14060","5fbcdde0f885aaa5ab3b85dbf4fd53b16e8eb4ccf0333ed3b2ea450c7c8ec3fd"
"data/vla_bridge/widowx_mujoco_rlds_source_v1/images/episode_0026_step_2747.png","14053","ef1b3d3f18d395cc4f1ac8de792b2c9ebd19326d15be5f6e0a96922857e8d451"
"data/vla_bridge/widowx_mujoco_rlds_source_v1/images/episode_0026_step_2839.png","14105","c889fd97826e16b2bdaea0c576247ee670ee44b51ccce49033f6089189bb4cf3"
"data/vla_bridge/widowx_mujoco_rlds_source_v1/images/episode_0027_step_0000.png","12049","819fef3e0eead18486258790e28adc30618c98e4e66a95b9ac4f0b45c9d190f7"
"data/vla_bridge/widowx_mujoco_rlds_source_v1/images/episode_0027_step_0091.png","12357","f2fc9bf70f4108ac822e09c3f7dbe939311156b81a0b1400041f2c40db56c2b3"
"data/vla_bridge/widowx_mujoco_rlds_source_v1/images/episode_0027_step_0183.png","12502","e52a3af3edf259ef92505dc2ca12f11a8837b72a4634bf87de21d8a456686c8b"
"data/vla_bridge/widowx_mujoco_rlds_source_v1/images/episode_0027_step_0274.png","12769","e19e52d4b90aa66fa159dadb76da51b5b5c1218bc29b52d4a40d777ede078b0f"
"data/vla_bridge/widowx_mujoco_rlds_source_v1/images/episode_0027_step_0366.png","12923","7cd5c21127e7935b706fcd263f097ffe6aa533b3e9be509c079c738fe1607126"
"data/vla_bridge/widowx_mujoco_rlds_source_v1/images/episode_0027_step_0457.png","12855","4033d8535f7e7ec3e4014d2aebec41a872d197f0bea14168218edf0c1365fbc8"
"data/vla_bridge/widowx_mujoco_rlds_source_v1/images/episode_0027_step_0549.png","12937","b8e53c6811a2a52af73c4cdd9830e8ba3832c0d76e645ce9190546e7b3d43730"
"data/vla_bridge/widowx_mujoco_rlds_source_v1/images/episode_0027_step_0641.png","13023","965d017a5a09532f879a4ef930f385f997a76b705b648f77e63db5363f49bb7f"
"data/vla_bridge/widowx_mujoco_rlds_source_v1/images/episode_0027_step_0732.png","13022","a10ecdbd1b44502d6c5a0997fefa305e3b699611c8966c585000ee04d8ced6b9"
"data/vla_bridge/widowx_mujoco_rlds_source_v1/images/episode_0027_step_0824.png","12957","5e596efd9746a952728798b5306a113d9abb400362cc30960da1f781a671090f"
"data/vla_bridge/widowx_mujoco_rlds_source_v1/images/episode_0027_step_0915.png","12906","f97ddeaa61f1bfd04f784aa5d5a27a8715885b8ad48443fd8fb1a98cc56b2051"
"data/vla_bridge/widowx_mujoco_rlds_source_v1/images/episode_0027_step_1007.png","12938","cab633808daad12e2299bd1f90bd8fa106a6cefdd67ee43009644a198135dabb"
"data/vla_bridge/widowx_mujoco_rlds_source_v1/images/episode_0027_step_1098.png","12707","f0f7251418be3afbcddc43881ed87faf5e7190e1c010ec5281f9ab108049eb04"
"data/vla_bridge/widowx_mujoco_rlds_source_v1/images/episode_0027_step_1190.png","12643","2d3d5a7b7bf3fa20b877452c6f253669d110de94b9f821344d4f5e30eb24a9df"
"data/vla_bridge/widowx_mujoco_rlds_source_v1/images/episode_0027_step_1282.png","12825","97df4ffa34de8f9838b7ca4fccbd9808a1d909530c7d8e003d45018c0e793f87"
"data/vla_bridge/widowx_mujoco_rlds_source_v1/images/episode_0027_step_1373.png","13079","1bb02a06dc80d45c1833e61502d44c5c250eeb8023089b7b12ae42b0d67b91df"
"data/vla_bridge/widowx_mujoco_rlds_source_v1/images/episode_0027_step_1465.png","12933","cf0f104dd2bcd7e02002d2da75146efce0865f257239baf5d8137e87b26f68e3"
"data/vla_bridge/widowx_mujoco_rlds_source_v1/images/episode_0027_step_1556.png","13169","56a7edd028f84b1a49264f289e193f19f2add5ee0acfe40715d5ba7e4afb310f"
"data/vla_bridge/widowx_mujoco_rlds_source_v1/images/episode_0027_step_1648.png","13629","7c68b161bc9114949c348c30575097bd0dff861cb669ec02ec51d2ca2e319245"
"data/vla_bridge/widowx_mujoco_rlds_source_v1/images/episode_0027_step_1740.png","13571","073c363acf3ead663b5bd5bc2fc128b3c238ce09c69a4f8dc15f6667af65cd13"
"data/vla_bridge/widowx_mujoco_rlds_source_v1/images/episode_0027_step_1831.png","13765","c289f04f21702f50f42e9b197a65056b0520caa0392814bab83cca7bd0c18dc1"
"data/vla_bridge/widowx_mujoco_rlds_source_v1/images/episode_0027_step_1923.png","13899","c9b524f194f49353c784e52b73fabad452c4d665a45c6b6028d6548c34985f06"
"data/vla_bridge/widowx_mujoco_rlds_source_v1/images/episode_0027_step_2014.png","13707","994eb52fec4bfb42bc42365388142f27ff83405709d4940c3accb597864e9e4f"
"data/vla_bridge/widowx_mujoco_rlds_source_v1/images/episode_0027_step_2106.png","13768","bb9fba7af1f02aec933819f5c6a672a6e2e40dc1b47dedd925d964767cba1b73"
"data/vla_bridge/widowx_mujoco_rlds_source_v1/images/episode_0027_step_2197.png","13771","2c62814132d9f34abd2ea286b35ffdba800674982d97878d18855b196318d2d4"
"data/vla_bridge/widowx_mujoco_rlds_source_v1/images/episode_0027_step_2289.png","13664","2ffd48ff5dab5866db26da3ef7420b240373436daf6e7ae8eb0bfef97c5c9e52"
"data/vla_bridge/widowx_mujoco_rlds_source_v1/images/episode_0027_step_2381.png","13721","64c52bc9787d48a0c4f5123e94b3c5d4fee2cf60bb8d62db1295cbb166bccac7"
"data/vla_bridge/widowx_mujoco_rlds_source_v1/images/episode_0027_step_2472.png","13550","a03aef7c0a82e25d1a948d64ba41eea665eb18c7e65e969bca67d28e8d77479a"
"data/vla_bridge/widowx_mujoco_rlds_source_v1/images/episode_0027_step_2564.png","13557","ff25d7fb23a2a218f864eb77749b937e311853241c300869e13ca4b103da5eb3"
"data/vla_bridge/widowx_mujoco_rlds_source_v1/images/episode_0027_step_2655.png","13830","c21b231c4d5b84609460ec20652f182132ccd898c200cd3d5682cd9d8a34df95"
"data/vla_bridge/widowx_mujoco_rlds_source_v1/images/episode_0027_step_2747.png","13798","a05ffa71a8ee66f1324fb60604ab7fe60c53e5541b2a48f3dfcd5904570c653f"
"data/vla_bridge/widowx_mujoco_rlds_source_v1/images/episode_0027_step_2839.png","13862","b596ff3c5ebb11321bc8f34949a3ef50ded78b9aa4889e70a435add293330b16"
"data/vla_bridge/widowx_mujoco_rlds_source_v1/images/episode_0028_step_0000.png","12059","911f27a9b575119318ac67f84c59fddabeda9585a574a38c85b41ca5b72c9a9a"
"data/vla_bridge/widowx_mujoco_rlds_source_v1/images/episode_0028_step_0091.png","12227","92424dff7ff9d67833ac948a3d08bee779b69191b84288c290c7b8ac019c7cfe"
"data/vla_bridge/widowx_mujoco_rlds_source_v1/images/episode_0028_step_0183.png","12235","b4b879d048dabc7dc6f575365e3c23192c6f1bc9030abae93260bc3231e54f8e"
"data/vla_bridge/widowx_mujoco_rlds_source_v1/images/episode_0028_step_0274.png","12248","ae8456b4d6adb2e80c15b7cbacfa8a5b334979f44fa0f411ee7fdc4d79b3d0e7"
"data/vla_bridge/widowx_mujoco_rlds_source_v1/images/episode_0028_step_0366.png","12243","38d3c6373e202946b4ec00e586bb9c971916a68063233c5d8eedcc0245ea2584"
"data/vla_bridge/widowx_mujoco_rlds_source_v1/images/episode_0028_step_0457.png","12250","d72f20ef9e8f1f772cf71387f8c8627d085d423873e9f831212ffd1b5bfe3524"
"data/vla_bridge/widowx_mujoco_rlds_source_v1/images/episode_0028_step_0549.png","12327","849146442ce381d444070069634ace29c5a8b0be76c895d2f2d2b031eaa5e75c"
"data/vla_bridge/widowx_mujoco_rlds_source_v1/images/episode_0028_step_0641.png","12218","b5bca5df008ae9dfeff6c2a8abb4de9f17fc899411736b355910063da870dd00"
"data/vla_bridge/widowx_mujoco_rlds_source_v1/images/episode_0028_step_0732.png","12220","0f226600a19da1624a6d958583088d2f36f975a64147bafb5887837a5bafb18d"
"data/vla_bridge/widowx_mujoco_rlds_source_v1/images/episode_0028_step_0824.png","12308","29e1775cb58bfcdebfc656af3d67b080b448b661ec6aca9e902c0f26eb958e9e"
"data/vla_bridge/widowx_mujoco_rlds_source_v1/images/episode_0028_step_0915.png","12133","51fa4a9b36cb93d3785cec5420241392af441c28ff8c64cf282d7f3ab75a248e"
"data/vla_bridge/widowx_mujoco_rlds_source_v1/images/episode_0028_step_1007.png","12294","b367ffea38c9a892f391d0e2e2a1307228d48c1be6f00985a914420d0fc7910c"
"data/vla_bridge/widowx_mujoco_rlds_source_v1/images/episode_0028_step_1098.png","12221","89fb7ab76842d0263248b30b4b1266fb1df11c100e3478d7a517fb45775c9e9d"
"data/vla_bridge/widowx_mujoco_rlds_source_v1/images/episode_0028_step_1190.png","12228","071f0813f7d062041a9e43598ec8bacd357351721efa2d9912b68a1267e144ca"
"data/vla_bridge/widowx_mujoco_rlds_source_v1/images/episode_0028_step_1282.png","12437","32d776c708e65847b577ffc53691db0d43a7b49157de031645ee479bcb65593e"
"data/vla_bridge/widowx_mujoco_rlds_source_v1/images/episode_0028_step_1373.png","12650","352155d9374e82e3626e1ddcf6302058cae2a45be96deb92b8972016912af130"
"data/vla_bridge/widowx_mujoco_rlds_source_v1/images/episode_0028_step_1465.png","12813","7e334d8e68f88274ca20c6b05f63ae57baacf09af806b3d07f70be3d6647ea44"
"data/vla_bridge/widowx_mujoco_rlds_source_v1/images/episode_0028_step_1556.png","13187","40a11f66a925a9d038bd831820c8d0f3862b73c743e2c6b6cd8f456d2a3f8f8c"
"data/vla_bridge/widowx_mujoco_rlds_source_v1/images/episode_0028_step_1648.png","13526","81e4bef5d3d2f3da1550c3dc9213bb586810f1f8acc6f0039b4bf26d8a95f520"
"data/vla_bridge/widowx_mujoco_rlds_source_v1/images/episode_0028_step_1740.png","13937","250493cfad2438d97529024b0071ce66fd0de3d87055b188d0db0d1025cfa5c2"
"data/vla_bridge/widowx_mujoco_rlds_source_v1/images/episode_0028_step_1831.png","13925","d4e6d33dd39af19f2d5467f6bfbaabd946bd5111ad5870cb8b9cb2288d202789"
"data/vla_bridge/widowx_mujoco_rlds_source_v1/images/episode_0028_step_1923.png","14029","4feebb6c2cd32372ced7a8fe4b7170b0d96f081b31fa88b75700a313ae7e1e26"
"data/vla_bridge/widowx_mujoco_rlds_source_v1/images/episode_0028_step_2014.png","13935","7a6d3ff29970da220c7289bc4c274b30df60deb40723d1f3b9f4410f696a5530"
"data/vla_bridge/widowx_mujoco_rlds_source_v1/images/episode_0028_step_2106.png","13805","ba2e4f0c882279cf5ceb5e4b44d6f20766eb5b4b1e80594523d1b68180b65ca5"
"data/vla_bridge/widowx_mujoco_rlds_source_v1/images/episode_0028_step_2197.png","13793","21619dee90138ecb642cfce4e7b57e38c7140ce94924219d5e0401803ee5cb7f"
"data/vla_bridge/widowx_mujoco_rlds_source_v1/images/episode_0028_step_2289.png","13746","5fd844b1775dadb6ffbc399142c128cf2d6c7f0fdc56d07a3b7f5e596bce6cef"
"data/vla_bridge/widowx_mujoco_rlds_source_v1/images/episode_0028_step_2381.png","13730","7032301d125557d8ca5db5ff6e89d4cbc9c5b5ebe9df317049c4f1e3db0f6d0a"
"data/vla_bridge/widowx_mujoco_rlds_source_v1/images/episode_0028_step_2472.png","13780","0fc8477678597745485122128b79a9b00e69bf750367e5d37ea413dece993384"
"data/vla_bridge/widowx_mujoco_rlds_source_v1/images/episode_0028_step_2564.png","13873","55752990bbfced09a4ce8a090029f4ff4a35670c52083a64d3eebc647045d429"
"data/vla_bridge/widowx_mujoco_rlds_source_v1/images/episode_0028_step_2655.png","14051","254f0f07d890178100d07997465e233e82c830577dd6e682439d27328770f575"
"data/vla_bridge/widowx_mujoco_rlds_source_v1/images/episode_0028_step_2747.png","14029","eb1f4daa55962ff44046805c23a6d25e5774145bf0cf22771f5cb58c34eddc3f"
"data/vla_bridge/widowx_mujoco_rlds_source_v1/images/episode_0028_step_2839.png","14035","e51f9453969d71957a543ed85c8c6aa9dd3f67e4d7345c5e387e3a3a838219b2"
"data/vla_bridge/widowx_mujoco_rlds_source_v1/images/episode_0029_step_0000.png","12114","2744bd278e368caa084c545ac11ab3714313f867cb82a16421d4914ff7053f8b"
"data/vla_bridge/widowx_mujoco_rlds_source_v1/images/episode_0029_step_0091.png","12502","73e6601dc62a7882bd6d4ae113bdd34f9932e7004dd51d89e62b68d2e937fc00"
"data/vla_bridge/widowx_mujoco_rlds_source_v1/images/episode_0029_step_0183.png","12672","be42c1778e38bce7486c418ecdbe2fc04f34722221a41653823543e945be0fde"
"data/vla_bridge/widowx_mujoco_rlds_source_v1/images/episode_0029_step_0274.png","13035","937eea29bf3f6609a4ba5460e14a1911705e20ba35c30fdc815bc1be5abdeaf3"
"data/vla_bridge/widowx_mujoco_rlds_source_v1/images/episode_0029_step_0366.png","13180","31ac74e5ab1f49605eed42f06aa87b2be86a46fd3bee77d6b43af2a628337a7b"
"data/vla_bridge/widowx_mujoco_rlds_source_v1/images/episode_0029_step_0457.png","13203","093f6b77a336ccb1b691987e7b53c76fc54ac976486d41f0db48936239c7698b"
"data/vla_bridge/widowx_mujoco_rlds_source_v1/images/episode_0029_step_0549.png","13222","9a90788804875f71598f36d22bb42e428fc66ffba1a2e5e4294f36d297bf8290"
"data/vla_bridge/widowx_mujoco_rlds_source_v1/images/episode_0029_step_0641.png","13191","052d11e8993cf1d63d1e60afb38a1c19187e59b3be7a1d85926c75947f35fac3"
"data/vla_bridge/widowx_mujoco_rlds_source_v1/images/episode_0029_step_0732.png","13236","0f88c12a3d89c84b60bd42190b0926b8b2482e2168327067c63fc9447809cc41"
"data/vla_bridge/widowx_mujoco_rlds_source_v1/images/episode_0029_step_0824.png","13211","3c8c76be66f992c3be9a98ea8b5fdbf88662ae4cb44481d1b1eaa4e1f30de294"
"data/vla_bridge/widowx_mujoco_rlds_source_v1/images/episode_0029_step_0915.png","13269","2e2c8bad9442c8ca65da08057345dd68fef227033bbcd9e74ef12dd0739b009f"
"data/vla_bridge/widowx_mujoco_rlds_source_v1/images/episode_0029_step_1007.png","13120","ab45dc9979bc6215fb4c4275ced11ffe674cdc8510e77987c3ccce4ec0a14dee"
"data/vla_bridge/widowx_mujoco_rlds_source_v1/images/episode_0029_step_1098.png","13161","cce869ce176c3c0cc577678660dadca9df8c06815ad0eb00e9383c96f18c1190"
"data/vla_bridge/widowx_mujoco_rlds_source_v1/images/episode_0029_step_1190.png","13055","0d833593accabc726fe1ddab503b22b254c4c819536345f5dde9e2d8001166d8"
"data/vla_bridge/widowx_mujoco_rlds_source_v1/images/episode_0029_step_1282.png","13298","d536f3e902a3b7cc879b79d5d647e4b145ec1c16acc93c635b147f3436ee2aa2"
"data/vla_bridge/widowx_mujoco_rlds_source_v1/images/episode_0029_step_1373.png","13385","d562a518d9c4e799257e5871a92e58532b92eb6d43608d153b5f6f6e19e7523f"
"data/vla_bridge/widowx_mujoco_rlds_source_v1/images/episode_0029_step_1465.png","13676","0fd31ccc3af90c9f362c24e49ea59dd6cd62cc7c46ce4b3c04e2dc96ceb512a1"
"data/vla_bridge/widowx_mujoco_rlds_source_v1/images/episode_0029_step_1556.png","13908","ce998346e2de6a8fd1461143abe059dca15df35cc94d91cedb7c02890824a304"
"data/vla_bridge/widowx_mujoco_rlds_source_v1/images/episode_0029_step_1648.png","13966","3b87f5fe6f5b800efef92db89204232eaa174d4e76708ef866fb909bd3a94753"
"data/vla_bridge/widowx_mujoco_rlds_source_v1/images/episode_0029_step_1740.png","14107","a113715a63094deb61fbd17a3e2db9d597ca2a615ceb53f8c15098ca1657be04"
"data/vla_bridge/widowx_mujoco_rlds_source_v1/images/episode_0029_step_1831.png","14065","f4c1104132b7074b72c8163a48f80a85006da0fed7490c6943a9164bf192c1bc"
"data/vla_bridge/widowx_mujoco_rlds_source_v1/images/episode_0029_step_1923.png","14073","f1e5bc941d1023682176a655799c245594c0bbb02b50e49006591eae6d8e43f1"
"data/vla_bridge/widowx_mujoco_rlds_source_v1/images/episode_0029_step_2014.png","13974","a0fb16b4428ef5fbc0b36c0d41f109354ee5096d9b03e6c2a1a8f665beba7920"
"data/vla_bridge/widowx_mujoco_rlds_source_v1/images/episode_0029_step_2106.png","13887","7994aa487abada0f156990a7f45c74561032dc2a5a26d1638f73150b4b06e4d6"
"data/vla_bridge/widowx_mujoco_rlds_source_v1/images/episode_0029_step_2197.png","13731","38dbbcdabed0970f9aa3ca93601f8e0bfe8b152456f434000646421a5f3d98cc"
"data/vla_bridge/widowx_mujoco_rlds_source_v1/images/episode_0029_step_2289.png","13835","b1cc82de3596494addad4c925d49ff17ba6f658ad740ae315a1ae641760a0916"
"data/vla_bridge/widowx_mujoco_rlds_source_v1/images/episode_0029_step_2381.png","13865","30db08ec1dab5f2b4746fe8600c9dfa09316de513670b9a860d883035cf1d532"
"data/vla_bridge/widowx_mujoco_rlds_source_v1/images/episode_0029_step_2472.png","13811","3e005a926c6c30f87261a2588c8951cb4d43d702ae91d045f673088fefae03dc"
"data/vla_bridge/widowx_mujoco_rlds_source_v1/images/episode_0029_step_2564.png","13912","b20fc8ff882f4114b1b868b1abe465a2eb7e1125f3fb26739f1690698a790f9f"
"data/vla_bridge/widowx_mujoco_rlds_source_v1/images/episode_0029_step_2655.png","14075","b259011f323585f386fd8ea8b1cbd3ec340395003ca64d57a97c82bbc27ee0a7"
"data/vla_bridge/widowx_mujoco_rlds_source_v1/images/episode_0029_step_2747.png","14009","4146f152107a38c7c74c66095db7306c1d3d086ccb14885aec69b0810de5c9e4"
"data/vla_bridge/widowx_mujoco_rlds_source_v1/images/episode_0029_step_2839.png","14032","763a8663b6a127290ba1a382ac1c5488d763934365127e9b26a23da2544bed97"
"data/vla_bridge/widowx_mujoco_rlds_source_v1/images/episode_0030_step_0000.png","12134","30dacfefaf8e5c72a1e24ac255841eb684080729f840fc837e77952cfe50d775"
"data/vla_bridge/widowx_mujoco_rlds_source_v1/images/episode_0030_step_0091.png","12554","4312aa4bb3dd390fda67f52ea1b7d5b1545d1a6841e0733616fab16f46111fca"
"data/vla_bridge/widowx_mujoco_rlds_source_v1/images/episode_0030_step_0183.png","12736","33187594b6d6a4cf3c7caf0c955411b844afd5e2832d2309aecb49784feba65e"
"data/vla_bridge/widowx_mujoco_rlds_source_v1/images/episode_0030_step_0274.png","13620","a7a82d8c0c1cb598b30309a4aff0d162f8c70bce7d4e63238a4153f8b9ba59cb"
"data/vla_bridge/widowx_mujoco_rlds_source_v1/images/episode_0030_step_0366.png","13422","dd9378740370acb2cf8dd7d1092aae1eeb1f952819720788e756bd69a4fa6c63"
"data/vla_bridge/widowx_mujoco_rlds_source_v1/images/episode_0030_step_0457.png","13286","1941fa061be97d772705ba07f5ca2a6affaf3af039d7fbe6e7c690c059c8a53b"
"data/vla_bridge/widowx_mujoco_rlds_source_v1/images/episode_0030_step_0549.png","13342","6cbbcf65397a3f5ca4510267745c6d3222304b81e6f9a25c886e0d1b7c242ab2"
"data/vla_bridge/widowx_mujoco_rlds_source_v1/images/episode_0030_step_0641.png","13306","5ba0abb9232324cdf68a38c129a74aecd1058a00022a5d916d3d0d74284560bd"
"data/vla_bridge/widowx_mujoco_rlds_source_v1/images/episode_0030_step_0732.png","13367","b924e43f6b2293cef369f1e369389d0e0997b0d9d7330b254ea06b71b001210f"
"data/vla_bridge/widowx_mujoco_rlds_source_v1/images/episode_0030_step_0824.png","13198","026dcbfbd3bdcc06a20e973d603344ec12c65554135403a8b2a753815e6f4749"
"data/vla_bridge/widowx_mujoco_rlds_source_v1/images/episode_0030_step_0915.png","13301","c089e933f959c23d7042be9aa14cb9ad608b09afc98d880d26e7c33b57a9bfb5"
"data/vla_bridge/widowx_mujoco_rlds_source_v1/images/episode_0030_step_1007.png","13577","e108696d9c0a61a565c62fd2ba5c73f0a6feea0d9648da76a1862a712ed19973"
"data/vla_bridge/widowx_mujoco_rlds_source_v1/images/episode_0030_step_1098.png","13563","e0db6a5cbc0db8903c8fd7f13eebeb24537e7b2452073e77349a54adff4dfe13"
"data/vla_bridge/widowx_mujoco_rlds_source_v1/images/episode_0030_step_1190.png","13618","08b1f0b7b5eabd384ff1506944442c875a77b6b7a7bf96298865e74cc6438802"
"data/vla_bridge/widowx_mujoco_rlds_source_v1/images/episode_0030_step_1282.png","13709","b87c36c7d0d0ddd4e4ae8e3f4728fec955aca587b5ad472239eb62e5f4be7c93"
"data/vla_bridge/widowx_mujoco_rlds_source_v1/images/episode_0030_step_1373.png","13758","d48dbd1bf2491bb1d4dd83091bafb7f3bfd3d85964182361189a49c7fb2d86ac"
"data/vla_bridge/widowx_mujoco_rlds_source_v1/images/episode_0030_step_1465.png","13794","ddc056a7cf4f145893e7bc940422a9e6fe1041df36cb759e9d2b03647236a70c"
"data/vla_bridge/widowx_mujoco_rlds_source_v1/images/episode_0030_step_1556.png","13840","154cf7b00b2f23528f94059e725b461b367c047d6d334e2455658a8ba14240e9"
"data/vla_bridge/widowx_mujoco_rlds_source_v1/images/episode_0030_step_1648.png","13979","46bc0af8b43e78d0ac6316e54cfc8cd642524cd388e816430f042d473b99f53b"
"data/vla_bridge/widowx_mujoco_rlds_source_v1/images/episode_0030_step_1740.png","13889","5c1fc808673fddb72109ed986583546bdc683ca9d82221b04f39b86c7e7199e3"
"data/vla_bridge/widowx_mujoco_rlds_source_v1/images/episode_0030_step_1831.png","13906","b1d9bdf8fddc0b2211fa0114d69ead1b04790f004e56072306203c8b29d7bdb4"
"data/vla_bridge/widowx_mujoco_rlds_source_v1/images/episode_0030_step_1923.png","14028","508c45fc229d4fa546f952576b912ed060086ad780b63c40fe70011465f36dfa"
"data/vla_bridge/widowx_mujoco_rlds_source_v1/images/episode_0030_step_2014.png","13922","14b343a7ccf462c7a215425094889d3560ff7b42acbea9096b404ac1a87af8aa"
"data/vla_bridge/widowx_mujoco_rlds_source_v1/images/episode_0030_step_2106.png","13802","a53fa71cacfa6f2e95b46ec9c094f75e3e50a62b07951e8d48d3b7bf182202ed"
"data/vla_bridge/widowx_mujoco_rlds_source_v1/images/episode_0030_step_2197.png","13681","1c597eaaeec51b8ea64079c14fb477c66350096e6d4f8f5ab78b02e4072b4551"
"data/vla_bridge/widowx_mujoco_rlds_source_v1/images/episode_0030_step_2289.png","13790","0dcc67ca50147b2ed3dc77c7993e6676c9dbfd61492389ad24dac23ed14ad72c"
"data/vla_bridge/widowx_mujoco_rlds_source_v1/images/episode_0030_step_2381.png","13765","7d61a7334b276c0515c4f2f417d8683926ff98766c7388eaccf0770bf016d8f8"
"data/vla_bridge/widowx_mujoco_rlds_source_v1/images/episode_0030_step_2472.png","13746","1550dcdf0e3bb8bb909756b3cfb705ddfbd04c9db70589a2feb137c8563f6fe5"
"data/vla_bridge/widowx_mujoco_rlds_source_v1/images/episode_0030_step_2564.png","13786","16f8fc66beb7ece5ec17d301902583ee35ae05ebed74d810e12f8dda210a8351"
"data/vla_bridge/widowx_mujoco_rlds_source_v1/images/episode_0030_step_2655.png","14062","038ebf2c8df24b37a8afa8001511049513c7fad56f2e6c3419cc1753e11e3894"
"data/vla_bridge/widowx_mujoco_rlds_source_v1/images/episode_0030_step_2747.png","13946","36a19bb1154d26d738161d8489891c5c2f7b99b0cdc3a7bb5cbf87424a58cd82"
"data/vla_bridge/widowx_mujoco_rlds_source_v1/images/episode_0030_step_2839.png","13988","2801857809909844d12f9fcaf62aec554b59d3c039b4a1d6537eab4085cc4c8a"
"data/vla_bridge/widowx_mujoco_rlds_source_v1/images/episode_0031_step_0000.png","12127","f0d9758e5e6c34b0f89c08780dc26699e327d318f1581c570438d42f064e0735"
"data/vla_bridge/widowx_mujoco_rlds_source_v1/images/episode_0031_step_0091.png","12340","1f0cdae9f94207ae5ca6faf82859ac67832383d236929168eee1db2965c79fce"
"data/vla_bridge/widowx_mujoco_rlds_source_v1/images/episode_0031_step_0183.png","12445","e0225f81f580546d6d4c13403f2e5f7808f60b273a3f91fbb487e498ed815c53"
"data/vla_bridge/widowx_mujoco_rlds_source_v1/images/episode_0031_step_0274.png","12935","afb95f295c0ff2b39030b9dc71233334ca1361464ef87106a9e42e19c3778e2d"
"data/vla_bridge/widowx_mujoco_rlds_source_v1/images/episode_0031_step_0366.png","13212","2c728b74c35f0cc53c40a9421ed0af7edcb55a1394689a69c08d248bf5e6ccfd"
"data/vla_bridge/widowx_mujoco_rlds_source_v1/images/episode_0031_step_0457.png","13103","9d1a476bdc49c63a38895bb9e1d26cb90f9ca21939ecea4f86df48bf15b31d9c"
"data/vla_bridge/widowx_mujoco_rlds_source_v1/images/episode_0031_step_0549.png","13077","10bde9fccd588f24c68374e1e54c8caeecaa22d682493e55b5ac2c991f0ea289"
"data/vla_bridge/widowx_mujoco_rlds_source_v1/images/episode_0031_step_0641.png","13127","9a33fb368bacd410d6fce8212e276b367265a18ca4760ede9f3a13a911110c41"
"data/vla_bridge/widowx_mujoco_rlds_source_v1/images/episode_0031_step_0732.png","13181","eabd20faffdb0f9bb6f9587d8601f60644044608517cff24b4d2e12d6e4e8882"
"data/vla_bridge/widowx_mujoco_rlds_source_v1/images/episode_0031_step_0824.png","13135","909cdbc87695019f9c34bac95a21ca85bd6698719b0bd6cd033cb5b90b66b32d"
"data/vla_bridge/widowx_mujoco_rlds_source_v1/images/episode_0031_step_0915.png","13089","aef1ff62abb6f20c47905963d8e2d310397e3eef2e4c850838453f1606659330"
"data/vla_bridge/widowx_mujoco_rlds_source_v1/images/episode_0031_step_1007.png","13187","0edd2dec0356e67094af408bd9acb0ad1c9e163971af8ba445b5c931475e826c"
"data/vla_bridge/widowx_mujoco_rlds_source_v1/images/episode_0031_step_1098.png","13091","2bd7edd27241547e6087b7ff001c9f970cf507d3be47ac6c9e4dcc426b7e0096"
"data/vla_bridge/widowx_mujoco_rlds_source_v1/images/episode_0031_step_1190.png","12990","19edf66b6a75aebd5e9a2de1b35d758d7dc46c1e2385a9d07e2d5589f47efb53"
"data/vla_bridge/widowx_mujoco_rlds_source_v1/images/episode_0031_step_1282.png","12970","a85442550f0b0b05c06ceec198e43ea3a0e1a59fa3ac53f62cfc73405fc63599"
"data/vla_bridge/widowx_mujoco_rlds_source_v1/images/episode_0031_step_1373.png","12988","d76ca9bcfe8bd3b864d2b1c61cce91568c5f2049d33538debca9a7279854e710"
"data/vla_bridge/widowx_mujoco_rlds_source_v1/images/episode_0031_step_1465.png","13166","dab32d7bb4fb4f63490cbf7d149919d34273ec7e93743d431351af5b1682f4d3"
"data/vla_bridge/widowx_mujoco_rlds_source_v1/images/episode_0031_step_1556.png","13598","ce30dfa150526e1376bdfa09907d9ff560f55c9281925a2601925abd0b5aea2c"
"data/vla_bridge/widowx_mujoco_rlds_source_v1/images/episode_0031_step_1648.png","13570","2836ee8cac7fa63d651aa0f39a269a275a67e732a3a9473665aac4aaf824d7f8"
"data/vla_bridge/widowx_mujoco_rlds_source_v1/images/episode_0031_step_1740.png","13660","d350e3142e634e1dec638410e61eb12d292d648a21346b76f48eeebe4b20bb16"
"data/vla_bridge/widowx_mujoco_rlds_source_v1/images/episode_0031_step_1831.png","13883","2dd13f81e68654a8b8ddc8836306834119c7fd39e494dac26375b60ebd8d75ce"
"data/vla_bridge/widowx_mujoco_rlds_source_v1/images/episode_0031_step_1923.png","14096","37e89eeea1482a24a58f0cce5b3fd4b24310e2d7f66d63d2b87cf558d2919385"
"data/vla_bridge/widowx_mujoco_rlds_source_v1/images/episode_0031_step_2014.png","13881","34f28e25af90dc8494df6600426c589511417321c5b5c463d0696608579fefec"
"data/vla_bridge/widowx_mujoco_rlds_source_v1/images/episode_0031_step_2106.png","13779","39cd70e2ab81bec1027a77cc47c860593919bdebd85d3e475aaf3488b2e57754"
"data/vla_bridge/widowx_mujoco_rlds_source_v1/images/episode_0031_step_2197.png","13695","d99fdfca51dc3d99facea7f3623a2143a003141d9abdc6c6367fed5163649915"
"data/vla_bridge/widowx_mujoco_rlds_source_v1/images/episode_0031_step_2289.png","13840","71c9b0bcc665934dfd9244ed8479fb90b98fd4528714cef479b0be2ad37afc31"
"data/vla_bridge/widowx_mujoco_rlds_source_v1/images/episode_0031_step_2381.png","13749","9c0c1168010878210309455843443e7a6a70e323f95c5e4575a523a443f83b4c"
"data/vla_bridge/widowx_mujoco_rlds_source_v1/images/episode_0031_step_2472.png","13772","6cc27f650613f20f8c3548245b4431b17699b062943d40bd7b089f450715c4be"
"data/vla_bridge/widowx_mujoco_rlds_source_v1/images/episode_0031_step_2564.png","13862","4eb94cef3f7e33af4ca6b635045cbb01e9671bf872a7826603bba35a11e10711"
"data/vla_bridge/widowx_mujoco_rlds_source_v1/images/episode_0031_step_2655.png","14083","9c84d45dde587c65e24a56f3d5ff0d026aeb90dc4ce3f6e940631fe2e31993a5"
"data/vla_bridge/widowx_mujoco_rlds_source_v1/images/episode_0031_step_2747.png","14011","0f5ad8489368c46a15b44cbdf0526a924dee157434b9dd375c2763704c18f4c4"
"data/vla_bridge/widowx_mujoco_rlds_source_v1/images/episode_0031_step_2839.png","14052","088d5b7b111b203a6b3c9ea727b4954bb7bb233bf56537117ed7df6edef0db83"
"data/vla_bridge/widowx_mujoco_rlds_source_v1/images/episode_0032_step_0000.png","12061","983cd89c63550f768dec541a550ed2917ceb3c6c0ea70a35b0daa46aed6b9e39"
"data/vla_bridge/widowx_mujoco_rlds_source_v1/images/episode_0032_step_0091.png","12397","831db7c6ee8288d2593af7c0111e8d36124be4c2feb831115c5daae45abd34a5"
"data/vla_bridge/widowx_mujoco_rlds_source_v1/images/episode_0032_step_0183.png","12606","adf81fcc7e46f218997d66ad123806653fa086c5fe4a6c26c5c062ef14c66eac"
"data/vla_bridge/widowx_mujoco_rlds_source_v1/images/episode_0032_step_0274.png","12636","54201205257c9bb9ead0eae6841c9c4bd60e14a02e8e8a52c4ce64e9b162b961"
"data/vla_bridge/widowx_mujoco_rlds_source_v1/images/episode_0032_step_0366.png","12537","008c3190866d6fe5f4a3e2623c877ea34a18c8f64c6877771483c66e4e540bf6"
"data/vla_bridge/widowx_mujoco_rlds_source_v1/images/episode_0032_step_0457.png","12553","6533cfd0fb31d1e296f81d171f881647d2659bdd4548dec1f239e599a1db24bb"
"data/vla_bridge/widowx_mujoco_rlds_source_v1/images/episode_0032_step_0549.png","12634","3b0db2f044df1b79916d4718929c501e89df7d9257715af2cbe56ef0856d3540"
"data/vla_bridge/widowx_mujoco_rlds_source_v1/images/episode_0032_step_0641.png","12559","2aa88843e3e39dd354712d1b04db5240a4bdb19eb315c8036b585b15b8a438c2"
"data/vla_bridge/widowx_mujoco_rlds_source_v1/images/episode_0032_step_0732.png","12606","467a5ad0f1cf89855242fbb28dc74eb6e8942a9f4cbc58fee9988c26ff4cb63d"
"data/vla_bridge/widowx_mujoco_rlds_source_v1/images/episode_0032_step_0824.png","12510","805ed70728a9167ae1a553d9b140c61effef2c5e62bee186cb68cb596a7e4724"
"data/vla_bridge/widowx_mujoco_rlds_source_v1/images/episode_0032_step_0915.png","12450","6d32c83e6d6285ddc1be4fb189de1302c184af49d5a68f89d9e0b1b9a3fd70d6"
"data/vla_bridge/widowx_mujoco_rlds_source_v1/images/episode_0032_step_1007.png","12653","a1a11a6be6cabe8e45b9525e3827c3c9b4a905e2602b9b2883af4393fc6abed4"
"data/vla_bridge/widowx_mujoco_rlds_source_v1/images/episode_0032_step_1098.png","12800","84ebafa3e9cc390bb0ff7c8f1a36cefe8ea465b682315d258bfbc8e042841857"
"data/vla_bridge/widowx_mujoco_rlds_source_v1/images/episode_0032_step_1190.png","12736","b56581238890be7755e585c2ac94b26c0d7dedce2002736cea100fc9a7418f81"
"data/vla_bridge/widowx_mujoco_rlds_source_v1/images/episode_0032_step_1282.png","12977","64a2e14b2007c930b17926519a2c690e7aeffb22848e86d85629377349bb7d77"
"data/vla_bridge/widowx_mujoco_rlds_source_v1/images/episode_0032_step_1373.png","13210","8b9881638d8c465f8cc218517fc286c7cdedb6dc035e435f723b840fd4669868"
"data/vla_bridge/widowx_mujoco_rlds_source_v1/images/episode_0032_step_1465.png","13329","849096ee01fb65e3934b5597741aff1848c03f33cc6e25c59cb1885d1c0c9bab"
"data/vla_bridge/widowx_mujoco_rlds_source_v1/images/episode_0032_step_1556.png","13528","0c8d7ee14774b57dda1ceb387ed98a87c97c64189e2f2c33c6a5363a38c05b94"
"data/vla_bridge/widowx_mujoco_rlds_source_v1/images/episode_0032_step_1648.png","13733","c5d10b74db02cd05b325abd9d4dc25af57772c2733ac2d3dd88fec73c26c308e"
"data/vla_bridge/widowx_mujoco_rlds_source_v1/images/episode_0032_step_1740.png","13792","0bd5f100309a170a56516f536df026b9b7e4e11aabcdeba36e9fe571d00aaa0b"
"data/vla_bridge/widowx_mujoco_rlds_source_v1/images/episode_0032_step_1831.png","13970","cfd5d5495c5e45dded32e83acf66cf425fd3a9b99f742eecea9c3e53ada1ba1c"
"data/vla_bridge/widowx_mujoco_rlds_source_v1/images/episode_0032_step_1923.png","13848","11c1a35976e373896c516ccac56b24fcb3f8c0c2ed7679364c4444cc963c9560"
"data/vla_bridge/widowx_mujoco_rlds_source_v1/images/episode_0032_step_2014.png","13805","ae9bcead424eb86fa5698b7b92a87f3277d18a45d10dedcd96ff50e03992dda7"
"data/vla_bridge/widowx_mujoco_rlds_source_v1/images/episode_0032_step_2106.png","13645","371982f49704f380b7b3b40d14260dca454b1fd047eb316ea98cecf1fc23843c"
"data/vla_bridge/widowx_mujoco_rlds_source_v1/images/episode_0032_step_2197.png","13658","8f7c7694092625a78746bbb4c2ef3f41a02495ff5e198d19502b0ce2818c1a38"
"data/vla_bridge/widowx_mujoco_rlds_source_v1/images/episode_0032_step_2289.png","13642","e8fbc06539f86640bfda87ca7865611c449d93f21dbcf46e7d94748b0d2d440b"
"data/vla_bridge/widowx_mujoco_rlds_source_v1/images/episode_0032_step_2381.png","13640","a8fc93b555eed389804135f56f906116d936525ced77b33900013eaaa7982d8e"
"data/vla_bridge/widowx_mujoco_rlds_source_v1/images/episode_0032_step_2472.png","13702","35f79c101eedab5c8cd9a194dac0ef587bdb947dcb5c15b4fbc337ae552c5f52"
"data/vla_bridge/widowx_mujoco_rlds_source_v1/images/episode_0032_step_2564.png","13724","6f32b1d1b29fc264b173e01620ccb4169cb469ba7e239e29e6c5fd69b753efca"
"data/vla_bridge/widowx_mujoco_rlds_source_v1/images/episode_0032_step_2655.png","13917","88138670c1d0c34b746c6dd96206aad271af17cf7d6ddbd0df7ffd22decdde8c"
"data/vla_bridge/widowx_mujoco_rlds_source_v1/images/episode_0032_step_2747.png","13876","7996fa8619475daa20b2cbb47d7e172de36c07cedab3df0029c4dece4e3d7098"
"data/vla_bridge/widowx_mujoco_rlds_source_v1/images/episode_0032_step_2839.png","13809","dd1ab1c7fb6cd9ebd9108e23a795c3829fb8f18e593970cd1807f387569f49d0"
"data/vla_bridge/widowx_mujoco_rlds_source_v1/images/episode_0033_step_0000.png","12160","11c40e7a5faf3b1ba15bc20a773ff8f49c5e350f885d240ce0277ec559b8e021"
"data/vla_bridge/widowx_mujoco_rlds_source_v1/images/episode_0033_step_0091.png","12477","43af022569d80589b0f9fa15341406d1a2121cc3a2e05587bacf99dc9ecd9443"
"data/vla_bridge/widowx_mujoco_rlds_source_v1/images/episode_0033_step_0183.png","12629","ad2a11d02cb0496559244d3030c4e94670506460fe5f278c2eed21772bb2b488"
"data/vla_bridge/widowx_mujoco_rlds_source_v1/images/episode_0033_step_0274.png","13191","1a6c54be6620182f800dc73bea212626082feefdf7cd7f39ff8f6936b749f1ef"
"data/vla_bridge/widowx_mujoco_rlds_source_v1/images/episode_0033_step_0366.png","12977","797a12cc23adc0e5ca1bbc8f122a12a30eefa922cc32c4edf047c6a7998baef6"
"data/vla_bridge/widowx_mujoco_rlds_source_v1/images/episode_0033_step_0457.png","12831","06b39427a469173928cc945987c47f137e5c0eea778c246da8e6bfe6958af324"
"data/vla_bridge/widowx_mujoco_rlds_source_v1/images/episode_0033_step_0549.png","12749","4dc49e5f3475b6f283a393b3b1ee500d816c509a383b540a40bbe4c4120c3e92"
"data/vla_bridge/widowx_mujoco_rlds_source_v1/images/episode_0033_step_0641.png","12710","810e94c71f544b86dde5dde96155b986d3bf650ba55169a2516b4946805d1666"
"data/vla_bridge/widowx_mujoco_rlds_source_v1/images/episode_0033_step_0732.png","12691","41610831ed399b1aaacc5bd23031614e52033da581d21ab6219ac1da22509c54"
"data/vla_bridge/widowx_mujoco_rlds_source_v1/images/episode_0033_step_0824.png","12817","b968078e798af55d8f97c7a316293450bf95ff8e9a2f3cf9e678a383165e80a1"
"data/vla_bridge/widowx_mujoco_rlds_source_v1/images/episode_0033_step_0915.png","12854","ac02c66e425358b22653779cae3cbd433d783d6e55a02a69d476a419b6f5f461"
"data/vla_bridge/widowx_mujoco_rlds_source_v1/images/episode_0033_step_1007.png","13061","e8fdc6a77a540073f0150c466047ef69493214b92cf681e2e66a0edcb3e59e1d"
"data/vla_bridge/widowx_mujoco_rlds_source_v1/images/episode_0033_step_1098.png","13253","361c004d1adc17922653fd820c511f1287227be4be71a4732578804cbc232778"
"data/vla_bridge/widowx_mujoco_rlds_source_v1/images/episode_0033_step_1190.png","13302","610989a3f318c6c566ec17fc3c4971b01bd8c585d7a02fa2af8c4adce8d4d997"
"data/vla_bridge/widowx_mujoco_rlds_source_v1/images/episode_0033_step_1282.png","13428","ffde4b012b612fbdb3015ca5792d89be3421cc4966b992b68677aa31b175897f"
"data/vla_bridge/widowx_mujoco_rlds_source_v1/images/episode_0033_step_1373.png","13539","da5b986f54d42aea130f2380b2c5a8cae105449b6e109c75cab2cc927d3c353a"
"data/vla_bridge/widowx_mujoco_rlds_source_v1/images/episode_0033_step_1465.png","13523","6c2509084f27661fab50632bf030504c8548879f4611a2c8eb237cbea0f97522"
"data/vla_bridge/widowx_mujoco_rlds_source_v1/images/episode_0033_step_1556.png","13478","7642ec0869270ce322dd1b89566533a928beff56de15002ac9f4e037c8e84eaa"
"data/vla_bridge/widowx_mujoco_rlds_source_v1/images/episode_0033_step_1648.png","13572","4612d64d6fe8cdcafd495651fdc78c89b3fde050fc89b116eeccab10faac1965"
"data/vla_bridge/widowx_mujoco_rlds_source_v1/images/episode_0033_step_1740.png","13645","862881af0ed26cb8d9c62fa74df6f293a7c5aad37555b29fc4d7e45dcb58d514"
"data/vla_bridge/widowx_mujoco_rlds_source_v1/images/episode_0033_step_1831.png","13845","f07f2fb9921340b59988d855565e88a17a6509c12ab15901561a7f8550c1665f"
"data/vla_bridge/widowx_mujoco_rlds_source_v1/images/episode_0033_step_1923.png","13995","5a7ccad273cb4aea662a894e0d0b5edc4c42e2d54ebbc568afa20493fcf86680"
"data/vla_bridge/widowx_mujoco_rlds_source_v1/images/episode_0033_step_2014.png","13742","5d1df39687237e7b10b54784d2bf03daaae724d566b23df220ce367c0a949a11"
"data/vla_bridge/widowx_mujoco_rlds_source_v1/images/episode_0033_step_2106.png","13682","be36539a7bd6978a7e71e17150bb94d66d3236e84541a82ee4a9b95ae7b9d905"
"data/vla_bridge/widowx_mujoco_rlds_source_v1/images/episode_0033_step_2197.png","13622","ea3adcdca3508091e3110c4b8fc64e8fd2c2ef5fa81125e62ff27a12dc01e58c"
"data/vla_bridge/widowx_mujoco_rlds_source_v1/images/episode_0033_step_2289.png","13614","13ee0c1abb2fe98bc9fb5eaa646ea5252ea8082e361d3dbbc2c2f992f3d2812f"
"data/vla_bridge/widowx_mujoco_rlds_source_v1/images/episode_0033_step_2381.png","13591","386d8e0c6bf80186c261f3c7bfeb3b545f2a03b3c7099130f2b6e382013f2bfb"
"data/vla_bridge/widowx_mujoco_rlds_source_v1/images/episode_0033_step_2472.png","13686","4b8116e7c13bbf66cead6a011908a60c91458348007ff4a0bc4df0570d5d8cdb"
"data/vla_bridge/widowx_mujoco_rlds_source_v1/images/episode_0033_step_2564.png","13647","244530ca0bf1af7919dd264d760a2f8f71915e21abe38ca216ef27862e41d3cc"
"data/vla_bridge/widowx_mujoco_rlds_source_v1/images/episode_0033_step_2655.png","13915","0d28754489f9d865cec691ef20621ed5f477a3a65743ed3f190972f2fea6328d"
"data/vla_bridge/widowx_mujoco_rlds_source_v1/images/episode_0033_step_2747.png","13841","b4b4af7959688c84854b71f637af46bf22d00a3fb7ce58803187b83657045541"
"data/vla_bridge/widowx_mujoco_rlds_source_v1/images/episode_0033_step_2839.png","13802","ef50c00d675005ccba83c20beec2940817905f1adc35259e4ce740b57bcbb71c"
"data/vla_bridge/widowx_mujoco_rlds_source_v1/images/episode_0034_step_0000.png","12129","8d1d05e86b0afb417a06041f97416406155cb2d29e6aa7bed992c521391a603a"
"data/vla_bridge/widowx_mujoco_rlds_source_v1/images/episode_0034_step_0091.png","12357","f42efb4f723ada522e1da7821aee35d707d6ad5229a9c532c77a6862785baf69"
"data/vla_bridge/widowx_mujoco_rlds_source_v1/images/episode_0034_step_0183.png","12460","10f9ba66d4e8b2e1e29fe3b4c8cbb6c19f1e4ed12907565cbe70b9e12cc0b2a5"
"data/vla_bridge/widowx_mujoco_rlds_source_v1/images/episode_0034_step_0274.png","12776","88b1ba51892f10f4a09ac85c3522a1ae3e6239062bf1e7fb7a0ab4dfd112ffec"
"data/vla_bridge/widowx_mujoco_rlds_source_v1/images/episode_0034_step_0366.png","13101","3974ec2e0a836d6f8eb0c695c7bf979b6b996cc171785e07d13f7b06e0ed8689"
"data/vla_bridge/widowx_mujoco_rlds_source_v1/images/episode_0034_step_0457.png","13166","fdcc7bcb87e6e12588ac847d12119fee3efaeca022aadce2ac280da7089897ae"
"data/vla_bridge/widowx_mujoco_rlds_source_v1/images/episode_0034_step_0549.png","13071","cf8fd56af5fa33f507a983fe86c5b595d9fc753ce99deb346031282d92019666"
"data/vla_bridge/widowx_mujoco_rlds_source_v1/images/episode_0034_step_0641.png","13074","fdef3e44d204f596c00fdd1cc3c71ab1ed3be2848e55209390cd151d427fe7b2"
"data/vla_bridge/widowx_mujoco_rlds_source_v1/images/episode_0034_step_0732.png","13082","c5a17f72b38612c114bd13b570abd923b62e466e1097d8abb4a76ef19b06ab08"
"data/vla_bridge/widowx_mujoco_rlds_source_v1/images/episode_0034_step_0824.png","13162","3a7a749a72f7eb88148636defdbad881d0ee90bc9f7899a5a1d1077f1c1390cc"
"data/vla_bridge/widowx_mujoco_rlds_source_v1/images/episode_0034_step_0915.png","13112","aecb663bbc378101ac7fbcbee2e78d852a1f158434f3586876591b62c02d6ab6"
"data/vla_bridge/widowx_mujoco_rlds_source_v1/images/episode_0034_step_1007.png","13007","5b7594adaf0aa1a1f745fb9295e0b05b2821da634f358ed0419ec3d1d5094eeb"
"data/vla_bridge/widowx_mujoco_rlds_source_v1/images/episode_0034_step_1098.png","12926","234b565aeb10de7b183ee84cfb5395061cad5890e20e60da9406013698bc76fb"
"data/vla_bridge/widowx_mujoco_rlds_source_v1/images/episode_0034_step_1190.png","12756","0a6265e1ac9c660c90138a965f7cecd390ae04e363e1c7c6bf3f73efca6b2e2a"
"data/vla_bridge/widowx_mujoco_rlds_source_v1/images/episode_0034_step_1282.png","12913","48df4e036c2ac08b6bb72c30a6bd092208dff1368bab1aed7b802e55c6a13230"
"data/vla_bridge/widowx_mujoco_rlds_source_v1/images/episode_0034_step_1373.png","12907","8d1c49a93b99d65d9e27d3d41d3d1be6d56430c33d6049b98b35f50669edefa6"
"data/vla_bridge/widowx_mujoco_rlds_source_v1/images/episode_0034_step_1465.png","13172","4c0c724aed340083c0a0343bf26e35fd1176de8b0bd2dc60a64a1bea3b4b1a88"
"data/vla_bridge/widowx_mujoco_rlds_source_v1/images/episode_0034_step_1556.png","13470","3ee2436679c0e3d0a38cc28a4dc403c39e1e4b1bf4924ac3e220f59accae1f17"
"data/vla_bridge/widowx_mujoco_rlds_source_v1/images/episode_0034_step_1648.png","13534","5987748dd75dc21037e2db76b5ddc0e9ff068e47503910c9d3b9fd91dc76047b"
"data/vla_bridge/widowx_mujoco_rlds_source_v1/images/episode_0034_step_1740.png","13602","8f08f3456b58ec7b3e94d925eead66298cb2eec381305721ec84b3b4b5f2cf66"
"data/vla_bridge/widowx_mujoco_rlds_source_v1/images/episode_0034_step_1831.png","13611","fbee9cc1b3c17f7997b42d03a8a89b2f99c2561e3dd7e3d61bf5c2abd6a01f31"
"data/vla_bridge/widowx_mujoco_rlds_source_v1/images/episode_0034_step_1923.png","13844","824a4899621365760d23449ca67b930e174a6bff7cf59074fd0ce9a261c99834"
"data/vla_bridge/widowx_mujoco_rlds_source_v1/images/episode_0034_step_2014.png","13637","44385011ef70dd4eb5f7fa0b9ebbca0852038f57d5d290d12c15ec3f49b21287"
"data/vla_bridge/widowx_mujoco_rlds_source_v1/images/episode_0034_step_2106.png","13612","9cefa9858460d07b5a2ece70846ecb9f8f7d4786a48eb0063e2c51d2a1367cec"
"data/vla_bridge/widowx_mujoco_rlds_source_v1/images/episode_0034_step_2197.png","13503","2a96745eddffefe71720de38b6a475dac02c90a6a37772794787785cc815f517"
"data/vla_bridge/widowx_mujoco_rlds_source_v1/images/episode_0034_step_2289.png","13487","049b66f53bda0ce0f438903030f39e7a3761445106ed6b479f28e1d02f941562"
"data/vla_bridge/widowx_mujoco_rlds_source_v1/images/episode_0034_step_2381.png","13498","b8083da5d80ddbf4a99fab55f5954e8f49557dda9f8842361c44d6434886d68c"
"data/vla_bridge/widowx_mujoco_rlds_source_v1/images/episode_0034_step_2472.png","13632","f6ed0c010769654a70082d4c6273a3fab4b21188b505ad686a6af5e7e6ee8a63"
"data/vla_bridge/widowx_mujoco_rlds_source_v1/images/episode_0034_step_2564.png","13666","eb3cab7969861777cd8d3291fda6461d44117b0b6036a07b2c9f750b4cf8ab3e"
"data/vla_bridge/widowx_mujoco_rlds_source_v1/images/episode_0034_step_2655.png","13832","4882a46cd2c57a2a0bb751093ac69bd33687808f1c252567d185938d48850231"
"data/vla_bridge/widowx_mujoco_rlds_source_v1/images/episode_0034_step_2747.png","13796","c4ed4287ba26b7f8deb38fa6c3702967f31c407b234136713a054ef12df8e46f"
"data/vla_bridge/widowx_mujoco_rlds_source_v1/images/episode_0034_step_2839.png","13787","07e71857fe17d0b194b8727b7ed0d98e0edeafe27e1ec8fcef74bda7f85d7a42"
"data/vla_bridge/widowx_mujoco_rlds_source_v1/images/episode_0035_step_0000.png","11997","c4925e33fd7bf58e23ee5dc8aa7f4e52d96d64db231a8a9f2729459b1053b576"
"data/vla_bridge/widowx_mujoco_rlds_source_v1/images/episode_0035_step_0091.png","12199","fe48d1de36fa0ef73f66a7353564bbae3879e05ddf4d5c9cd0c38b685da182cd"
"data/vla_bridge/widowx_mujoco_rlds_source_v1/images/episode_0035_step_0183.png","12219","5173fe4a97831047445194d84daa943c4de67dcd206e07b544e24d5a77b4af3c"
"data/vla_bridge/widowx_mujoco_rlds_source_v1/images/episode_0035_step_0274.png","12373","2e5432f739ddc29d6dc33f6d38a27de0b96322b8d013d1fbb562a344f8a64257"
"data/vla_bridge/widowx_mujoco_rlds_source_v1/images/episode_0035_step_0366.png","12211","a60b5aa00516e9e1ef0c18ca537004840f0b8febcca6f064f42f0318586c1985"
"data/vla_bridge/widowx_mujoco_rlds_source_v1/images/episode_0035_step_0457.png","12292","17216de54f9d85f463d3989957d190bb62c42697b1ee8dc7bf3dc247c75b3e4e"
"data/vla_bridge/widowx_mujoco_rlds_source_v1/images/episode_0035_step_0549.png","12344","bfc8f153812bf2918201ed010e1a454796066089680e26d025697efd9572270c"
"data/vla_bridge/widowx_mujoco_rlds_source_v1/images/episode_0035_step_0641.png","12312","cebd6df22a87a99d9a8520e386fa0ece3e6404dedde8d7b3bccc4407f220ff2c"
"data/vla_bridge/widowx_mujoco_rlds_source_v1/images/episode_0035_step_0732.png","12325","2fb5535f00673c1d90c0ab5ad548d0ff95e9134f1f3b9dcba05e46c581e2517b"
"data/vla_bridge/widowx_mujoco_rlds_source_v1/images/episode_0035_step_0824.png","12363","5e54fff5b020f0fd43f344a23578e19b1c57475e44087aedd49f74416e8b1287"
"data/vla_bridge/widowx_mujoco_rlds_source_v1/images/episode_0035_step_0915.png","12154","156dd96b000d22af177fcf7b6e1567e5bc51c7eea348e2f05d8de96102e6d27e"
"data/vla_bridge/widowx_mujoco_rlds_source_v1/images/episode_0035_step_1007.png","12280","8a16d6a2cdabfda1ffcc1fec50a721d07e577da3aec24dae994da3667c43c031"
"data/vla_bridge/widowx_mujoco_rlds_source_v1/images/episode_0035_step_1098.png","12287","629c2c030c5551d2aa342edfc61c0496b6fbdfbc6f5c10d5ebe7fd41bb07eada"
"data/vla_bridge/widowx_mujoco_rlds_source_v1/images/episode_0035_step_1190.png","12358","69ff963a407bb50802cbb2a05bc9cbb4a706ff977ae5fc414f9bffb959a81cb7"
"data/vla_bridge/widowx_mujoco_rlds_source_v1/images/episode_0035_step_1282.png","12328","d461dba91982fa697695be36354da393d474bc96705ed133c53d9593e1f71336"
"data/vla_bridge/widowx_mujoco_rlds_source_v1/images/episode_0035_step_1373.png","12275","96a4c1726be8a50cd823d58ceabc4a6742fbb400eb0799fca08ed0282f47203a"
"data/vla_bridge/widowx_mujoco_rlds_source_v1/images/episode_0035_step_1465.png","12444","312b3bc7cdac4c49a38c570dab93ff5fca6b83c658bd539e11c70fe292e35f23"
"data/vla_bridge/widowx_mujoco_rlds_source_v1/images/episode_0035_step_1556.png","13012","e11f48c5db285d6831ea08384e3d662d484e8de26a08d59a517d1311e2d2c7e1"
"data/vla_bridge/widowx_mujoco_rlds_source_v1/images/episode_0035_step_1648.png","13295","fdef71f55f0fd38070d2a753946a7334c771a90b0b2dd3eab7e61d5b6309a673"
"data/vla_bridge/widowx_mujoco_rlds_source_v1/images/episode_0035_step_1740.png","13743","7ecdbcbe8bb00131635c42b9bb635029b946f77d2bb346cdd743eca8229c18cb"
"data/vla_bridge/widowx_mujoco_rlds_source_v1/images/episode_0035_step_1831.png","13768","4ae220eac0c2c1f5d85d5c696acab95e83de48aea184b4d01055c02c9fb2765d"
"data/vla_bridge/widowx_mujoco_rlds_source_v1/images/episode_0035_step_1923.png","13791","d12c62ef00cdc98353e02f7313e962e12002720bdf9c3252c5d0455ebe75c394"
"data/vla_bridge/widowx_mujoco_rlds_source_v1/images/episode_0035_step_2014.png","13699","8778de3a49866c2d3a437f2d2c3700286675e56052ca05b19b415f770acad6b5"
"data/vla_bridge/widowx_mujoco_rlds_source_v1/images/episode_0035_step_2106.png","13782","d07282bdd52996f655cc0e77827bbb3f264a3603cc5022147ec0781fdfa1474b"
"data/vla_bridge/widowx_mujoco_rlds_source_v1/images/episode_0035_step_2197.png","13527","1e19ca368b17535643b18951dbb281f751f3f22760131c046fd310b608c8e79d"
"data/vla_bridge/widowx_mujoco_rlds_source_v1/images/episode_0035_step_2289.png","13617","ab4dc4cc63552c8d053339b545c1e9f1e955040371e21d3a303a7abdadb8da40"
"data/vla_bridge/widowx_mujoco_rlds_source_v1/images/episode_0035_step_2381.png","13590","5952e7867582029f81332f8f8b4404d82cb2d67f526b3507caf9cb373cb45350"
"data/vla_bridge/widowx_mujoco_rlds_source_v1/images/episode_0035_step_2472.png","13682","f3d07617c0eedd019f4df6a86ac984ee9e5373ee8fafa4a9c6acb405ebff52a3"
"data/vla_bridge/widowx_mujoco_rlds_source_v1/images/episode_0035_step_2564.png","13659","769b30020f3c806af1c970434827e516fc91121cd05effcab15e91e52fd89769"
"data/vla_bridge/widowx_mujoco_rlds_source_v1/images/episode_0035_step_2655.png","13868","798ddb5a249cba753c5ccc7c2dff77807c1d33e8655b14e3d2c1ce7d88e7637b"
"data/vla_bridge/widowx_mujoco_rlds_source_v1/images/episode_0035_step_2747.png","13844","d158d07fa9e614403cd58b3594abcb99e43ae5943e860f6dec3a0d9d6196858d"
"data/vla_bridge/widowx_mujoco_rlds_source_v1/images/episode_0035_step_2839.png","13831","64cc1dce960b6bc3d288d930b9360462fe7337f9f184e9f2cd41356376886b0a"
"data/vla_bridge/widowx_mujoco_rlds_source_v1/images/episode_0036_step_0000.png","12194","d51d0430040091197a1dd86edfccf5e47680619df9860cd332025f2d64cec347"
"data/vla_bridge/widowx_mujoco_rlds_source_v1/images/episode_0036_step_0091.png","12575","197a42eebabaced5053e9e64b26814307f0d4b01a0c91b1b4c16da982360b063"
"data/vla_bridge/widowx_mujoco_rlds_source_v1/images/episode_0036_step_0183.png","12557","84ac175b99bc6f11e3bd9417ab2c02eff20a1a729247993d9f511fc2177cf71b"
"data/vla_bridge/widowx_mujoco_rlds_source_v1/images/episode_0036_step_0274.png","13166","27eaba2c9d94ab0e72f4833f4c309e0c414f2ce83a13a7c232951378a472e049"
"data/vla_bridge/widowx_mujoco_rlds_source_v1/images/episode_0036_step_0366.png","12943","9c7097d44003bb1611953eaaec1ba9d5c4ee9d19ca948c8fb71ac0327a7b8313"
"data/vla_bridge/widowx_mujoco_rlds_source_v1/images/episode_0036_step_0457.png","12823","675a90d7e6d62b7b8ca4334427f587b297ffb009c50cc88702efa626beafd1df"
"data/vla_bridge/widowx_mujoco_rlds_source_v1/images/episode_0036_step_0549.png","12711","966e130e842898eeae477da93a6b7d5015c8f22286b7e072d1a4bc316394a29c"
"data/vla_bridge/widowx_mujoco_rlds_source_v1/images/episode_0036_step_0641.png","12736","8367d2aa8ef96799e211a1fbc4040aa746f7341f68ea4d370d7675c538896878"
"data/vla_bridge/widowx_mujoco_rlds_source_v1/images/episode_0036_step_0732.png","12699","fc3dbebf855f6a398163453d32a72ffe1680adb1496b3ab7556d3816523fc8a6"
"data/vla_bridge/widowx_mujoco_rlds_source_v1/images/episode_0036_step_0824.png","12824","c5e478cc6345299f279d1ea687c33325c8b5d377d141cda7208a3f03a414467f"
"data/vla_bridge/widowx_mujoco_rlds_source_v1/images/episode_0036_step_0915.png","12972","737779744c650d7578af73ad55e609d8eab55075138a019ad50056b42f345f9c"
"data/vla_bridge/widowx_mujoco_rlds_source_v1/images/episode_0036_step_1007.png","13135","530bdbf12d522f9ddc6e1e9bf2ca96a430ec0d6716e035de9028a703b9d65fd8"
"data/vla_bridge/widowx_mujoco_rlds_source_v1/images/episode_0036_step_1098.png","13174","87c128dedf32d3fc9390e8b02fd433c156ffe795a751ef700726e891c23f3c96"
"data/vla_bridge/widowx_mujoco_rlds_source_v1/images/episode_0036_step_1190.png","13089","2bd443209c79a5e7eaf82818aecc28cfb03dbbca7e48c915ec33870fa001ec1d"
"data/vla_bridge/widowx_mujoco_rlds_source_v1/images/episode_0036_step_1282.png","13358","106ef75a93d1db68a8238027c83d40774d3d69863daa9c63a594da303d9d490a"
"data/vla_bridge/widowx_mujoco_rlds_source_v1/images/episode_0036_step_1373.png","13503","663bcda5a33fdf193775d03e88eb56fd027f23e37305933f75617141ce4c0808"
"data/vla_bridge/widowx_mujoco_rlds_source_v1/images/episode_0036_step_1465.png","13603","abb8f701b7a1c2841da39c31e4db3525a144c9980cf5c1217f4874e6868dff66"
"data/vla_bridge/widowx_mujoco_rlds_source_v1/images/episode_0036_step_1556.png","13564","fa427d03c56d5f79bede0686acfadb2a8a19185c3ffee63f30d970648464fa5c"
"data/vla_bridge/widowx_mujoco_rlds_source_v1/images/episode_0036_step_1648.png","13592","35ee7d19a829323bda1c925aa06ee6ee484438cc4ab0a2530b6ee26203d205c4"
"data/vla_bridge/widowx_mujoco_rlds_source_v1/images/episode_0036_step_1740.png","13739","0d61dd7eb9412ed31724d0a9f1c7f38e440d3056f01063625ab775fd64ee14a5"
"data/vla_bridge/widowx_mujoco_rlds_source_v1/images/episode_0036_step_1831.png","13874","9a64c07cd5a3167992095521c82512f48c4c436ce46e617b87452d9d763021fa"
"data/vla_bridge/widowx_mujoco_rlds_source_v1/images/episode_0036_step_1923.png","14027","a45719fdd75de84b181c0442c4d8408ff7ed2a9585b1180a8be0cf0067816d59"
"data/vla_bridge/widowx_mujoco_rlds_source_v1/images/episode_0036_step_2014.png","13876","5a45517d2318420001ca8c000b4cdf58f537ef102ea4696dc03f97aa5040c65e"
"data/vla_bridge/widowx_mujoco_rlds_source_v1/images/episode_0036_step_2106.png","13768","85488333f3b38faaf2a575730f9260b7ba5a88eed33345881f9ce42ca8166bd0"
"data/vla_bridge/widowx_mujoco_rlds_source_v1/images/episode_0036_step_2197.png","13757","926f7ced52919d2dac8248660b3f60e774d06c0c12659082b60387f033b3ad3b"
"data/vla_bridge/widowx_mujoco_rlds_source_v1/images/episode_0036_step_2289.png","13826","1901adc11b3b0ef0dac04ee8133aeeafdaecaec9260523574c22eb99ee1df853"
"data/vla_bridge/widowx_mujoco_rlds_source_v1/images/episode_0036_step_2381.png","13857","bab719be1726871cfa9012cd70b1b8bdeaef995663f1f773ae1f51ca76f7de7a"
"data/vla_bridge/widowx_mujoco_rlds_source_v1/images/episode_0036_step_2472.png","13900","52ef39f7b9f4a7c21420ea370dc1067ab94c026b02204c2210fa7a7111b0d054"
"data/vla_bridge/widowx_mujoco_rlds_source_v1/images/episode_0036_step_2564.png","13891","abffddac511261212ef79a0c4a6887921230dca383967c7667c85e8526b79f37"
"data/vla_bridge/widowx_mujoco_rlds_source_v1/images/episode_0036_step_2655.png","14059","1523d3d0c82dbae41788e61f92e65e1bcace7b9f469546b515b33eb87d0093a3"
"data/vla_bridge/widowx_mujoco_rlds_source_v1/images/episode_0036_step_2747.png","14102","add59149a942d78483e4dcccf6ac223c349f321dcf496202f9302188c937eae4"
"data/vla_bridge/widowx_mujoco_rlds_source_v1/images/episode_0036_step_2839.png","14040","00de69c2e267b629089b3432cecf0c65d8934b74d6dbf8b7a9cb7a5edc68955a"
"data/vla_bridge/widowx_mujoco_rlds_source_v1/images/episode_0037_step_0000.png","12072","23cfcf7766361fe811a91a1af4f5c8a89813c034f78d7d8d5e412885d81d391a"
"data/vla_bridge/widowx_mujoco_rlds_source_v1/images/episode_0037_step_0091.png","12393","a583bbc539462dd55a180d1c84db4f17350ff0b44da8524f66395428e3cb2af6"
"data/vla_bridge/widowx_mujoco_rlds_source_v1/images/episode_0037_step_0183.png","12662","b0bc69081e3091569f2e0c362dd8d2f419ed0a212c3fccaced903a0dc2fe9781"
"data/vla_bridge/widowx_mujoco_rlds_source_v1/images/episode_0037_step_0274.png","12896","e466c35f3c8b0e150051f4b822de017d61edd1fb33cb76db2abfcdcd6a7a075d"
"data/vla_bridge/widowx_mujoco_rlds_source_v1/images/episode_0037_step_0366.png","12866","c29411a13a06c1a6fb2d0a3c0d6f1400274602a69a7e0dea1ef3208b3638d02e"
"data/vla_bridge/widowx_mujoco_rlds_source_v1/images/episode_0037_step_0457.png","12772","cf059282fcb3570b076d5a1fd265cae184a7f798395a33d0dec1569a238c957c"
"data/vla_bridge/widowx_mujoco_rlds_source_v1/images/episode_0037_step_0549.png","12891","6a8e277c214a47b5c369c89caa2fd0b6118053827fec8603d9d48a5620691a4c"
"data/vla_bridge/widowx_mujoco_rlds_source_v1/images/episode_0037_step_0641.png","12919","fcff960291e4bb949e372a9e5af6bacb942ae4155912a40394b199c02852a5fd"
"data/vla_bridge/widowx_mujoco_rlds_source_v1/images/episode_0037_step_0732.png","12911","505efb279ec2a7d277f818bd5e17429bc31dbe2ea36f48f55ead30f7ef4e299d"
"data/vla_bridge/widowx_mujoco_rlds_source_v1/images/episode_0037_step_0824.png","12813","d2e2deba200b11dd4fe71ba4441de17b284b5d0a64383dde38ae190ddb451563"
"data/vla_bridge/widowx_mujoco_rlds_source_v1/images/episode_0037_step_0915.png","12815","a12ad154cf7eceed1b97abbe2a47c8156ffb815c17d72d8bc6527fe99a82b797"
"data/vla_bridge/widowx_mujoco_rlds_source_v1/images/episode_0037_step_1007.png","12955","3eebf2a8f23f9892aad48c961cb6c224a9acb090a2d2fc42e53b1598c37c4f73"
"data/vla_bridge/widowx_mujoco_rlds_source_v1/images/episode_0037_step_1098.png","12788","0556680392d1cf0e1ff2c2f77d9287b549557b8890f590836f8999727b979bda"
"data/vla_bridge/widowx_mujoco_rlds_source_v1/images/episode_0037_step_1190.png","12825","374fb0699b6b52cdec6bb057b43987c96f468a655579fa26e173c4030c3a74a8"
"data/vla_bridge/widowx_mujoco_rlds_source_v1/images/episode_0037_step_1282.png","12908","c2dda6fddf82945a456690fec0633f88ae3f7716f465b0807776ec918b720b94"
"data/vla_bridge/widowx_mujoco_rlds_source_v1/images/episode_0037_step_1373.png","13220","ac7fea3877975d619b98d54663dac6ca375ed21447d23c1b31a34cda2ebbd160"
"data/vla_bridge/widowx_mujoco_rlds_source_v1/images/episode_0037_step_1465.png","13450","3c5711759a8cb092cb822e2448e6d30121ad5b307bcf3ff6e687bbad106ee595"
"data/vla_bridge/widowx_mujoco_rlds_source_v1/images/episode_0037_step_1556.png","13761","99187d1b717c4a41c3f61b688b417ccfd62bf5aaa7f8f4e19945ac56e9e2147d"
"data/vla_bridge/widowx_mujoco_rlds_source_v1/images/episode_0037_step_1648.png","14103","82cf916a298c3f09a41b81622c021872dd24c6bed4d5d4d70c4f434821b846ce"
"data/vla_bridge/widowx_mujoco_rlds_source_v1/images/episode_0037_step_1740.png","14081","6e16cee9c5c79b78ef68a6278c7af43bc0e40010d676474a013663c58c247cff"
"data/vla_bridge/widowx_mujoco_rlds_source_v1/images/episode_0037_step_1831.png","13998","6c041ffd80d30f8f76e0ed8d9181bf99608e26f5816326749b9182b33984a1b6"
"data/vla_bridge/widowx_mujoco_rlds_source_v1/images/episode_0037_step_1923.png","14006","dd50d26ae3f9c0658ccab99910c854e205792b711aa7a2e0dc3d2cdab4336d72"
"data/vla_bridge/widowx_mujoco_rlds_source_v1/images/episode_0037_step_2014.png","13895","1b06cff6015ab1fde50c65d73623f3ac04b7ed72c5db3ba8e677373ad3ee2cfe"
"data/vla_bridge/widowx_mujoco_rlds_source_v1/images/episode_0037_step_2106.png","13863","d842f5fff5987d7b07c863f89421bbe02941f9625f1589cf2d8d55b4674bbc66"
"data/vla_bridge/widowx_mujoco_rlds_source_v1/images/episode_0037_step_2197.png","13777","ec0c8aebefb3f8118429be07452d12a26a51d289558973e5d834bf94a7be1533"
"data/vla_bridge/widowx_mujoco_rlds_source_v1/images/episode_0037_step_2289.png","13764","7b854c17bdb2b63fe728ea1a0b7d9c2bfa2e46a6c23a42a75fc1ea27847a982b"
"data/vla_bridge/widowx_mujoco_rlds_source_v1/images/episode_0037_step_2381.png","13834","503c8da5abf0dd62db8dd21f86bef3152a79b7f895c537b4c71188503dcab558"
"data/vla_bridge/widowx_mujoco_rlds_source_v1/images/episode_0037_step_2472.png","13719","601b6d8c8a27c2cb1db51f9060e6a01570391efc85d348bc0d2e96dd09af8334"
"data/vla_bridge/widowx_mujoco_rlds_source_v1/images/episode_0037_step_2564.png","13851","6293b5cfd120433356b976930a888449b2cf32bd2b790c723fc02d92c2a5ed9c"
"data/vla_bridge/widowx_mujoco_rlds_source_v1/images/episode_0037_step_2655.png","14049","89a2b4a0be3021694049f27a61b601961fc4e095924e9d5bc72ebd3df6cb868a"
"data/vla_bridge/widowx_mujoco_rlds_source_v1/images/episode_0037_step_2747.png","14052","d8364697c000a27ec44e4c14145ff6c4672a320296331c5e707705ad68a815c0"
"data/vla_bridge/widowx_mujoco_rlds_source_v1/images/episode_0037_step_2839.png","13985","294c77d13ca6818362d70e6f5ebfc5d70f1556da230f04d47bd7f58ee97dcd81"
"data/vla_bridge/widowx_mujoco_rlds_source_v1/images/episode_0038_step_0000.png","12106","7d5dca9271637d35518e957cf00ec7b53c72408ed54027ae6ede6a825b5791d5"
"data/vla_bridge/widowx_mujoco_rlds_source_v1/images/episode_0038_step_0091.png","12400","7e51b0ee9873b05e295dccff6861ad336540b3b117babfe6c8584b899e6498af"
"data/vla_bridge/widowx_mujoco_rlds_source_v1/images/episode_0038_step_0183.png","12787","2ba1874ad8faf3192311efda3ddd6da7901daa87f2a579910ad18d613b91eb02"
"data/vla_bridge/widowx_mujoco_rlds_source_v1/images/episode_0038_step_0274.png","13101","49fe5ef904b7101832ddcb113a6203196a0a134a44fc6fdaf047ec1b3fcec4ee"
"data/vla_bridge/widowx_mujoco_rlds_source_v1/images/episode_0038_step_0366.png","13215","aba08d0dcc22d203e1188c692fc8ad576b8bae39dba98366605abf842a6a4878"
"data/vla_bridge/widowx_mujoco_rlds_source_v1/images/episode_0038_step_0457.png","13221","f465ca471a2a70d680481347f5569584c79de537d1f85261ea04a89513aa4566"
"data/vla_bridge/widowx_mujoco_rlds_source_v1/images/episode_0038_step_0549.png","13266","9c35d4db1fda166e12b7a2fc38f0a0706ad7c3cffc01ce9489f27b96690bfaab"
"data/vla_bridge/widowx_mujoco_rlds_source_v1/images/episode_0038_step_0641.png","13269","e3abb198c89ff7de59f32f7f710fd65e322d6361a603cf1c2f7901edd5dd807d"
"data/vla_bridge/widowx_mujoco_rlds_source_v1/images/episode_0038_step_0732.png","13361","1ab7d8e1c747e5f389d4a190cf943cc90d3a51c233e7799124dd573e3fc4055b"
"data/vla_bridge/widowx_mujoco_rlds_source_v1/images/episode_0038_step_0824.png","13216","3a92798dc606cca5f0fdeb5deaf9f22fce46e7ca2567844c30ade4016ba51471"
"data/vla_bridge/widowx_mujoco_rlds_source_v1/images/episode_0038_step_0915.png","13282","e3615bbe647921a5ca813c5e6bc42a014cb02cfe45415dee3303c87da56a3e15"
"data/vla_bridge/widowx_mujoco_rlds_source_v1/images/episode_0038_step_1007.png","13276","8aae4ee5d3d53e74e3cb23c66afa06ba7afdda7801bec84d7b5df35e682f5c0e"
"data/vla_bridge/widowx_mujoco_rlds_source_v1/images/episode_0038_step_1098.png","13136","f71f457678ccc0fe78a4673aa8740e7c0911cd9f68bd3d81e810be71bb980d9b"
"data/vla_bridge/widowx_mujoco_rlds_source_v1/images/episode_0038_step_1190.png","13143","064fa99f2e2b5bf0a25641a757460cf4514e067752922cb45538fe9c7750e7d1"
"data/vla_bridge/widowx_mujoco_rlds_source_v1/images/episode_0038_step_1282.png","13353","6c5287fd4f623a265da6040264b4e6705f821176a7aeea0941f4872b21b17fc8"
"data/vla_bridge/widowx_mujoco_rlds_source_v1/images/episode_0038_step_1373.png","13505","2a4c353e4485f299c8bb11265c6fff6090163b77f2766dd0de5f772f4eb1428c"
"data/vla_bridge/widowx_mujoco_rlds_source_v1/images/episode_0038_step_1465.png","13838","60dcd689c028b8756f4230ad188215e4b778dffcfd3323edd488c5837e8a7a38"
"data/vla_bridge/widowx_mujoco_rlds_source_v1/images/episode_0038_step_1556.png","14059","a72c815509866abe19b6ed8e5704bd37978833e1ce3bf29344472888d39bb00a"
"data/vla_bridge/widowx_mujoco_rlds_source_v1/images/episode_0038_step_1648.png","14189","da8e163f7393f47e44401c247b1bc11e886b4d910112db422bc5f33a4df6cb07"
"data/vla_bridge/widowx_mujoco_rlds_source_v1/images/episode_0038_step_1740.png","14023","8d8bdc0ba465ffe5fa8bc5a7a4370683591c3de633fa703b96dec76d0b6be890"
"data/vla_bridge/widowx_mujoco_rlds_source_v1/images/episode_0038_step_1831.png","14006","6daec79416f7f18bea72f4ac0a33e368a57bb584a0ad1f7b56d7e14f6621f0d4"
"data/vla_bridge/widowx_mujoco_rlds_source_v1/images/episode_0038_step_1923.png","14099","40a044bdae11a657f70140f7e242d6501892c5e2ab35a8a24da0215bd58d455b"
"data/vla_bridge/widowx_mujoco_rlds_source_v1/images/episode_0038_step_2014.png","13901","5d2704215ffcde45e286d6fac080e6edae356b6f2e4e853301f86b3a54bb38d1"
"data/vla_bridge/widowx_mujoco_rlds_source_v1/images/episode_0038_step_2106.png","13795","044f30779257ad66c33c893fc8dd9fa18164c58afa28bca0e53158439f27e071"
"data/vla_bridge/widowx_mujoco_rlds_source_v1/images/episode_0038_step_2197.png","13805","155cc319fc46e49a10685f66db743648c3952abcd02d791895554a81262406c4"
"data/vla_bridge/widowx_mujoco_rlds_source_v1/images/episode_0038_step_2289.png","13822","5de330622335cfaede579ba3d7a7f68e66c452fbe98e766df9e9aaf18226b8e4"
"data/vla_bridge/widowx_mujoco_rlds_source_v1/images/episode_0038_step_2381.png","13824","3f00d702142d164b449cb984c60c9dc82fe85aba7f215eacb094bbde9a805ba0"
"data/vla_bridge/widowx_mujoco_rlds_source_v1/images/episode_0038_step_2472.png","13882","f6477cb4bbc711ecc41b941f595e4ab73d0c0e24a5f664b5019f1aaf63ff5914"
"data/vla_bridge/widowx_mujoco_rlds_source_v1/images/episode_0038_step_2564.png","13868","23d56e36343028d12c0a213fa6676f2678f252728ec2cfa0e20bbf617238bcef"
"data/vla_bridge/widowx_mujoco_rlds_source_v1/images/episode_0038_step_2655.png","14019","15bb8fcf0c708bcd2e1c4d7037b374c00fe97174e4d8626e9dcd33cd6e78234c"
"data/vla_bridge/widowx_mujoco_rlds_source_v1/images/episode_0038_step_2747.png","14006","802ee9ee5c48db371f0ceabe8112e419621a34a7eec753ce41e3b0c6426dc53e"
"data/vla_bridge/widowx_mujoco_rlds_source_v1/images/episode_0038_step_2839.png","14034","56686fb8e4b9f786f78a7f003d47c94b353cf20315a5021d5a39c0969a13c7e2"
"data/vla_bridge/widowx_mujoco_rlds_source_v1/images/episode_0039_step_0000.png","12175","2cc5eedc5b421ead850e9527ebb3c3bba5249a743dbdec9ce60db8c6d56c341a"
"data/vla_bridge/widowx_mujoco_rlds_source_v1/images/episode_0039_step_0091.png","12444","46b0df6e7703d4113767dc802a91978281f42e4346b4dbf88a960170a932b782"
"data/vla_bridge/widowx_mujoco_rlds_source_v1/images/episode_0039_step_0183.png","12507","b01516d8a9e95188f8972bbf3a476fdab27de6fd2ee99838bcbdfc5b35656d7e"
"data/vla_bridge/widowx_mujoco_rlds_source_v1/images/episode_0039_step_0274.png","12374","6d50418be4c15bcf4fde13e6c746369754208c28285d24f6c8ce28ec807be75f"
"data/vla_bridge/widowx_mujoco_rlds_source_v1/images/episode_0039_step_0366.png","12402","4ad11e28e344ef3ef757f14bd10780246403fa35931270b3723e6919b78bd28f"
"data/vla_bridge/widowx_mujoco_rlds_source_v1/images/episode_0039_step_0457.png","12621","6d5f6302bbf16877c2d0632ae1446b7ba9f04c7ff5dd5a6c5aeadc3ea8bafe84"
"data/vla_bridge/widowx_mujoco_rlds_source_v1/images/episode_0039_step_0549.png","12734","f57cf0df650bde8d1ae122dd1810dcd93a4d001b706137566ad5b7d32a829417"
"data/vla_bridge/widowx_mujoco_rlds_source_v1/images/episode_0039_step_0641.png","12677","4ce7b98e7527dac072bfe6627b77639c1735efd456b6bd12b31f1462e4514f2c"
"data/vla_bridge/widowx_mujoco_rlds_source_v1/images/episode_0039_step_0732.png","12629","83bbe9e801e30d92d393256f36ad18ce3aeab13e5623d23094bbce7611886733"
"data/vla_bridge/widowx_mujoco_rlds_source_v1/images/episode_0039_step_0824.png","12684","d162aab3182892805146addaf13ab7e94b7aa8664cd7022610c8f6296235c6f8"
"data/vla_bridge/widowx_mujoco_rlds_source_v1/images/episode_0039_step_0915.png","12626","6bf2d18562b903fa809e8f0208abddfe029a3614fe46a9b5dba5d1e28b9770ce"
"data/vla_bridge/widowx_mujoco_rlds_source_v1/images/episode_0039_step_1007.png","12407","d4223f7eb49c096379d5b2fe5d485cad465f6bf8bd37880a42806fb4012626e3"
"data/vla_bridge/widowx_mujoco_rlds_source_v1/images/episode_0039_step_1098.png","12454","a97d05af5e42ef821b8147474cc75606f4b4b2355ee88e2dbc77f2d676884cb5"
"data/vla_bridge/widowx_mujoco_rlds_source_v1/images/episode_0039_step_1190.png","12473","c15853b463344157af61eb2dfdc421f4ca0804ba765424b96853319ce362f703"
"data/vla_bridge/widowx_mujoco_rlds_source_v1/images/episode_0039_step_1282.png","12490","b7622cf20764362cbf1d227c8d4722f19e9fbd3cba7fb9ccdbdcfbae87995c22"
"data/vla_bridge/widowx_mujoco_rlds_source_v1/images/episode_0039_step_1373.png","12401","df6cff3caaeb4e4c4765f335004c5e32512c47ff015fdd941cf7fda5aa97d2a5"
"data/vla_bridge/widowx_mujoco_rlds_source_v1/images/episode_0039_step_1465.png","12443","78d56ed333461e02f9522dd92e1bd627b8ef2acc42ab7918f37c92f649a60d4a"
"data/vla_bridge/widowx_mujoco_rlds_source_v1/images/episode_0039_step_1556.png","12909","3546df3f01b9458536c7ce1b2d844319f099cce5cef01b2f19ba3a9575f90890"
"data/vla_bridge/widowx_mujoco_rlds_source_v1/images/episode_0039_step_1648.png","13411","b83fbde7b6a75de1ec59b24c5424277cc9132e873c4a2cd3a4c7dd2837db6567"
"data/vla_bridge/widowx_mujoco_rlds_source_v1/images/episode_0039_step_1740.png","13794","04066d3f76106a231dbc75cb65fb7e6e1fada0c8da6207c1c35cecec0e3c2a64"
"data/vla_bridge/widowx_mujoco_rlds_source_v1/images/episode_0039_step_1831.png","13928","fb916004042863df766bd21f01b10cb49f96dfb56e69a9442a2635de59ecc5c4"
"data/vla_bridge/widowx_mujoco_rlds_source_v1/images/episode_0039_step_1923.png","14105","671fd6b3cb9e87e0bb7f69d1b2aadf4e13a15efa9024b9c8f46e855850ae30a9"
"data/vla_bridge/widowx_mujoco_rlds_source_v1/images/episode_0039_step_2014.png","13897","ffec17c58655a21a4a0474adc64752063b9e1fb8ac5574c5114350c0af7531f2"
"data/vla_bridge/widowx_mujoco_rlds_source_v1/images/episode_0039_step_2106.png","13761","8fbd97bb82d69775163cfba9bf8d75d4fcec15df510e7599393692629dd7a8a4"
"data/vla_bridge/widowx_mujoco_rlds_source_v1/images/episode_0039_step_2197.png","13845","956ed15235a94a679e49f2e1af9a897d71bc296ef3f7e1dc051ff6aa0ffae82b"
"data/vla_bridge/widowx_mujoco_rlds_source_v1/images/episode_0039_step_2289.png","13774","2327843babbd4510f32c6225455bf771b4566b61a5008417d252bfa7384d8687"
"data/vla_bridge/widowx_mujoco_rlds_source_v1/images/episode_0039_step_2381.png","13825","fd70d85be9adac786a0aceb35afec6242854929cc3182d976f8fdee8ee2b2e15"
"data/vla_bridge/widowx_mujoco_rlds_source_v1/images/episode_0039_step_2472.png","13769","448c9027d735ad43dab0275cc97618a8bccb322336a0882cf7c481ca13c6ef9a"
"data/vla_bridge/widowx_mujoco_rlds_source_v1/images/episode_0039_step_2564.png","13894","884430fa5ab80646f2e0848a8f2a0d543197ea852c18b1fbe3881c3a8b73920f"
"data/vla_bridge/widowx_mujoco_rlds_source_v1/images/episode_0039_step_2655.png","14026","92a95b5c14cfa268d218c59b92dcc6ed6763d69a6b9e181fd57477f317360e5a"
"data/vla_bridge/widowx_mujoco_rlds_source_v1/images/episode_0039_step_2747.png","14010","c4687c6fdefc2db4f32f79b5e8cda82942e0840e700eae93db4da996d9ce3435"
"data/vla_bridge/widowx_mujoco_rlds_source_v1/images/episode_0039_step_2839.png","14042","7e937f6ad49f6256f6432e31a4c4b2499ba704cd50c176f29dd6222fb952268b"
"data/vla_bridge/widowx_mujoco_rlds_source_v1/images/episode_0040_step_0000.png","12102","6db934434c27cb708057dfb3f58118d681dbb741a027c245ddfd2e987feb8928"
"data/vla_bridge/widowx_mujoco_rlds_source_v1/images/episode_0040_step_0091.png","12205","976c8ac617d2710dfaf7924ac35cb7ac825a766118fbadf49070683ff5b01366"
"data/vla_bridge/widowx_mujoco_rlds_source_v1/images/episode_0040_step_0183.png","12291","aa907819ea6db011194f7b29a7b6892d785cdf6e7ee8aae42624a5316f0dc476"
"data/vla_bridge/widowx_mujoco_rlds_source_v1/images/episode_0040_step_0274.png","12302","1406002a4caa7b90108c3702a5f0a25705743d240f9255867ac6a7b26427404c"
"data/vla_bridge/widowx_mujoco_rlds_source_v1/images/episode_0040_step_0366.png","12370","f5c77e0056daa42c671ebdced009123825807e9b840db1a076992fbe8a442cf5"
"data/vla_bridge/widowx_mujoco_rlds_source_v1/images/episode_0040_step_0457.png","12419","545fffbc15a1f95b5c83cedd3bef446a6e1065f11c0c64be7262e86c6336a3dd"
"data/vla_bridge/widowx_mujoco_rlds_source_v1/images/episode_0040_step_0549.png","12513","056af3240330d87dd07af9af9eda1e9b94f8599652a45fe3b27b866b27b2b338"
"data/vla_bridge/widowx_mujoco_rlds_source_v1/images/episode_0040_step_0641.png","12519","7f4f1ec209b308c338ca869a196d568e64563498772dd436ee623116d12033dd"
"data/vla_bridge/widowx_mujoco_rlds_source_v1/images/episode_0040_step_0732.png","12507","1cfb5c686c7aa8f185f58e06f4898ab99398fbac0655c77c11bb0b32abdfd768"
"data/vla_bridge/widowx_mujoco_rlds_source_v1/images/episode_0040_step_0824.png","12495","a3c57a16989b448fd57f546282cd2d79ada136cd6a004b227a098b7d0707f690"
"data/vla_bridge/widowx_mujoco_rlds_source_v1/images/episode_0040_step_0915.png","12331","981c66644dfc4712bef5d23de80a774fa79d67bd9aea1b2e1ed7d74a79999c6a"
"data/vla_bridge/widowx_mujoco_rlds_source_v1/images/episode_0040_step_1007.png","12196","09483dd93410553a6275eb17d75e1f5344c2cfdbf41d8f3dc56d35c66cb48211"
"data/vla_bridge/widowx_mujoco_rlds_source_v1/images/episode_0040_step_1098.png","12343","aef3cebca79053b7f98fbd2131116db803019d55bd74e25b43841cac457ee305"
"data/vla_bridge/widowx_mujoco_rlds_source_v1/images/episode_0040_step_1190.png","12304","ddc1d05420b314e419341b8d86c2e96c574b623376a6113cf4d42b95d20002a4"
"data/vla_bridge/widowx_mujoco_rlds_source_v1/images/episode_0040_step_1282.png","12389","47103916c658d54454c518e5aa80b3eaa19e80a8f59cb72c01a21eaf3d7e3dfd"
"data/vla_bridge/widowx_mujoco_rlds_source_v1/images/episode_0040_step_1373.png","12476","46adeb7c86aee92776c72663bac4fbe48c89e931f4eb0fa6185c6a468e3cb994"
"data/vla_bridge/widowx_mujoco_rlds_source_v1/images/episode_0040_step_1465.png","12650","9d4ed5b8ff162068e9c4c88eff3d92d01aaaa6e5345fafc0b634fea33694d374"
"data/vla_bridge/widowx_mujoco_rlds_source_v1/images/episode_0040_step_1556.png","13147","7df3fa264ebd662ab2820c05d35351b2a28e0bd1ef8bccd4a17fdd22e77cf456"
"data/vla_bridge/widowx_mujoco_rlds_source_v1/images/episode_0040_step_1648.png","13579","9cbcd9c87c9c2228c475ef92106bcb57682d9e455d1d360d5d96d585fd97c901"
"data/vla_bridge/widowx_mujoco_rlds_source_v1/images/episode_0040_step_1740.png","13831","0d79fc519f44cb45873a09546723d0fc3c86091d7aea2dc96954987f86dd8efa"
"data/vla_bridge/widowx_mujoco_rlds_source_v1/images/episode_0040_step_1831.png","13939","17ef7957c25b4b1abddca5b9a392faf390097936808720e49e1b6f2513ffa6b3"
"data/vla_bridge/widowx_mujoco_rlds_source_v1/images/episode_0040_step_1923.png","14010","c16e4c6c04324709c4d1e04a37a6554f1277cd973742ed1de434c782c4748331"
"data/vla_bridge/widowx_mujoco_rlds_source_v1/images/episode_0040_step_2014.png","13860","8ab7b29997f1c223a6a668aa97d016314b579a49b0a8d6dd71b067fcbfc04f70"
"data/vla_bridge/widowx_mujoco_rlds_source_v1/images/episode_0040_step_2106.png","13824","559331383cedf17ff9b0674879f34227b393c37cc6949432a3f0ee642cbba601"
"data/vla_bridge/widowx_mujoco_rlds_source_v1/images/episode_0040_step_2197.png","13696","ad716c785910e4c355a09dc8054aa1b5f105bf06e898479e4d2fb141ad54b525"
"data/vla_bridge/widowx_mujoco_rlds_source_v1/images/episode_0040_step_2289.png","13703","29355b5947edae6fbf20e184a87cbe5ecddce88031a0ac74d1c5903f3a14b5ce"
"data/vla_bridge/widowx_mujoco_rlds_source_v1/images/episode_0040_step_2381.png","13626","fe14ed0b3ed12bff197d18d89b5f39e4054f41f8c770a2e4f56a7d59b519f99e"
"data/vla_bridge/widowx_mujoco_rlds_source_v1/images/episode_0040_step_2472.png","13729","25e0254f452dc40346edca9e14aa9831f815b0489cd0948c5424e9d5b03df69c"
"data/vla_bridge/widowx_mujoco_rlds_source_v1/images/episode_0040_step_2564.png","13737","11b757b43a4533fc063c5f431aa2fc5583bc40c310eba3019f7c71116060efad"
"data/vla_bridge/widowx_mujoco_rlds_source_v1/images/episode_0040_step_2655.png","13956","05548634020c66b363193e5dff35d73caf4253a59fe6d1d219868c00766b65e2"
"data/vla_bridge/widowx_mujoco_rlds_source_v1/images/episode_0040_step_2747.png","13934","888f2f0ca0be6e309fe7587cfe6a171349771570a43aa7f80d23e9fd5ea25e98"
"data/vla_bridge/widowx_mujoco_rlds_source_v1/images/episode_0040_step_2839.png","13978","9be49bd1d4c7aed061cc73e77c9c6112d2db8c9d6b1f02f54c68e424e6831f0f"
"data/vla_bridge/widowx_mujoco_rlds_source_v1/images/episode_0041_step_0000.png","12110","eb160cc695f4df43a2301edfffa91b3369af737fad1e409199f72797b64ab742"
"data/vla_bridge/widowx_mujoco_rlds_source_v1/images/episode_0041_step_0091.png","12290","263507d16e01e021550387bd03da36cf220ca3b506e39093c33bf17fbfcce8ca"
"data/vla_bridge/widowx_mujoco_rlds_source_v1/images/episode_0041_step_0183.png","12366","839e8295af23c75aaa6026c3c5aaaf2bd73d4d6efd09797bafea6a0a3f9d4575"
"data/vla_bridge/widowx_mujoco_rlds_source_v1/images/episode_0041_step_0274.png","12748","b4434e8edc042e9b941b8290fcbdf8f2bb28e8e2d2806de5884be09b6163e03b"
"data/vla_bridge/widowx_mujoco_rlds_source_v1/images/episode_0041_step_0366.png","12912","466b2278dcde1a8531d7829f4917001b9cc5cae370793b7ad9a3a5ae6f41f00c"
"data/vla_bridge/widowx_mujoco_rlds_source_v1/images/episode_0041_step_0457.png","12978","b56aa0d2eddb56db419252b43289a0e822173a3a067fb435b514c605a836445f"
"data/vla_bridge/widowx_mujoco_rlds_source_v1/images/episode_0041_step_0549.png","12762","c072eb03e7e6332c15f8f670c9ef26fbce7fa17ceaa98a2733560dbfb7c59f5e"
"data/vla_bridge/widowx_mujoco_rlds_source_v1/images/episode_0041_step_0641.png","12770","592bf7e49363319ef3cf4cef3faec15cbef01e981356819c6651cbcb6c0def9d"
"data/vla_bridge/widowx_mujoco_rlds_source_v1/images/episode_0041_step_0732.png","12650","9f7bfd952a06d952627ec7ea975682504be3817bac6a7bbc64f43f307b6e0e1f"
"data/vla_bridge/widowx_mujoco_rlds_source_v1/images/episode_0041_step_0824.png","12955","9248e2d248b19b02394efce327694f9df8d998b65ca5d4933d93d556601e91cb"
"data/vla_bridge/widowx_mujoco_rlds_source_v1/images/episode_0041_step_0915.png","12961","55c4d90b95590f473cbf17ec18432558b88020e9a4bc4a415ce6a76fbc372a12"
"data/vla_bridge/widowx_mujoco_rlds_source_v1/images/episode_0041_step_1007.png","12899","dff5d687c419369e2424299b59286d086bad5a65785e307d093decd87f0c5ce0"
"data/vla_bridge/widowx_mujoco_rlds_source_v1/images/episode_0041_step_1098.png","12619","84d6ec671e403eca3f34397ae2eedd1823fc08dccb184f44a148fdac61d1d496"
"data/vla_bridge/widowx_mujoco_rlds_source_v1/images/episode_0041_step_1190.png","12673","5834fc081063d3602b61d5dc3f2a0b43e0c2dba43c0d1816bfafdabe778356db"
"data/vla_bridge/widowx_mujoco_rlds_source_v1/images/episode_0041_step_1282.png","12776","f3be202e16b071c4c6db67c556d222b9a2ba446152ccc6b4364db16c10fbfb6d"
"data/vla_bridge/widowx_mujoco_rlds_source_v1/images/episode_0041_step_1373.png","13068","a8c47194a71018849b6337db9760d8794b2d4a319c6c59c4ac8870705dd37171"
"data/vla_bridge/widowx_mujoco_rlds_source_v1/images/episode_0041_step_1465.png","13445","6046a59ea04d4527806b36038aea5698fff3be04b6217fed65aaf99b09d3fde0"
"data/vla_bridge/widowx_mujoco_rlds_source_v1/images/episode_0041_step_1556.png","13672","c8af67504b9a1237e54d889c9ff9d3cb59c3bca4306aa5ea1ea3ccab3c694b7e"
"data/vla_bridge/widowx_mujoco_rlds_source_v1/images/episode_0041_step_1648.png","13692","77003540b596a793e57bb0b594deb002283100bfb5f4d9838ea7c8e96a92d679"
"data/vla_bridge/widowx_mujoco_rlds_source_v1/images/episode_0041_step_1740.png","13765","da468ca4c0c91964480bbf446fb7b23f6c1007f1e80d0bf954d4d538291e5a0b"
"data/vla_bridge/widowx_mujoco_rlds_source_v1/images/episode_0041_step_1831.png","13811","5cc32319004891256f2ec9fe4e9666a5115200c6b020fe1edd4ed8df7b7e2a7d"
"data/vla_bridge/widowx_mujoco_rlds_source_v1/images/episode_0041_step_1923.png","13968","fc6ab895ce6a0af360438bc39b49eedf8529b9603b577ff159e44a35136e8634"
"data/vla_bridge/widowx_mujoco_rlds_source_v1/images/episode_0041_step_2014.png","13833","e91bef2c708b0da7a9153a6a82276e53f5e717eceb620c5dac4876cf74f5d34c"
"data/vla_bridge/widowx_mujoco_rlds_source_v1/images/episode_0041_step_2106.png","13720","f15d8b3c756e849ebccef0ba6c35f38ccbf3327a52aa06603e595ae3923ffd4e"
"data/vla_bridge/widowx_mujoco_rlds_source_v1/images/episode_0041_step_2197.png","13709","51467af26a979d6fa1b4e2e85ee212cded6f26c82629ff02bab420c23320c13d"
"data/vla_bridge/widowx_mujoco_rlds_source_v1/images/episode_0041_step_2289.png","13712","abc2e1635b39dd21bce9a94f07c39a887e21f58e32ad55084dbcf54c59b88a56"
"data/vla_bridge/widowx_mujoco_rlds_source_v1/images/episode_0041_step_2381.png","13711","dd0937936073f8b90fe6bee86084e48359ea425c22e6aa0d3586dc4c09607e68"
"data/vla_bridge/widowx_mujoco_rlds_source_v1/images/episode_0041_step_2472.png","13815","91e1a081429395c5198a31956b1892fa7ec6a78d19e5799b2d009dfceee7505d"
"data/vla_bridge/widowx_mujoco_rlds_source_v1/images/episode_0041_step_2564.png","13786","1b630b0d20fa1bdee7564fd05d4b7e68892fc06f5236a9a7901e1f282a949a98"
"data/vla_bridge/widowx_mujoco_rlds_source_v1/images/episode_0041_step_2655.png","14032","231c4a1b71c39940e53f2b5d6fdf1d85656fbebd45d623a20da882047259b0bd"
"data/vla_bridge/widowx_mujoco_rlds_source_v1/images/episode_0041_step_2747.png","14005","0f12cfdbad13a7b3288cc094d30fda8d1ad5c0563dba06feaaf1c4b1f6e0da7e"
"data/vla_bridge/widowx_mujoco_rlds_source_v1/images/episode_0041_step_2839.png","13954","5291f35dd5352de28deb72c5c23e90bdf2206606497a3efd887d7a963a3e3889"
"data/vla_bridge/widowx_mujoco_rlds_source_v1/images/episode_0042_step_0000.png","12014","1535f68d7d93558888bba5409999f3886f78bce7d88c549964cd0e49e37b886e"
"data/vla_bridge/widowx_mujoco_rlds_source_v1/images/episode_0042_step_0091.png","12292","56e69b7b1c2a84863eba905ac5997753c62d08e78d1d0e4abf5735407e3b8fc5"
"data/vla_bridge/widowx_mujoco_rlds_source_v1/images/episode_0042_step_0183.png","12433","0d653dc7cbb69329db2dc9459dd214af1087e8bca94cd6c032a936d6b365234a"
"data/vla_bridge/widowx_mujoco_rlds_source_v1/images/episode_0042_step_0274.png","12894","9bfea563d45622bb06de743d60cd00994b10019431e6033536642111662ed382"
"data/vla_bridge/widowx_mujoco_rlds_source_v1/images/episode_0042_step_0366.png","13159","5ec78946a3af3fedfb9deefabc6c9afc4188f067c03ee0748eaa139f933a9413"
"data/vla_bridge/widowx_mujoco_rlds_source_v1/images/episode_0042_step_0457.png","13109","c97a5a7dd0b57beb6b6c5afba606cb2494f91530478039fa28dbb0a0bd789bed"
"data/vla_bridge/widowx_mujoco_rlds_source_v1/images/episode_0042_step_0549.png","12950","7401aabab728eff4494bd771b979c0b501fe099df48abb192490d05099dad689"
"data/vla_bridge/widowx_mujoco_rlds_source_v1/images/episode_0042_step_0641.png","12911","ec259500ff411a1446f5cb486ac0f723f6438233bf22b36208757365ba167532"
"data/vla_bridge/widowx_mujoco_rlds_source_v1/images/episode_0042_step_0732.png","12876","04b731326e69de96eb3212563ded116b3cb229c384eb22d19417c95a3a685b78"
"data/vla_bridge/widowx_mujoco_rlds_source_v1/images/episode_0042_step_0824.png","13074","4958fbefeef543a080d3724197beffdfd9e03741e0d89c94972f35be04f06d13"
"data/vla_bridge/widowx_mujoco_rlds_source_v1/images/episode_0042_step_0915.png","13077","744761a274ad2ece54752228044e2201e8586e091d260c29bfa1fe3763315710"
"data/vla_bridge/widowx_mujoco_rlds_source_v1/images/episode_0042_step_1007.png","13028","a6a78302012610fc372bd97de9bfac146950b6a7cd45e3eb1e1c96a04eaefcb6"
"data/vla_bridge/widowx_mujoco_rlds_source_v1/images/episode_0042_step_1098.png","12915","3853d723dfeedb3d77d0717d6ee7c0e26e6d575d639123ce11c96fb1c2c5b4e3"
"data/vla_bridge/widowx_mujoco_rlds_source_v1/images/episode_0042_step_1190.png","12944","63068fecfa762dc6b3142d68ebe089618155beaff30ab5bc7ab67009a3a3cdd8"
"data/vla_bridge/widowx_mujoco_rlds_source_v1/images/episode_0042_step_1282.png","13165","f450a913f06846df8bf38a7e2ec17ccbf3255aa8af46126e95bfb33d53ea5f67"
"data/vla_bridge/widowx_mujoco_rlds_source_v1/images/episode_0042_step_1373.png","13400","cbca97b0910b6274e63878539c0c745f1b2397713975e8702aff5d99de6e0883"
"data/vla_bridge/widowx_mujoco_rlds_source_v1/images/episode_0042_step_1465.png","13580","08ad3c115ded4ab07fa1e4087f3bc931aeb51770137813958eb6a3d7c4392168"
"data/vla_bridge/widowx_mujoco_rlds_source_v1/images/episode_0042_step_1556.png","13700","44559664b72cb6cdefa55c27e7444f6f2250d08d064c1919fb66f1f71392b6a5"
"data/vla_bridge/widowx_mujoco_rlds_source_v1/images/episode_0042_step_1648.png","13835","2d993607f29bb196b1c554431f6f3fd5addfe789d72327874361dc6cebb5697b"
"data/vla_bridge/widowx_mujoco_rlds_source_v1/images/episode_0042_step_1740.png","13853","ccd486ab333fd00c712062b1e808ff70e14e42f33326c5486e3149a635d2ee88"
"data/vla_bridge/widowx_mujoco_rlds_source_v1/images/episode_0042_step_1831.png","13810","0b7e831752cecaf97a575ddacf5a7bce79ec1cadedae6c62016b254e4ba9fcd2"
"data/vla_bridge/widowx_mujoco_rlds_source_v1/images/episode_0042_step_1923.png","13908","03683a37a97920433a72ffc275ca435e90f51a1d0a55b6e5ee74e25a0bd7b36c"
"data/vla_bridge/widowx_mujoco_rlds_source_v1/images/episode_0042_step_2014.png","13840","512dd577bc609a59efc97dff82665afee482f7cc117938174b9083d6d480b56c"
"data/vla_bridge/widowx_mujoco_rlds_source_v1/images/episode_0042_step_2106.png","13724","56a11f9cf253a446244ae7445796a55a1e53973f9859271d6f96c92ea6ebc590"
"data/vla_bridge/widowx_mujoco_rlds_source_v1/images/episode_0042_step_2197.png","13683","1d426a10d6a0b1bb11688f6322f29ce523e6dee1460420bc9d3b948018501ca1"
"data/vla_bridge/widowx_mujoco_rlds_source_v1/images/episode_0042_step_2289.png","13687","6bd8ebe732ee7738771851f689c8a75230739559de5063f81504dbd093c41e23"
"data/vla_bridge/widowx_mujoco_rlds_source_v1/images/episode_0042_step_2381.png","13712","dc808474354c943e78ba2436b5d6c62abbb074e426e3bec1c85a1eeaa7f49c64"
"data/vla_bridge/widowx_mujoco_rlds_source_v1/images/episode_0042_step_2472.png","13754","409a8abc082e61f60f715466fbaed54629923a48f91caf8b020994c00ef0ff1c"
"data/vla_bridge/widowx_mujoco_rlds_source_v1/images/episode_0042_step_2564.png","13762","3f0afe3883a3f63ff7296b6f138da3ccc771add5ee1121ddef3744bebcb5c5eb"
"data/vla_bridge/widowx_mujoco_rlds_source_v1/images/episode_0042_step_2655.png","13986","67ba2f5f4965b2f55a55ed287c19f7d047f99671cb724e0929fc0bc8c623ea99"
"data/vla_bridge/widowx_mujoco_rlds_source_v1/images/episode_0042_step_2747.png","13929","ac8bb93d6b0d2c7475ebe43849ef04b7d4831ea2781fea8e2c275ab09de772ff"
"data/vla_bridge/widowx_mujoco_rlds_source_v1/images/episode_0042_step_2839.png","13933","836e76cbb889a4b742b421b2e28a4dc2a9dea1c0f9f44cd37faa4182da31de1f"
"data/vla_bridge/widowx_mujoco_rlds_source_v1/images/episode_0043_step_0000.png","12051","47d8da16c342b8395d6f7f26d5da0a7d9076a7f48215f09e6a6dbde1bdf6f782"
"data/vla_bridge/widowx_mujoco_rlds_source_v1/images/episode_0043_step_0091.png","12231","c39ce2a711fb7381899c1ca68757172fd429402207bb89a0504fd876c71008b7"
"data/vla_bridge/widowx_mujoco_rlds_source_v1/images/episode_0043_step_0183.png","12418","b2e18b6a441590fa9a04daa20fc410ac5b0433bc923a5e5b2c5bc824a7a63c26"
"data/vla_bridge/widowx_mujoco_rlds_source_v1/images/episode_0043_step_0274.png","12538","fe6e4c930071753af78b9b9b7665ba7f3c68ffd1d63829cbcedaa582e7b23389"
"data/vla_bridge/widowx_mujoco_rlds_source_v1/images/episode_0043_step_0366.png","12475","58fa8207dcbc133925fec256150ff73f7188c0ad94131f88545542eab71928e8"
"data/vla_bridge/widowx_mujoco_rlds_source_v1/images/episode_0043_step_0457.png","12453","8dccc699fe7a9ae4262ff0f5d31395276d13b9cd501b65e24439a39c6400fabc"
"data/vla_bridge/widowx_mujoco_rlds_source_v1/images/episode_0043_step_0549.png","12431","1af33a0e90b3c91c0a07d30a915ad8a3795c4d9712b39eac8c342e8e263e5f7f"
"data/vla_bridge/widowx_mujoco_rlds_source_v1/images/episode_0043_step_0641.png","12509","e85b118497eacf3f08bf578a95d026b2cb646413bdeb9d0d95ce2acca4acb8d2"
"data/vla_bridge/widowx_mujoco_rlds_source_v1/images/episode_0043_step_0732.png","12500","134059ee73c0c5da94ce742805ac96c982edfdf06473dfce226ce35453bc54e8"
"data/vla_bridge/widowx_mujoco_rlds_source_v1/images/episode_0043_step_0824.png","12482","adb943a1b490ac8a38c10ac42e1905752f0d3361079ae32e59d71e6030b94e63"
"data/vla_bridge/widowx_mujoco_rlds_source_v1/images/episode_0043_step_0915.png","12520","21a6b07a14a53fc43bb0cef49d6626cd73dcba7fa89dc34a9c8534626470a48b"
"data/vla_bridge/widowx_mujoco_rlds_source_v1/images/episode_0043_step_1007.png","12499","eb16816d749e0c13154b383a4a0b2e8de51aa906fdf2c03eccd282e856a5e548"
"data/vla_bridge/widowx_mujoco_rlds_source_v1/images/episode_0043_step_1098.png","12626","181654116e279732f7dacea620dd23f7272d9a5c7ffa444b5ffd47814b78efa2"
"data/vla_bridge/widowx_mujoco_rlds_source_v1/images/episode_0043_step_1190.png","12598","a8611dcc5769267d62163c69cdf8cd2012c13b0ec4f36aa02afc376f8f498a6d"
"data/vla_bridge/widowx_mujoco_rlds_source_v1/images/episode_0043_step_1282.png","12722","759fef460ce323aa59b7b66466d50198ac0c257d19da04b1186f75590c71c2f8"
"data/vla_bridge/widowx_mujoco_rlds_source_v1/images/episode_0043_step_1373.png","12899","0deea6675b99123d0f38518e2e187ffc761e868d767c8ab27bb5e0e9c7fe32af"
"data/vla_bridge/widowx_mujoco_rlds_source_v1/images/episode_0043_step_1465.png","13192","f8a26d55ad96e58ac7a09376dda3a113f787145d74e1df70da11854b0903a841"
"data/vla_bridge/widowx_mujoco_rlds_source_v1/images/episode_0043_step_1556.png","13289","143025c0d33ef53fcabdd5e78ef6ae4fb48909b9bd02e12da746be9cbd509fcb"
"data/vla_bridge/widowx_mujoco_rlds_source_v1/images/episode_0043_step_1648.png","13780","df28587656480195a1e499de926a63e3a6675b8bc57d830306d8fdd34dc5bfce"
"data/vla_bridge/widowx_mujoco_rlds_source_v1/images/episode_0043_step_1740.png","14031","84fae03c11bbf48b3fa4f4dfd0c317c78881b4e5c9c393ebf26217e73b845eda"
"data/vla_bridge/widowx_mujoco_rlds_source_v1/images/episode_0043_step_1831.png","13934","4be20f66e686ac0ce8dc77c583a864a002b3c6ee5732a76ba36743e6364894c2"
"data/vla_bridge/widowx_mujoco_rlds_source_v1/images/episode_0043_step_1923.png","14097","b898a0dca263d79aa57e9d8d2d17181e7d1c9e23559e186f678f49d3fc161a55"
"data/vla_bridge/widowx_mujoco_rlds_source_v1/images/episode_0043_step_2014.png","13834","6162a261e4724e3f55a16735a3b16506e902fbf24c50c884e3c566b5966bfab9"
"data/vla_bridge/widowx_mujoco_rlds_source_v1/images/episode_0043_step_2106.png","13816","a3cb494afb3970977bf0f0ccd255e50791a78947023d7ea9a9714910a1d8f2e5"
"data/vla_bridge/widowx_mujoco_rlds_source_v1/images/episode_0043_step_2197.png","13628","4728fc4d3a64561ab3189ea5ce700a4b36031efa07b8d53f65af4edd716345e2"
"data/vla_bridge/widowx_mujoco_rlds_source_v1/images/episode_0043_step_2289.png","13737","3bba8c80dc79dbea2c2d3c3113ae3ea474d90ec27b5c7ced9f037ef0a65c8f08"
"data/vla_bridge/widowx_mujoco_rlds_source_v1/images/episode_0043_step_2381.png","13770","9492f3e9942def48df01d3e170c486ea7ca9bfc6077e1416444ceb92c4572d51"
"data/vla_bridge/widowx_mujoco_rlds_source_v1/images/episode_0043_step_2472.png","13790","be8ba98933ff8f7c677a086f690165f560a047ccc64aca7753443aea5e4c3cf2"
"data/vla_bridge/widowx_mujoco_rlds_source_v1/images/episode_0043_step_2564.png","13752","be2588c8c18db28f93852385ffa53c079cf866fe8ae229b90610f2b849e1f217"
"data/vla_bridge/widowx_mujoco_rlds_source_v1/images/episode_0043_step_2655.png","13969","6437c7b9a6348dfd933003e23de775d87c5423e381ec47f4a3691af7c7943d62"
"data/vla_bridge/widowx_mujoco_rlds_source_v1/images/episode_0043_step_2747.png","13979","eca9a3d9dfd95627ef72fce48bc70a3ceab25b890859631141ccd0ed62cb4a2e"
"data/vla_bridge/widowx_mujoco_rlds_source_v1/images/episode_0043_step_2839.png","13929","a40b7e4a9391ede61947f7e2342b3bbc8a7e28803feadd879cb0c33b2cb86f26"
"data/vla_bridge/widowx_mujoco_rlds_source_v1/images/episode_0044_step_0000.png","12010","ab8d016f811d423355c7cb75d956114302fb862facd9e03bc4ead40a0a4c00df"
"data/vla_bridge/widowx_mujoco_rlds_source_v1/images/episode_0044_step_0091.png","12465","3841b630f7ec4dec8901664f0a89d917bb5b9f456edf51c30fd599b790a0efc3"
"data/vla_bridge/widowx_mujoco_rlds_source_v1/images/episode_0044_step_0183.png","12793","f1aedec699a96d333aca476963803129f2ef4f920123e3c86a2cc7cc1a581ce6"
"data/vla_bridge/widowx_mujoco_rlds_source_v1/images/episode_0044_step_0274.png","12849","142670136b511232ee0a1c8426107504192b1c9c06fc2d87527763ddca2caf2d"
"data/vla_bridge/widowx_mujoco_rlds_source_v1/images/episode_0044_step_0366.png","12726","015c5f66a674f7ca55b027c6fb6268b13df9fe006525deea18d1171e50c7d54c"
"data/vla_bridge/widowx_mujoco_rlds_source_v1/images/episode_0044_step_0457.png","12727","5b9cecff36772ba17221443ce6007442a8cff284d2165242089428314c61d9b2"
"data/vla_bridge/widowx_mujoco_rlds_source_v1/images/episode_0044_step_0549.png","12813","3451765655a32dbba1d6aae66e092be890db335edf4106f4eb69f43d3ce165e1"
"data/vla_bridge/widowx_mujoco_rlds_source_v1/images/episode_0044_step_0641.png","12749","b7187b72e9b60523bb24fb8628348fa48bd25bdb8b709694a2f13db2e33405a7"
"data/vla_bridge/widowx_mujoco_rlds_source_v1/images/episode_0044_step_0732.png","12779","ab4c601fec5805568b363a4f7ad9b6d3697c409c58ce67f7e1c5e478e1c85bf9"
"data/vla_bridge/widowx_mujoco_rlds_source_v1/images/episode_0044_step_0824.png","12771","fa336717714748cdd2e6fdf85fb373584eb0995555bac2ad0ee9e7890e7016d0"
"data/vla_bridge/widowx_mujoco_rlds_source_v1/images/episode_0044_step_0915.png","12917","695fd2cddc84fa938784dd0d40b62e2b5cac14c91fce78194de717318a0b5122"
"data/vla_bridge/widowx_mujoco_rlds_source_v1/images/episode_0044_step_1007.png","12902","8d4cd17421fb624460d8713291290d8e64a8566763727fe8b60989b583a4a8c9"
"data/vla_bridge/widowx_mujoco_rlds_source_v1/images/episode_0044_step_1098.png","12943","483898ee425d1e383299e2580960878a07044976adefc4f923cdf5d01cfa2af3"
"data/vla_bridge/widowx_mujoco_rlds_source_v1/images/episode_0044_step_1190.png","12930","35a6d6ad77c7b5ae2e03cf7d8e7b7fb6a82943ebdcc0b4ed5d0eb1dc5e8707ed"
"data/vla_bridge/widowx_mujoco_rlds_source_v1/images/episode_0044_step_1282.png","13288","07d1490aeb2e26da2cc9186177f9ec94b908da37597997de897986933c5ec2fe"
"data/vla_bridge/widowx_mujoco_rlds_source_v1/images/episode_0044_step_1373.png","13407","5679c7e093fc429e0d1445ece6f04fd571f9e115087995a7b7bfc72d275deb08"
"data/vla_bridge/widowx_mujoco_rlds_source_v1/images/episode_0044_step_1465.png","13614","0862fce7195c9b1e1207440a57faf3b5ba5dcb8f76b54449ae9459335634795d"
"data/vla_bridge/widowx_mujoco_rlds_source_v1/images/episode_0044_step_1556.png","13659","ff84891cced53100b3938804a3e3ec667ff083b243261eaa97ef7aa75a4e022d"
"data/vla_bridge/widowx_mujoco_rlds_source_v1/images/episode_0044_step_1648.png","13985","9e9dde4dfbec94416c7aa379d84e6eace89328baaef9652bf7b5b07487d9a173"
"data/vla_bridge/widowx_mujoco_rlds_source_v1/images/episode_0044_step_1740.png","14124","92907f7624add6711654e78d6cb8a83c4c21f3e176c2b00ed676d391f559f0cb"
"data/vla_bridge/widowx_mujoco_rlds_source_v1/images/episode_0044_step_1831.png","13936","239934f495a90fee30c2d0dbe3edce8adf379877a71f948f6289be7cd6f11dad"
"data/vla_bridge/widowx_mujoco_rlds_source_v1/images/episode_0044_step_1923.png","13990","70e7500d07b8360435d47928139d79f210faaac788ac74a361ecd988395ba639"
"data/vla_bridge/widowx_mujoco_rlds_source_v1/images/episode_0044_step_2014.png","13900","f4a780a840e93ef300fa28e702e37a85048147daae7dab9acd3eed00de07c532"
"data/vla_bridge/widowx_mujoco_rlds_source_v1/images/episode_0044_step_2106.png","13762","ab6c7fe616e70abb8fd6ad104b0bcc1d833b070f847cd987677e80649cc4eb7f"
"data/vla_bridge/widowx_mujoco_rlds_source_v1/images/episode_0044_step_2197.png","13706","6bb917288d6ab636166230a3d5ba854136dcf2e65cb5e119f0d49dbdb679ca3e"
"data/vla_bridge/widowx_mujoco_rlds_source_v1/images/episode_0044_step_2289.png","13749","b4a2eb47c795e637fbb41ab7f0120465196043c7ce9a69c4dfeaf36d192cba38"
"data/vla_bridge/widowx_mujoco_rlds_source_v1/images/episode_0044_step_2381.png","13730","61abadacdd707f6c05453d7f6df437e428d38b521853b1f73300379f59cb8ec4"
"data/vla_bridge/widowx_mujoco_rlds_source_v1/images/episode_0044_step_2472.png","13771","27f9133f744c778e9496fd52c52f6f8f8b8e0b17d24ef1a04a53563e655d0117"
"data/vla_bridge/widowx_mujoco_rlds_source_v1/images/episode_0044_step_2564.png","13764","0c6bfa2bb9f6771f93a133274f433d45a39fe28a3c601e3b1eb79718f9d6cd08"
"data/vla_bridge/widowx_mujoco_rlds_source_v1/images/episode_0044_step_2655.png","13982","54cae6858877e78073552be00bad70fbb567310958ebbfc306acc32968120816"
"data/vla_bridge/widowx_mujoco_rlds_source_v1/images/episode_0044_step_2747.png","13955","55d46635d572d8ed6f94ab9ce8853bca2563f9c09708976243e76e572b82e8ff"
"data/vla_bridge/widowx_mujoco_rlds_source_v1/images/episode_0044_step_2839.png","13946","d3b9368e50beb086e51d073aaab0f671dd1e3b294e2e079b847957e18bea7f18"
"data/vla_bridge/widowx_mujoco_rlds_source_v1/images/episode_0045_step_0000.png","12078","383a5d606607bd624b85f76db46a875368c0ae8576f3cb7688d82865f7f3c298"
"data/vla_bridge/widowx_mujoco_rlds_source_v1/images/episode_0045_step_0091.png","12224","7b4134208a8f703a50cc1374a7a982bef79afd8bd758f12291785ef3fd174dce"
"data/vla_bridge/widowx_mujoco_rlds_source_v1/images/episode_0045_step_0183.png","12359","b8cb635542ec69d79ee2fa0b491afaa9ee865fce03a1c40ca44e70d4420e8a20"
"data/vla_bridge/widowx_mujoco_rlds_source_v1/images/episode_0045_step_0274.png","12477","344c4ae8202ac1a1f337ff491cbc0176100c75ecf7ec3e32d0778af8b82ed166"
"data/vla_bridge/widowx_mujoco_rlds_source_v1/images/episode_0045_step_0366.png","12415","de6858da85fa56680585b709ed6071d2e1b24d495e2f704dd8558d36d8c90de0"
"data/vla_bridge/widowx_mujoco_rlds_source_v1/images/episode_0045_step_0457.png","12463","04fcad885c1045b18f0d0bdb8bef5b63119ae5cd94dc55b3e623fd20ab4d3b59"
"data/vla_bridge/widowx_mujoco_rlds_source_v1/images/episode_0045_step_0549.png","12401","eb84d63b7824037c61c0a02ae4ca153b460d083a65b4ba33faf535dde433452d"
"data/vla_bridge/widowx_mujoco_rlds_source_v1/images/episode_0045_step_0641.png","12404","e5e70ab7c2589e7598129020834e9eaa78a388c0b3d4203540625bb095ed821c"
"data/vla_bridge/widowx_mujoco_rlds_source_v1/images/episode_0045_step_0732.png","12343","18ba17230d3c8c8640e1bbcbac25d70b1cb507ffb1fcdabaa789b8fbfaf21cb0"
"data/vla_bridge/widowx_mujoco_rlds_source_v1/images/episode_0045_step_0824.png","12414","8b9a13acbead1bd453d9aa4dd0d182fcc885bd374f53ce0f6e34e2d118184529"
"data/vla_bridge/widowx_mujoco_rlds_source_v1/images/episode_0045_step_0915.png","12428","a3f30d88dfbda4496e34648e889627848dc954c331e42a34ed41249d0790f002"
"data/vla_bridge/widowx_mujoco_rlds_source_v1/images/episode_0045_step_1007.png","12327","c8e05b17d964dcadea40e3d4c4fdd90d4de20176c204f1add649d7f8504bc0b5"
"data/vla_bridge/widowx_mujoco_rlds_source_v1/images/episode_0045_step_1098.png","12412","a6464eb39a69d5c5bba5e9bf7d595753f836c0d9feab64697049cfa16c33d36f"
"data/vla_bridge/widowx_mujoco_rlds_source_v1/images/episode_0045_step_1190.png","12397","5405b375e30764bc57a9f5be4bd6b57e3f53d28bad6af1698f8ba219aa8e3271"
"data/vla_bridge/widowx_mujoco_rlds_source_v1/images/episode_0045_step_1282.png","12601","2e6966ebb486d72b16909e3440eafaa714d7831c90bfead72bb8f6709cc17715"
"data/vla_bridge/widowx_mujoco_rlds_source_v1/images/episode_0045_step_1373.png","12631","42074aa63ca3e65e5f9845f4661061f0d95bc069e640608267bb6db2b409184b"
"data/vla_bridge/widowx_mujoco_rlds_source_v1/images/episode_0045_step_1465.png","12902","8f88d886728ef31610fca1152d20c9ea27381ae21053de38d3867dd7e0b46b1b"
"data/vla_bridge/widowx_mujoco_rlds_source_v1/images/episode_0045_step_1556.png","13375","d0988903824a008dd053bac4056d46a16e12313a5e889a097d80fbaa8419025e"
"data/vla_bridge/widowx_mujoco_rlds_source_v1/images/episode_0045_step_1648.png","13720","b51e44ebb654c3efb5e5ebe400235fe470cf525183fd3a51e5d0bcec733ba85c"
"data/vla_bridge/widowx_mujoco_rlds_source_v1/images/episode_0045_step_1740.png","13983","708b6b5f2720b9cd9386177d956a85ddd03b7fd65bf86f3a5b3b982e7be64a57"
"data/vla_bridge/widowx_mujoco_rlds_source_v1/images/episode_0045_step_1831.png","13928","a9deb985fca8809db95b9406dd356bb9a3b4b8d77d96bbc4e565dbc22f76d63d"
"data/vla_bridge/widowx_mujoco_rlds_source_v1/images/episode_0045_step_1923.png","13991","36cffd4353bc1fa1c57ecf600bc7a79e3eb55f43fff4aab3d4da95d71be8f4ec"
"data/vla_bridge/widowx_mujoco_rlds_source_v1/images/episode_0045_step_2014.png","13897","752918c72db6814396e89bc5fcacaa1e345cd3cc1338635066496412f9280a5d"
"data/vla_bridge/widowx_mujoco_rlds_source_v1/images/episode_0045_step_2106.png","13765","159bba39d4b32011d262b8086b9506a36542ee31529537e261d3b9fb85f11425"
"data/vla_bridge/widowx_mujoco_rlds_source_v1/images/episode_0045_step_2197.png","13716","d63dd27600f12c201fa85a206573508497c7f3e96130b9eaedb2f6626b964176"
"data/vla_bridge/widowx_mujoco_rlds_source_v1/images/episode_0045_step_2289.png","13768","0ae4282b7be38db85cbfe52230748a30c6ccc765424ac56ce36f39f03423d6ba"
"data/vla_bridge/widowx_mujoco_rlds_source_v1/images/episode_0045_step_2381.png","13807","7322b8afa0a7b27f9e701a84d10cf742ef7ce43c101d9578525c1d123f08b526"
"data/vla_bridge/widowx_mujoco_rlds_source_v1/images/episode_0045_step_2472.png","13748","e2aa20819e2f7f5e08b5f3470470675d7b46576621f4256caa5697117e82a0b9"
"data/vla_bridge/widowx_mujoco_rlds_source_v1/images/episode_0045_step_2564.png","13776","c2b2f183a018c1c349190e59118ececaa1fd6294cf4882e4069f7aafded748dc"
"data/vla_bridge/widowx_mujoco_rlds_source_v1/images/episode_0045_step_2655.png","13968","f063348c8912485e0508faccce95fc303852352a050d25a5ec36383f36538101"
"data/vla_bridge/widowx_mujoco_rlds_source_v1/images/episode_0045_step_2747.png","13943","82b1bed5afcf295ce44100301873558d6dfea100aaaa26d4c989c708e49d07f0"
"data/vla_bridge/widowx_mujoco_rlds_source_v1/images/episode_0045_step_2839.png","13973","7d98aa7f5da011f0d1cc9dd5774b7fe7f69fb8a4b3ffb54d6efa1ee4f4565a73"
"data/vla_bridge/widowx_mujoco_rlds_source_v1/images/episode_0046_step_0000.png","11948","0f5c68d6dcc0081fa5339bc53824dbb7143c5eb6668228e47a400414ce148e3a"
"data/vla_bridge/widowx_mujoco_rlds_source_v1/images/episode_0046_step_0091.png","12225","502964f8a209e06dde569a426286ccd70292fd658ff2243a21d30c06fbe84078"
"data/vla_bridge/widowx_mujoco_rlds_source_v1/images/episode_0046_step_0183.png","12410","9f93c892d9c45733b612449cead2b767d0a23140ed0c43a8174d8b34fc756994"
"data/vla_bridge/widowx_mujoco_rlds_source_v1/images/episode_0046_step_0274.png","12417","93966ace97312c975899aa5467d666f804f5d69d0b7372f32c987de8cb459a0d"
"data/vla_bridge/widowx_mujoco_rlds_source_v1/images/episode_0046_step_0366.png","12730","365df9df86bb3b82e0837127faabb88688a6d94ca1b1c46011b26382c0cc3310"
"data/vla_bridge/widowx_mujoco_rlds_source_v1/images/episode_0046_step_0457.png","12788","1c2ded9142d054ca79f2f6840559b6e7e7fd037eb084dfd926a4a39a000d8e76"
"data/vla_bridge/widowx_mujoco_rlds_source_v1/images/episode_0046_step_0549.png","13038","426482a67059711513c2d0c07d6ea9fe152e2373ea82be32014ed0de540c66a4"
"data/vla_bridge/widowx_mujoco_rlds_source_v1/images/episode_0046_step_0641.png","12967","9d6502caedff1a5b06bec616289b9034ec94a5f2346d165da5adcb3bba98a522"
"data/vla_bridge/widowx_mujoco_rlds_source_v1/images/episode_0046_step_0732.png","12976","b75f1af01fdbec72451e60954380118d4a2fa1e5586656534381d1e1882ef902"
"data/vla_bridge/widowx_mujoco_rlds_source_v1/images/episode_0046_step_0824.png","12913","dd2380487c3aadff5a80eb3b8c7f8da9fbfc01acf367432f97490a8eb470e2ea"
"data/vla_bridge/widowx_mujoco_rlds_source_v1/images/episode_0046_step_0915.png","12817","54020aa988293bf0c05babfe7116c3f82ed9fff5db5d27337479d9a3c5441744"
"data/vla_bridge/widowx_mujoco_rlds_source_v1/images/episode_0046_step_1007.png","12689","7eafdfe26303e4d0ebf12cd69a48bc1f4dc16e66cc200d7908234a42cc95d199"
"data/vla_bridge/widowx_mujoco_rlds_source_v1/images/episode_0046_step_1098.png","12490","c8ea7756e25c8bccbec29a96ac2945f6fe93bd881ab24e9ef9431e8486630b60"
"data/vla_bridge/widowx_mujoco_rlds_source_v1/images/episode_0046_step_1190.png","12550","8a7f802c43bb33434d194d3727b45a8f75653a896a22e4e3be51562460795beb"
"data/vla_bridge/widowx_mujoco_rlds_source_v1/images/episode_0046_step_1282.png","12577","0a6d1f8ce603a52dcbc3995ba2a55ecc4e0938c97eafd18a3ff0ebee3081d7eb"
"data/vla_bridge/widowx_mujoco_rlds_source_v1/images/episode_0046_step_1373.png","12639","24291189ee8c302d890b58499725a716551a66f48fae13031a875e88d7a39e3b"
"data/vla_bridge/widowx_mujoco_rlds_source_v1/images/episode_0046_step_1465.png","12801","92e3fda74f09c5de5da53398969c120663ce1b3b052b8e14d808c3d5bddcaa73"
"data/vla_bridge/widowx_mujoco_rlds_source_v1/images/episode_0046_step_1556.png","12987","46c1fa607360d113faa94720545feaf6af3a7802af39c6eaa9d8a982c70438e8"
"data/vla_bridge/widowx_mujoco_rlds_source_v1/images/episode_0046_step_1648.png","13470","09a6e4ea9ba5c9bb46408f63d9d3e8f954b933781591de0b74a804fb92f82739"
"data/vla_bridge/widowx_mujoco_rlds_source_v1/images/episode_0046_step_1740.png","13712","723e27ef912f8f762ee6fdffe70f9111326dbf9195cc78ecf0896f88821d6879"
"data/vla_bridge/widowx_mujoco_rlds_source_v1/images/episode_0046_step_1831.png","13835","2aaaa65153fabdda6fcf83e0e8baedfc9046327ec1e26b5c0ddf75fc1b8a2211"
"data/vla_bridge/widowx_mujoco_rlds_source_v1/images/episode_0046_step_1923.png","14019","ddcd3595bc929d683b4f0b6cb83c2c61d449b023a1ae9cc190adab30a8831597"
"data/vla_bridge/widowx_mujoco_rlds_source_v1/images/episode_0046_step_2014.png","13886","82aee901d5f1605615907f96739969cacf4e9a772f84b1aa7adeb29e9594a5e5"
"data/vla_bridge/widowx_mujoco_rlds_source_v1/images/episode_0046_step_2106.png","13665","cd383f63fdf6bb1238b0e845af7f449bfd2f7a460eeba2693e2fd102b8200f87"
"data/vla_bridge/widowx_mujoco_rlds_source_v1/images/episode_0046_step_2197.png","13625","4c9b23dac0200766a3da6f6b5fdd31471cc09713b6b7f6a87fb807ab20c97100"
"data/vla_bridge/widowx_mujoco_rlds_source_v1/images/episode_0046_step_2289.png","13654","441d09e0be63de44e299d2701bd9050c072c2edeeee5b5b0df33049820e2b752"
"data/vla_bridge/widowx_mujoco_rlds_source_v1/images/episode_0046_step_2381.png","13717","fed72abf3abca78f5d3176448416a83d5daa0ae8ab774190f20d0c2979402bb0"
"data/vla_bridge/widowx_mujoco_rlds_source_v1/images/episode_0046_step_2472.png","13714","9edc64222e829a9f51a438209580b45a3f49874861ae3cdd2cb027ea052dea2b"
"data/vla_bridge/widowx_mujoco_rlds_source_v1/images/episode_0046_step_2564.png","13691","e9523b01d5760b00eb5e1a7f5427a8f99a97061815cbb16bb61a493c9b1ef434"
"data/vla_bridge/widowx_mujoco_rlds_source_v1/images/episode_0046_step_2655.png","13993","f4d70c4a89c66d98a5da9b89b88f976d3f279a7221c5e4c20fc092fe42a7aca1"
"data/vla_bridge/widowx_mujoco_rlds_source_v1/images/episode_0046_step_2747.png","13888","b7e6fcc6e5f6f1a46f4fbbe7eb6b99fda404e7df296f1a07e9d9e89e0fd112f9"
"data/vla_bridge/widowx_mujoco_rlds_source_v1/images/episode_0046_step_2839.png","13955","588cea1affc64f61d094eff1e75682e391f7906b586969dc492a19bc1dcdc599"
"data/vla_bridge/widowx_mujoco_rlds_source_v1/images/episode_0047_step_0000.png","12028","5ccb1c6c2cea66084da66fdfcb4106a2bc72fae7414726c41182d2a28d077535"
"data/vla_bridge/widowx_mujoco_rlds_source_v1/images/episode_0047_step_0091.png","12324","b0223adcec51a675fc19d3278d91cbe73b4e3a0aa3ad365705f29c24c72be405"
"data/vla_bridge/widowx_mujoco_rlds_source_v1/images/episode_0047_step_0183.png","12475","80e187a95af5948c4abccaa9d92bed0afc9e4533699dd69479b03e4664b91004"
"data/vla_bridge/widowx_mujoco_rlds_source_v1/images/episode_0047_step_0274.png","12939","8f15c64772611819a685542366892f5938a5b08277a846bb506c6ffd3264d8e4"
"data/vla_bridge/widowx_mujoco_rlds_source_v1/images/episode_0047_step_0366.png","13085","234ebca6de3d899eafce2a2bfc5b1563190fc757e5186475cd7fc52d1dbe19d3"
"data/vla_bridge/widowx_mujoco_rlds_source_v1/images/episode_0047_step_0457.png","13129","7d831640899b283fa4002f047d5db3173a67f1e3cd2a780d046ee85465454103"
"data/vla_bridge/widowx_mujoco_rlds_source_v1/images/episode_0047_step_0549.png","13198","7d6c84391c85584be5e731bc4910145f4a0e6bd07a23deddfe7dda9ebd129f21"
"data/vla_bridge/widowx_mujoco_rlds_source_v1/images/episode_0047_step_0641.png","13168","0c22407c581767331f2eebf61a4806297b09d660071804b0fe79812687f901cc"
"data/vla_bridge/widowx_mujoco_rlds_source_v1/images/episode_0047_step_0732.png","13133","99edb1b000de1f441cdc58a3c98652d46669669af0bf5f2247c4c770d6cdda50"
"data/vla_bridge/widowx_mujoco_rlds_source_v1/images/episode_0047_step_0824.png","13120","91b40461462b8a031b6434995ccf08af5a5d194cc92b1f96aa2b145f4f1d9eb9"
"data/vla_bridge/widowx_mujoco_rlds_source_v1/images/episode_0047_step_0915.png","13090","c7844ca6c7fe650ee0f07501726ee9ec9a4d387b0450b1e8d454c2f85a9193c3"
"data/vla_bridge/widowx_mujoco_rlds_source_v1/images/episode_0047_step_1007.png","12972","c4f56d0da9c8c31907cbd00deaba58f8700022a03d6cec1cdf3458f6696d4b07"
"data/vla_bridge/widowx_mujoco_rlds_source_v1/images/episode_0047_step_1098.png","13004","c8eb0134eb762d6cf2e78e0b970dd4bef0f2a88d78a38e31b94bdb4acec002f5"
"data/vla_bridge/widowx_mujoco_rlds_source_v1/images/episode_0047_step_1190.png","12793","8dd0573fc54ae3439400f700062378ba631f1e3b2c864bdbecb7869ca46ce81e"
"data/vla_bridge/widowx_mujoco_rlds_source_v1/images/episode_0047_step_1282.png","13041","085e071e2e98b234be8dfa47e27db0135a8d50445b2eaffe324b5a454881ea6a"
"data/vla_bridge/widowx_mujoco_rlds_source_v1/images/episode_0047_step_1373.png","12781","f7c03895fbfaaa6497a3bbd511f0cd34a0f4dab2eb07fb5e9936804f1576f837"
"data/vla_bridge/widowx_mujoco_rlds_source_v1/images/episode_0047_step_1465.png","12974","d34a9edc6bb5a7ae6db9020cebeba7a8eeb76901cf4b212cef556e1ee29c6296"
"data/vla_bridge/widowx_mujoco_rlds_source_v1/images/episode_0047_step_1556.png","13334","29df895b4b989c283e80aa964c40eab56af3486c749834580f20eb7152d7c44c"
"data/vla_bridge/widowx_mujoco_rlds_source_v1/images/episode_0047_step_1648.png","13571","b31c30cb49e2d46844c643ad62b3f23b2f44221103b52542309012d575c7cf8d"
"data/vla_bridge/widowx_mujoco_rlds_source_v1/images/episode_0047_step_1740.png","13709","228d6bfa427caffcd26237d590e9ca4c17207620e712133987ed2ddd91b7df09"
"data/vla_bridge/widowx_mujoco_rlds_source_v1/images/episode_0047_step_1831.png","13802","32775e58e3f768de54c33abd95f7fcb290f7a1a59007613393ea4b4b99150a5b"
"data/vla_bridge/widowx_mujoco_rlds_source_v1/images/episode_0047_step_1923.png","13895","5cff4818f35e6c8cc4a66239e9ac975446041b600c06fced68019a9600e5223d"
"data/vla_bridge/widowx_mujoco_rlds_source_v1/images/episode_0047_step_2014.png","13836","1d13644bfe6ee08e506b9ed9d840cdec886cbffadbe4caaad8bf6b613cf87c4b"
"data/vla_bridge/widowx_mujoco_rlds_source_v1/images/episode_0047_step_2106.png","13798","63b9594b764b650038057b16f8ab1760ffea7f225338074360387a02b33cc772"
"data/vla_bridge/widowx_mujoco_rlds_source_v1/images/episode_0047_step_2197.png","13648","7d33e75914383f717b4d3fb90131b318b8056198c8bde522b7406050a3799984"
"data/vla_bridge/widowx_mujoco_rlds_source_v1/images/episode_0047_step_2289.png","13732","57e10aded503f701ed1552befd5d9e39b173061632caf9feb8cd52d0b68a3dc2"
"data/vla_bridge/widowx_mujoco_rlds_source_v1/images/episode_0047_step_2381.png","13715","4ecf8d40d7b9b359342fc878af69662315796e165728bab3fb0f7df1507fac04"
"data/vla_bridge/widowx_mujoco_rlds_source_v1/images/episode_0047_step_2472.png","13681","4291f4e56f38f35e6aee372b386bcaf09a8256b1eb872348de21108ae87a1e65"
"data/vla_bridge/widowx_mujoco_rlds_source_v1/images/episode_0047_step_2564.png","13737","8de920ea5563fa606cecbe2c901b3fafdd2a530e6aeb06b5a5c20b0f2652d5ee"
"data/vla_bridge/widowx_mujoco_rlds_source_v1/images/episode_0047_step_2655.png","13901","e3981186b181ec1db18f814081362a0e890e4ceb8b04a2e33805d13605c93fb5"
"data/vla_bridge/widowx_mujoco_rlds_source_v1/images/episode_0047_step_2747.png","13848","fe043bd7d793b6582e5d05648a4c1e1392765548268357e9ff9b9cbb282509c2"
"data/vla_bridge/widowx_mujoco_rlds_source_v1/images/episode_0047_step_2839.png","13902","78baeb61108fdf75a0835885547ab89513e840d507fe4697c6e72d9a2e853642"
"data/vla_bridge/widowx_mujoco_rlds_source_v1/images/episode_0048_step_0000.png","12087","fa47f404d7858e3861f76a2a200610d2521dc4634c37ba62d1d769cb98208779"
"data/vla_bridge/widowx_mujoco_rlds_source_v1/images/episode_0048_step_0091.png","12265","3ec4a058f5ef723a75c2daae1fe01f4bec68731dac96ad7c366bca7c25db7cbb"
"data/vla_bridge/widowx_mujoco_rlds_source_v1/images/episode_0048_step_0183.png","12547","58284413626120daed2e440f16d00eaf981536695d287496b9093af0d7e14599"
"data/vla_bridge/widowx_mujoco_rlds_source_v1/images/episode_0048_step_0274.png","13180","406ddfa00bcb0dc1cf728b50cefd8aa8d7181001b8f11f0231930649117637bf"
"data/vla_bridge/widowx_mujoco_rlds_source_v1/images/episode_0048_step_0366.png","13212","d2fa1c2f8ae756ba2c2abf5d8053582e753efde9ca2c0ff1eb05ea7761644445"
"data/vla_bridge/widowx_mujoco_rlds_source_v1/images/episode_0048_step_0457.png","13122","ac59eb6ea6c51dc783099aff661aa8e8fc1d5acfa2b0631a0e7b50681789c55c"
"data/vla_bridge/widowx_mujoco_rlds_source_v1/images/episode_0048_step_0549.png","13068","55d63e627c28cf71dbfd397f62ad920599b46dc4b5cd1b1b7c80251e879c872d"
"data/vla_bridge/widowx_mujoco_rlds_source_v1/images/episode_0048_step_0641.png","13065","cfbd69c180da7e5fc0cd60fcdd3094a1f72080f5c9b253d7371355ac6a1acf70"
"data/vla_bridge/widowx_mujoco_rlds_source_v1/images/episode_0048_step_0732.png","13128","b31a63e81af9f270b8914db607290c8bbc028d04792eca77e10652a764fefcf4"
"data/vla_bridge/widowx_mujoco_rlds_source_v1/images/episode_0048_step_0824.png","13062","ac7d625d01bc44dcb8fd98e5d8a8ce9110209be217abaec22a2d47817c11b91f"
"data/vla_bridge/widowx_mujoco_rlds_source_v1/images/episode_0048_step_0915.png","13286","7aa60a20c0935af2d591ecd7d5e0c362ac5da370b7107d84abd3215222118a1e"
"data/vla_bridge/widowx_mujoco_rlds_source_v1/images/episode_0048_step_1007.png","13241","cf67e40aee189c7d2da1097ea7f9919afc881af233e5837ed37b8f306d710044"
"data/vla_bridge/widowx_mujoco_rlds_source_v1/images/episode_0048_step_1098.png","13235","2895f7981da321819fda66afa36fd74390108ee92a19414c6880c96637d4879d"
"data/vla_bridge/widowx_mujoco_rlds_source_v1/images/episode_0048_step_1190.png","13128","63d6fc558abb42027801e566c3028123fb16b95cccba2f09d6c5f7098690511c"
"data/vla_bridge/widowx_mujoco_rlds_source_v1/images/episode_0048_step_1282.png","13199","8fcae9f3c09874121a3fde22bd5c43b5dcd911ed8a4a5b79329efa167127c1ec"
"data/vla_bridge/widowx_mujoco_rlds_source_v1/images/episode_0048_step_1373.png","13118","892be588ca4045988d7468dabb66b3a576dafabded32858a956af1eaabf75f42"
"data/vla_bridge/widowx_mujoco_rlds_source_v1/images/episode_0048_step_1465.png","13205","29f6efe26a9c7d07319cbb210168e405f11a6f1644222aca7b2cde64ae8eeaf8"
"data/vla_bridge/widowx_mujoco_rlds_source_v1/images/episode_0048_step_1556.png","13475","74f97dd7e325fdc254ccc1c50849e8675dc5224b367a579abd9b8365f18c29e3"
"data/vla_bridge/widowx_mujoco_rlds_source_v1/images/episode_0048_step_1648.png","13384","a0ef1f5d99f7804be028376518d29e9b172b05361b23805e536621a35eb0cb79"
"data/vla_bridge/widowx_mujoco_rlds_source_v1/images/episode_0048_step_1740.png","13610","eab1a1f5af5d66d2b0b09600c513a5b5e0932da182c33eaca3a5f2952fcec020"
"data/vla_bridge/widowx_mujoco_rlds_source_v1/images/episode_0048_step_1831.png","13778","45740388f6eb18c6b56b9e7e969c2fb2a619d23b60e603b6ba5596addf4bf933"
"data/vla_bridge/widowx_mujoco_rlds_source_v1/images/episode_0048_step_1923.png","13929","5f0db99db0ebdaac230cabd0548fc6deece059df171cd42baea503298aab5b6c"
"data/vla_bridge/widowx_mujoco_rlds_source_v1/images/episode_0048_step_2014.png","13777","e79efaed4ab97cd4eb6cabc92bc76c97ec033ab8c9ba30381b8be6db7077002d"
"data/vla_bridge/widowx_mujoco_rlds_source_v1/images/episode_0048_step_2106.png","13722","0edf016eaf1d6a3b0ac79f13974505ed0b676f9576b032d454b982bf6b088525"
"data/vla_bridge/widowx_mujoco_rlds_source_v1/images/episode_0048_step_2197.png","13687","12ba9558c8b7f6b6d1d7b291fed9e8d56d63103dfe3404d968332ad065f09716"
"data/vla_bridge/widowx_mujoco_rlds_source_v1/images/episode_0048_step_2289.png","13679","f9e92cf1e90fe02eba5badc6256c01d947b79c8d6ff230302df3ecda9e4073f6"
"data/vla_bridge/widowx_mujoco_rlds_source_v1/images/episode_0048_step_2381.png","13721","4dc7e81f83b5c728153d142755163fc6563a9b82049da15be1d782edb971e432"
"data/vla_bridge/widowx_mujoco_rlds_source_v1/images/episode_0048_step_2472.png","13658","c21dc8c833d73d69b3c38e99e4d538365bf05b8458ee82f69d4b9661331fee1f"
"data/vla_bridge/widowx_mujoco_rlds_source_v1/images/episode_0048_step_2564.png","13721","60899821d2a8e330320a9d87bdea8fa287977cdf090e848f7f0fea7618a4b267"
"data/vla_bridge/widowx_mujoco_rlds_source_v1/images/episode_0048_step_2655.png","13922","7ed0e546277877e73500278ad777a654fbcdab87972a78649777aade714dceee"
"data/vla_bridge/widowx_mujoco_rlds_source_v1/images/episode_0048_step_2747.png","13899","3f91fed4e9021d888643102e5a3a3762e678b89cbe15dd63e1e008459c650619"
"data/vla_bridge/widowx_mujoco_rlds_source_v1/images/episode_0048_step_2839.png","13906","4586a300715855d0f5f5091b0f5cab484327c14203ccaa086e676ebb0f7a7cbc"
"data/vla_bridge/widowx_mujoco_rlds_source_v1/images/episode_0049_step_0000.png","12163","d29a6dd447cf2e598fb81b4d12d3b02a422416ef4d017ffb393a599179c2ad1d"
"data/vla_bridge/widowx_mujoco_rlds_source_v1/images/episode_0049_step_0091.png","12298","b15fbab690c69a7c820ffe4bc85bc2309ed6713d2f80b94314f7b6aef447697c"
"data/vla_bridge/widowx_mujoco_rlds_source_v1/images/episode_0049_step_0183.png","12528","7f9f1bd044ba29dab824ee785d7ce9d451a0b8828826bc4eb89efc0a9309a9d3"
"data/vla_bridge/widowx_mujoco_rlds_source_v1/images/episode_0049_step_0274.png","12629","60347a028230a0c6118037102374ccfa9a4dfb5709d8a7ce921cff4c6e106f27"
"data/vla_bridge/widowx_mujoco_rlds_source_v1/images/episode_0049_step_0366.png","12563","4941b5cc3417c74ffefb632a7b05fb1215f74fafe1f9ccbed7c9f906df6e8459"
"data/vla_bridge/widowx_mujoco_rlds_source_v1/images/episode_0049_step_0457.png","12505","0ae49bcca61bebfc19b76d554ee525b52d7c58ad2214fe31361c14d2c22523f3"
"data/vla_bridge/widowx_mujoco_rlds_source_v1/images/episode_0049_step_0549.png","12621","b9d0228cbb542d0f82c6ceb7d7043098a5928c186c88ad1ce3da4c3e1234317e"
"data/vla_bridge/widowx_mujoco_rlds_source_v1/images/episode_0049_step_0641.png","12528","3775ab900ec63674c12da4d83fd21298562673533c68bd5374cfb645b19572a1"
"data/vla_bridge/widowx_mujoco_rlds_source_v1/images/episode_0049_step_0732.png","12627","b6ab0d5f926ab1aa07782c5021ac61b4e0a9fc4e5e76dcf14dd56aff4b6c7155"
"data/vla_bridge/widowx_mujoco_rlds_source_v1/images/episode_0049_step_0824.png","12449","b486fe7dd7ca462ec569d69b44270f071ba8fb52ef7eddb81733d994c879bb1e"
"data/vla_bridge/widowx_mujoco_rlds_source_v1/images/episode_0049_step_0915.png","12505","e372bf513fb4b373ed5a60b18b93ef65eac55e325a32310dda9945e9663c0c83"
"data/vla_bridge/widowx_mujoco_rlds_source_v1/images/episode_0049_step_1007.png","12645","2a7e57ae1e50c87c6a3ec4a2185cc97b2a55cfd7f06702a89c5a4bb34c9f8478"
"data/vla_bridge/widowx_mujoco_rlds_source_v1/images/episode_0049_step_1098.png","12841","02ef3fd12a9141ffe45fb8739657bb6f29a5c36afeacc6fce3b90b683b5cbad5"
"data/vla_bridge/widowx_mujoco_rlds_source_v1/images/episode_0049_step_1190.png","12801","c04ecba62ccf7de4fb124a24e6f05a3dd4e3ffcd4faf77d5adfacef08c6341d5"
"data/vla_bridge/widowx_mujoco_rlds_source_v1/images/episode_0049_step_1282.png","13005","3531bfcc778895314b004e58ae42f42b346e81f0550ae6ee9e654e84a29d9e0e"
"data/vla_bridge/widowx_mujoco_rlds_source_v1/images/episode_0049_step_1373.png","13105","41de5451e499519b212d8cd721fc391783243f3b8abf70cfa1b86123ac2c18fb"
"data/vla_bridge/widowx_mujoco_rlds_source_v1/images/episode_0049_step_1465.png","13348","1eea3b9693c7b4ed688db940eaa266affd9642c386cbff879cda0126f1b35a17"
"data/vla_bridge/widowx_mujoco_rlds_source_v1/images/episode_0049_step_1556.png","13487","6cd5dc8c951c90797c746973d737d82029cc52310eb0e541b3671a3e0639282a"
"data/vla_bridge/widowx_mujoco_rlds_source_v1/images/episode_0049_step_1648.png","13818","13455eb68e0fd205db3d6cecdfbb2df4b16a0d9c3938568b6a355a759f480db5"
"data/vla_bridge/widowx_mujoco_rlds_source_v1/images/episode_0049_step_1740.png","14033","c459a0015e991c715c518e8296d8561176f300869bc51be6daf22d8c7ffd2f3f"
"data/vla_bridge/widowx_mujoco_rlds_source_v1/images/episode_0049_step_1831.png","14045","7beb7e26a01f74cb163b35c8f02933cb638b0ce032c44cc26b215fd638ab222b"
"data/vla_bridge/widowx_mujoco_rlds_source_v1/images/episode_0049_step_1923.png","13995","0b2be49528e2aba39a785345e5dca5f9d611d5ab3d35514037134c877e80731c"
"data/vla_bridge/widowx_mujoco_rlds_source_v1/images/episode_0049_step_2014.png","13958","5d1b9dace4aec500e2554c15b8d24145eae63a42b51b0028f6fd8fdba52ce499"
"data/vla_bridge/widowx_mujoco_rlds_source_v1/images/episode_0049_step_2106.png","13760","565467646f72f084caeeb58eed8f7434ebca8fb3fd2b6b9b24954d0fd50d0a2f"
"data/vla_bridge/widowx_mujoco_rlds_source_v1/images/episode_0049_step_2197.png","13788","25a74a6e516c2dd01ab054b9a8601a9eac1504d966114b61c48b9c9b4b90296e"
"data/vla_bridge/widowx_mujoco_rlds_source_v1/images/episode_0049_step_2289.png","13840","6e8d2e39562ed801d427944044e47ad1a77274e1be3ddec8aee8f52a124c68a5"
"data/vla_bridge/widowx_mujoco_rlds_source_v1/images/episode_0049_step_2381.png","13796","9e2c45d4bb537f53decf0dbf10bfe6902b4b7907bd115aede679956abc35a614"
"data/vla_bridge/widowx_mujoco_rlds_source_v1/images/episode_0049_step_2472.png","13745","47b78312bb0a7c96166cafc2108a910aac93e38157505f5b510b566f6e478670"
"data/vla_bridge/widowx_mujoco_rlds_source_v1/images/episode_0049_step_2564.png","13798","06fa73937277f54d16810cb15fdf444338d982d331df42b0c181792a81d95e0d"
"data/vla_bridge/widowx_mujoco_rlds_source_v1/images/episode_0049_step_2655.png","13993","4da3257c50552dbaf5dec9c84333d60a22a762b75cda7d7f350f372d92e542ab"
"data/vla_bridge/widowx_mujoco_rlds_source_v1/images/episode_0049_step_2747.png","13979","b885858d1cc49063ad70b3855b7818ed6673d17b037b7c9ac80265bb5be0e3ff"
"data/vla_bridge/widowx_mujoco_rlds_source_v1/images/episode_0049_step_2839.png","13971","517158582c91843c0e278f8e9abeabbba522c2bdfb3eddebd597baa12472111e"
"data/vla_bridge/widowx_mujoco_rlds_source_v1/images/episode_0050_step_0000.png","11942","d646498dbf2f4c2cb2052822f4f7c030c38a758fc18bbeecadf3787d52d18794"
"data/vla_bridge/widowx_mujoco_rlds_source_v1/images/episode_0050_step_0091.png","12095","d0ad256e57234d026abb4584062da3d2053bdf6ed18a359e041d624eaeaaaec1"
"data/vla_bridge/widowx_mujoco_rlds_source_v1/images/episode_0050_step_0183.png","12098","5aa0d31f31af4554053bc46cd5eefbd6bf9ae28999ae9523d5d6d120b1814b1c"
"data/vla_bridge/widowx_mujoco_rlds_source_v1/images/episode_0050_step_0274.png","12176","125c8a74d51fbbc0113c6caf40d4c1a9fa0d3bac60dd7221d848c3cdce61c895"
"data/vla_bridge/widowx_mujoco_rlds_source_v1/images/episode_0050_step_0366.png","12021","d46bb03e8bc51164315097f71b01b4a67cfbbb75bd17b8740c56fc116297f9d4"
"data/vla_bridge/widowx_mujoco_rlds_source_v1/images/episode_0050_step_0457.png","12082","7372a7ee2cdceec6a8ba6083174ee20486621a2e5748328215dea4c4297174f2"
"data/vla_bridge/widowx_mujoco_rlds_source_v1/images/episode_0050_step_0549.png","12137","bd535290e69f5a7128fd43b75bba22399c663a54150a91941f6cbad37f0b291b"
"data/vla_bridge/widowx_mujoco_rlds_source_v1/images/episode_0050_step_0641.png","12175","1220cb25e8c460580f84338db9015f41dfe255b1b8949ba061a00fcff0c7c224"
"data/vla_bridge/widowx_mujoco_rlds_source_v1/images/episode_0050_step_0732.png","12167","51a68bdadc062d152eddae56186c775ce2fe46ffbca76540b0c49f842e1896c5"
"data/vla_bridge/widowx_mujoco_rlds_source_v1/images/episode_0050_step_0824.png","12129","6c4c21305fe64af6ee200e04bee57e0ea24757cf4173b69c36f7894eb66101e0"
"data/vla_bridge/widowx_mujoco_rlds_source_v1/images/episode_0050_step_0915.png","11930","97e4a1279ee5fc8fd96cf01f53fffba54870cab0c3bdd82c1fae1f0cb8d98e19"
"data/vla_bridge/widowx_mujoco_rlds_source_v1/images/episode_0050_step_1007.png","12130","a6f757a448d63fc6650a4b2e29dfa69fa4914f0b8a5e605b2f5f13022f7ceacc"
"data/vla_bridge/widowx_mujoco_rlds_source_v1/images/episode_0050_step_1098.png","12102","8200ead4fe72f6c776cf0c958df983e9f3cf9e99b3f471ecd1a5fe968d59f215"
"data/vla_bridge/widowx_mujoco_rlds_source_v1/images/episode_0050_step_1190.png","12083","e0cfa2361c5b017a7dff9a586ea60f4d39bcd5bd7bd8547f7422a29f6562ae6b"
"data/vla_bridge/widowx_mujoco_rlds_source_v1/images/episode_0050_step_1282.png","12122","161b62ae818d387f1b8178c6afed478102d6e47c7d3cbbea8124e86094b81df4"
"data/vla_bridge/widowx_mujoco_rlds_source_v1/images/episode_0050_step_1373.png","12270","1d0141b61a1c5ce25804e78f2db596ae2604b39d27469168b00a71add68203ce"
"data/vla_bridge/widowx_mujoco_rlds_source_v1/images/episode_0050_step_1465.png","12474","8d576b6d380d8b66e345f091446424a90ff061544fe7b3921dd660b53a005b7d"
"data/vla_bridge/widowx_mujoco_rlds_source_v1/images/episode_0050_step_1556.png","12919","401451f12c7b37fd1cd6ada875bce633482860d6fc5f430ab89e7e6ccc7d2cbf"
"data/vla_bridge/widowx_mujoco_rlds_source_v1/images/episode_0050_step_1648.png","13194","6e85ed8a5086ca22bc9f9b0b4608a6113ffcaa03129a0ce84fd10736f3d1c5c1"
"data/vla_bridge/widowx_mujoco_rlds_source_v1/images/episode_0050_step_1740.png","13810","2d2109675db4fb73132fd124d9db1954555688493ac57797fbc08e5ef451f8fb"
"data/vla_bridge/widowx_mujoco_rlds_source_v1/images/episode_0050_step_1831.png","13935","9c2a600120c51f16bf84773d3ee9b994335118fdd95df430fd858355cb4aa917"
"data/vla_bridge/widowx_mujoco_rlds_source_v1/images/episode_0050_step_1923.png","13913","51eb2ba0c70a67244d83b7a720c3a3d7c7dd694c26b3ad519bba63e85b6d2d95"
"data/vla_bridge/widowx_mujoco_rlds_source_v1/images/episode_0050_step_2014.png","13867","8e9f082668529232e16f90ea3be2b47e18ad5a9b239dbcc37841c8286465d577"
"data/vla_bridge/widowx_mujoco_rlds_source_v1/images/episode_0050_step_2106.png","13780","7e10fc653563efe9f678a1f5b97c370e6e920f8cf376873c88f1cbcccaa74527"
"data/vla_bridge/widowx_mujoco_rlds_source_v1/images/episode_0050_step_2197.png","13640","ef370bf687cae8e238c1ea03d8c357c6f0476ecba3a7759fa8dcd4fe1f659599"
"data/vla_bridge/widowx_mujoco_rlds_source_v1/images/episode_0050_step_2289.png","13619","cb11d942a7ccdf92e7d9882c384b540512cea916df1cf9365040d859f77bca45"
"data/vla_bridge/widowx_mujoco_rlds_source_v1/images/episode_0050_step_2381.png","13639","e676735a1c473519a45eea21ecb7f411e41f0bd757a4aeb29d56f6ed107e27fa"
"data/vla_bridge/widowx_mujoco_rlds_source_v1/images/episode_0050_step_2472.png","13683","f1de9d9a4285ff485807f02f06f818b61190c5f84ed6523591fd36fd98a07674"
"data/vla_bridge/widowx_mujoco_rlds_source_v1/images/episode_0050_step_2564.png","13769","a7be3352788940aed2a160bd397eb46716117ad82ca976a2de2a91c7a7057823"
"data/vla_bridge/widowx_mujoco_rlds_source_v1/images/episode_0050_step_2655.png","13953","dbf6229e2352406e1b2a438513c2e9b45bf35d46299cd84c95992b225a950695"
"data/vla_bridge/widowx_mujoco_rlds_source_v1/images/episode_0050_step_2747.png","13906","44abb685c37db88ef27effb364486a7d4b018493825466ed3d81c7a1a1414690"
"data/vla_bridge/widowx_mujoco_rlds_source_v1/images/episode_0050_step_2839.png","13890","6155bceb368be1a08bc5e595e4f41dcf5aa0296624151eed7cd9e9afba5688d4"
"data/vla_bridge/widowx_mujoco_rlds_source_v1/images/episode_0051_step_0000.png","12142","cd9578d6f069bbdc383a555852d8e17942c6a5bf31fc4ae5ea661465e5e72a8f"
"data/vla_bridge/widowx_mujoco_rlds_source_v1/images/episode_0051_step_0091.png","12384","6e0dd1b4347d5e49f994fb252b516d4cbe96bcce3a0ebbe4e64539c15bd11660"
"data/vla_bridge/widowx_mujoco_rlds_source_v1/images/episode_0051_step_0183.png","12398","f215b8d6cdefb0751882a58deb40646dd596f531cddccae906657e3ed2b347c0"
"data/vla_bridge/widowx_mujoco_rlds_source_v1/images/episode_0051_step_0274.png","12905","ec940b51be701776364f8296181af4ce7e0f84ede28bf344d477991553db2bcc"
"data/vla_bridge/widowx_mujoco_rlds_source_v1/images/episode_0051_step_0366.png","12968","a79e5d9641f92bacbbe6111b072a71ade60ef13ceee8f62b1a3474cf71105f54"
"data/vla_bridge/widowx_mujoco_rlds_source_v1/images/episode_0051_step_0457.png","13084","1a9ef8bac50fe4db972b183fb9f90523bb12729e059cf735dc381d75e776b03a"
"data/vla_bridge/widowx_mujoco_rlds_source_v1/images/episode_0051_step_0549.png","12944","1e3bd4dc965df654dd29aab493c28ccb20bb9009bb30d80bf98bec6e197ef417"
"data/vla_bridge/widowx_mujoco_rlds_source_v1/images/episode_0051_step_0641.png","12999","0d01e0308e45aac6c0d2fe06d4943cfa23d088b44a87a88f1e71ee4caf1a769f"
"data/vla_bridge/widowx_mujoco_rlds_source_v1/images/episode_0051_step_0732.png","13059","9cbf8161c9ff38d238b9ed5f5f4f429637c1ddbc221dae6c960b0be3827460ce"
"data/vla_bridge/widowx_mujoco_rlds_source_v1/images/episode_0051_step_0824.png","13063","f81dd1b96326841dca6302048840bceb5dad9cec85d17d5afa38a453e19616ae"
"data/vla_bridge/widowx_mujoco_rlds_source_v1/images/episode_0051_step_0915.png","13026","6cf13cc4280f0db68093aef392ecabe921c7633e0f76cfa7fb9fa922c779c329"
"data/vla_bridge/widowx_mujoco_rlds_source_v1/images/episode_0051_step_1007.png","12923","87c64945b79471b8a06ea27d00543e40af96dab7c2cbc88f7ce4ced399391fb8"
"data/vla_bridge/widowx_mujoco_rlds_source_v1/images/episode_0051_step_1098.png","12888","459aa2437ec0048f90778b3b1d1bd435284b6d049fbe69f180df59ae3127b077"
"data/vla_bridge/widowx_mujoco_rlds_source_v1/images/episode_0051_step_1190.png","12852","d6b7e445daefa506d39cfb8edfbe12651900d6fa5570ffd18a6a60da9f1e92f6"
"data/vla_bridge/widowx_mujoco_rlds_source_v1/images/episode_0051_step_1282.png","13224","fc3a826b7233f2dc163b0e0e44c815142ecbec2ad3f71a628562da9007a8b8cd"
"data/vla_bridge/widowx_mujoco_rlds_source_v1/images/episode_0051_step_1373.png","13324","caa842a04f38ec411194adb0f0b3f060252a4628cd9b22ce28ea5a91126d8f4c"
"data/vla_bridge/widowx_mujoco_rlds_source_v1/images/episode_0051_step_1465.png","13610","6fe2b9aaaab8b0f833f00fba0a459b6cc807bc7747493293c05d0f031da7a358"
"data/vla_bridge/widowx_mujoco_rlds_source_v1/images/episode_0051_step_1556.png","13741","698c8668f12b422d04da0ba0b1a03a5295a7a53a12d7a89a6710bfb2afa45fd0"
"data/vla_bridge/widowx_mujoco_rlds_source_v1/images/episode_0051_step_1648.png","13880","d68eaee12f60f7e190982422c90aea611844e4a421ac468aa2cb1089d2ca4f32"
"data/vla_bridge/widowx_mujoco_rlds_source_v1/images/episode_0051_step_1740.png","13960","002f3f7060175fbff846137535e64185ba58e2676c974482037526929d24b744"
"data/vla_bridge/widowx_mujoco_rlds_source_v1/images/episode_0051_step_1831.png","13940","948f4ad8a2664e9d4b2736c50c63037d3363039b586cffe362c27928da67c016"
"data/vla_bridge/widowx_mujoco_rlds_source_v1/images/episode_0051_step_1923.png","14064","f0a3c552569bba501bc15c81cd9df8ccf7f74c49cb6712ed52e79ed8758a3c73"
"data/vla_bridge/widowx_mujoco_rlds_source_v1/images/episode_0051_step_2014.png","13957","d34d1739fb022b3d616a9e53c26c97befb3615402970183b381f469d12aa9a03"
"data/vla_bridge/widowx_mujoco_rlds_source_v1/images/episode_0051_step_2106.png","13770","2be2a9fd9020223aa9dfd65e67e185bae8e735c0e720cc0bfd62eca9a862d48b"
"data/vla_bridge/widowx_mujoco_rlds_source_v1/images/episode_0051_step_2197.png","13755","8ee9e6f5767cfaf92f49f9fd31848622bda74adbd85853a267a5b91c947e2822"
"data/vla_bridge/widowx_mujoco_rlds_source_v1/images/episode_0051_step_2289.png","13798","ff7260e831484ae709c0fa2e1b41b1bbbb3f3545d7eceef84a40071de91827a2"
"data/vla_bridge/widowx_mujoco_rlds_source_v1/images/episode_0051_step_2381.png","13770","2aa27ade38a8f837be6be186997353cbce3dcd8fa9ffe246f4c2bc23d80fc84f"
"data/vla_bridge/widowx_mujoco_rlds_source_v1/images/episode_0051_step_2472.png","13746","b67b379be6352c8b5f12b1f33c4f04d776129556d9704617fca724e648a6a393"
"data/vla_bridge/widowx_mujoco_rlds_source_v1/images/episode_0051_step_2564.png","13836","0e3ea43268c2a496bcb782e2c6d6576480a7d2fa6688fc46824f1189018e93fd"
"data/vla_bridge/widowx_mujoco_rlds_source_v1/images/episode_0051_step_2655.png","14038","a744dd39d0ca47e5e77a6079d500f149a0c8dd9c6e32f6758e7ec3df940b0d4d"
"data/vla_bridge/widowx_mujoco_rlds_source_v1/images/episode_0051_step_2747.png","14004","415c2ab49f2cf9b623a518355c5ef6d065aef4ae65af9a05ec8395d26e12a643"
"data/vla_bridge/widowx_mujoco_rlds_source_v1/images/episode_0051_step_2839.png","13978","0427aa45703e80ee6da58e1ea67920d7d94dd28cfbce9e1ef862b20720f4c34c"
"data/vla_bridge/widowx_mujoco_rlds_source_v1/images/episode_0052_step_0000.png","12085","bc5be3e8d946b9abbbd2f61b6e1b432118c7a2063478a43f7c85ce605a35e76e"
"data/vla_bridge/widowx_mujoco_rlds_source_v1/images/episode_0052_step_0091.png","12471","aa61816f942a69b1078b89450d4bf3cdbcf98227ae9b88e28374db6599418bb6"
"data/vla_bridge/widowx_mujoco_rlds_source_v1/images/episode_0052_step_0183.png","12695","b1a4d9402037047149a4dc1f2cb10070454ae0e382c8753636ee2074804c90fd"
"data/vla_bridge/widowx_mujoco_rlds_source_v1/images/episode_0052_step_0274.png","13283","21473cc643037af908d6e090dc273f1c70369718a786fe1304aa1a502183e840"
"data/vla_bridge/widowx_mujoco_rlds_source_v1/images/episode_0052_step_0366.png","13405","482a6e2a4e0d7b345b2e34f7934df69c2fa7cb92c122a78c2951d244f2489142"
"data/vla_bridge/widowx_mujoco_rlds_source_v1/images/episode_0052_step_0457.png","13304","7607c017d988a1dc0e57e09529be4a112719bbff40598d8ef6954da1fd479985"
"data/vla_bridge/widowx_mujoco_rlds_source_v1/images/episode_0052_step_0549.png","13347","53b8ee3c3cb7d1c883da7cd6775ee7a824fd0afffe10bcbd868b021f57062af4"
"data/vla_bridge/widowx_mujoco_rlds_source_v1/images/episode_0052_step_0641.png","13253","078c4e3c4c2d5811a49ae966dfb5fe616d72c9c6f842b3e632691a1b6e39fed1"
"data/vla_bridge/widowx_mujoco_rlds_source_v1/images/episode_0052_step_0732.png","13313","8dd2cc09ad8dea4308204bad4151da09b370b42a6f516d2715dd08c67461910f"
"data/vla_bridge/widowx_mujoco_rlds_source_v1/images/episode_0052_step_0824.png","13275","efd4b2567eab44c8dff26fc2915263ee52910fb3984164877b9049d915a370da"
"data/vla_bridge/widowx_mujoco_rlds_source_v1/images/episode_0052_step_0915.png","13405","4422d2b386ee42db5999c976e14f6bcbfc6209e99b49c815aa4cfd08730c16bc"
"data/vla_bridge/widowx_mujoco_rlds_source_v1/images/episode_0052_step_1007.png","13544","ee95e89a13b594e06dd631b457a55d1d58f569f8659c3a7518c7f3cb749e2274"
"data/vla_bridge/widowx_mujoco_rlds_source_v1/images/episode_0052_step_1098.png","13377","8566975de4b733a3587378ae952388845a5202ca1d41f38f0be69856ac04daff"
"data/vla_bridge/widowx_mujoco_rlds_source_v1/images/episode_0052_step_1190.png","13222","0c23d23e3e90140db6729f27e433e211922909a141c4c857abfe28bd966b2368"
"data/vla_bridge/widowx_mujoco_rlds_source_v1/images/episode_0052_step_1282.png","13507","939bfe3bfe735d2e4860fa066b38642277e9f2309a18af4b3fcbe648d87b466f"
"data/vla_bridge/widowx_mujoco_rlds_source_v1/images/episode_0052_step_1373.png","13617","dc59140a56967ed36b4ea7d3a79dfecebf2e880dff99ee4562abfa4d9f6b1e7e"
"data/vla_bridge/widowx_mujoco_rlds_source_v1/images/episode_0052_step_1465.png","13748","838758f82d757ed0626312874aa5cea05a11bb2900d2113d0007b94927592d23"
"data/vla_bridge/widowx_mujoco_rlds_source_v1/images/episode_0052_step_1556.png","13963","187705247e5258868db81f12f153748a89f9d290a6cc46e690f2b45de94da520"
"data/vla_bridge/widowx_mujoco_rlds_source_v1/images/episode_0052_step_1648.png","13941","71d67777b55e5f56a258038d144451f07484541d79a968aab722603f4c255b23"
"data/vla_bridge/widowx_mujoco_rlds_source_v1/images/episode_0052_step_1740.png","13851","b0d2dc4664bdd7fc6951912ea1184386bd16993e6cbc530c9a58280384bb810d"
"data/vla_bridge/widowx_mujoco_rlds_source_v1/images/episode_0052_step_1831.png","13916","0e63e99794586cc7ed337de4618d8c0ad5c4f4cae15a5907ac19253f6cc94bfc"
"data/vla_bridge/widowx_mujoco_rlds_source_v1/images/episode_0052_step_1923.png","14161","83161e8a9ad06c915b81a530fc4570e14664192b44b31ea7531977b66eacfc56"
"data/vla_bridge/widowx_mujoco_rlds_source_v1/images/episode_0052_step_2014.png","13868","59c6634f0f486bb80795d4e89949f692b3aff3d5227de902476c06c4fa17519d"
"data/vla_bridge/widowx_mujoco_rlds_source_v1/images/episode_0052_step_2106.png","13834","114c1184c407a5505ea098f6f4131ff443714cd9cbd8acc521eec5afa98a9e1f"
"data/vla_bridge/widowx_mujoco_rlds_source_v1/images/episode_0052_step_2197.png","13708","953fbf5e7e53defda86726b6d78a00e31460b280ad9ad4c497421cdedea98722"
"data/vla_bridge/widowx_mujoco_rlds_source_v1/images/episode_0052_step_2289.png","13785","17e812ac6440cfbef04fcdaef04d6d27153316eab5c9c13e967de9efe10497ee"
"data/vla_bridge/widowx_mujoco_rlds_source_v1/images/episode_0052_step_2381.png","13775","a28f25969b615a3c8ac1f69e84a23e3e59545e43bb6dcd8dba78c433803a4a05"
"data/vla_bridge/widowx_mujoco_rlds_source_v1/images/episode_0052_step_2472.png","13707","72decbdfe83df45e4e1694c81dad30a2267e490ab56b049c7347843dcf799468"
"data/vla_bridge/widowx_mujoco_rlds_source_v1/images/episode_0052_step_2564.png","13833","e95afb173c0d89bf9e37a791e950ea6bda0194b9a672aeb6415283e9dc913df8"
"data/vla_bridge/widowx_mujoco_rlds_source_v1/images/episode_0052_step_2655.png","14030","f67de58d9ebb3d103b0747d7421af56524133438b6db7eecd684294fc302fef2"
"data/vla_bridge/widowx_mujoco_rlds_source_v1/images/episode_0052_step_2747.png","14067","49d6c6aac4e9ddbd92eadd70091f8c12ae97fe100fa1ddd8163a98f4fa87838e"
"data/vla_bridge/widowx_mujoco_rlds_source_v1/images/episode_0052_step_2839.png","13945","19785a75882feb67883374fe5f598221ba07873c9071e18b2a44a6d8e8bcb4ff"
"data/vla_bridge/widowx_mujoco_rlds_source_v1/images/episode_0053_step_0000.png","12113","14389c0ff62385ff22285e839e85feb5b6b2103e7c54c82d7342aeb1caca2960"
"data/vla_bridge/widowx_mujoco_rlds_source_v1/images/episode_0053_step_0091.png","12407","6786bdaeea82ee6c7b8d658c0391b8a30cdf1c24ad730a7a05d6d049acb17bfb"
"data/vla_bridge/widowx_mujoco_rlds_source_v1/images/episode_0053_step_0183.png","12473","8e290f4f79afabf37c026b413bb677d640cf7d9c202be7b20f75364c37ad082c"
"data/vla_bridge/widowx_mujoco_rlds_source_v1/images/episode_0053_step_0274.png","12663","20795aa96c4517f7c2b79fbb4dcb58cde96f5eaf653303acac490af159b6b83e"
"data/vla_bridge/widowx_mujoco_rlds_source_v1/images/episode_0053_step_0366.png","12711","d2ff1de6e4fd66b06cdd23f06355c9332c0758dd6643ddd4bec4b1301a7123f4"
"data/vla_bridge/widowx_mujoco_rlds_source_v1/images/episode_0053_step_0457.png","12651","5186cbefaef84f73c1e4851d64fa4206cf21594e08633e98acdcdde191c549a1"
"data/vla_bridge/widowx_mujoco_rlds_source_v1/images/episode_0053_step_0549.png","12854","92773fb1970685f1c364e2f42d83ff7de3bc531596904aad794668bf402e610a"
"data/vla_bridge/widowx_mujoco_rlds_source_v1/images/episode_0053_step_0641.png","12820","150ae7ff86e7baeadb7d3db1720613594d3aa19396db31c0cbb4390df93d4592"
"data/vla_bridge/widowx_mujoco_rlds_source_v1/images/episode_0053_step_0732.png","12783","0258f8183b7271217d8d257c1788ea8b687ca2b2299bee266d12556d70e757d5"
"data/vla_bridge/widowx_mujoco_rlds_source_v1/images/episode_0053_step_0824.png","12785","f0e80dc78e6346cadccbf659c5039f67f9ff648e7647681c83e863633d3a13f8"
"data/vla_bridge/widowx_mujoco_rlds_source_v1/images/episode_0053_step_0915.png","12726","e0678100e1f45fb967a171788cfed9ad7097364116b99d5c6022289923ce912e"
"data/vla_bridge/widowx_mujoco_rlds_source_v1/images/episode_0053_step_1007.png","12697","da00072ba767c92431b3bb886ca5dd2c96d13753a8a64949874095fbafa49990"
"data/vla_bridge/widowx_mujoco_rlds_source_v1/images/episode_0053_step_1098.png","12573","636c5792154f261b7562d4ab3f0d756c7e85630248faaf186b40ea0f92d1e89a"
"data/vla_bridge/widowx_mujoco_rlds_source_v1/images/episode_0053_step_1190.png","12494","68c039dafeb8143bfa4c244302f3dd1ce39c11cf5c5f3794a00fd8ccb7432477"
"data/vla_bridge/widowx_mujoco_rlds_source_v1/images/episode_0053_step_1282.png","12715","749a9aa886c5ef020be8f5e6dc3070089556a24c17a59a2ebc59be9b74264af8"
"data/vla_bridge/widowx_mujoco_rlds_source_v1/images/episode_0053_step_1373.png","13075","d72b4585bf722e8b02c7f6e0e9c7170556a7de515d4d1f17510f074871f8129b"
"data/vla_bridge/widowx_mujoco_rlds_source_v1/images/episode_0053_step_1465.png","13466","dd71b578f9ce540efc975fb22534b8bf41b7570f60b88f05ac7c5fae45c7b4ab"
"data/vla_bridge/widowx_mujoco_rlds_source_v1/images/episode_0053_step_1556.png","13562","a02af1723d9649603b7b1936dfbef714e94ccfbe092a58e1c57ac226c2098358"
"data/vla_bridge/widowx_mujoco_rlds_source_v1/images/episode_0053_step_1648.png","13917","452b7b89188f233b4b5f54b4fb268e343a7bd5ef29a8065faf49c0bb168fc146"
"data/vla_bridge/widowx_mujoco_rlds_source_v1/images/episode_0053_step_1740.png","13968","b0fb40df025b66c421a95a0fa824746ac4d336425c45a132d5f4283777312a90"
"data/vla_bridge/widowx_mujoco_rlds_source_v1/images/episode_0053_step_1831.png","13995","c6c3c6371f71e06273a0765af54e9de55a290039026ef8ac0e93c5feaf2e2138"
"data/vla_bridge/widowx_mujoco_rlds_source_v1/images/episode_0053_step_1923.png","13983","ad50ff04fb9c40f2336b60fe4e744be38aca6944d5f9139636201f9345c97400"
"data/vla_bridge/widowx_mujoco_rlds_source_v1/images/episode_0053_step_2014.png","13932","d32f1b87eec6ccedadea130cbe4f6b59b9d2781604bc4c029fa1183e52e4f560"
"data/vla_bridge/widowx_mujoco_rlds_source_v1/images/episode_0053_step_2106.png","13798","2ba4c969c6fa223d537e14508b1dd779ea341b71e14936b19e89f5dbfe5411bc"
"data/vla_bridge/widowx_mujoco_rlds_source_v1/images/episode_0053_step_2197.png","13779","ef3447c1a2b66e25b3b0537c1b35c0e1b22a4e510d97603fd1c15d2f62d04111"
"data/vla_bridge/widowx_mujoco_rlds_source_v1/images/episode_0053_step_2289.png","13748","539448d5796759854b38d94235826fbaf8a61c25fcc3c6993077d7f69981872f"
"data/vla_bridge/widowx_mujoco_rlds_source_v1/images/episode_0053_step_2381.png","13752","8e5d1e12a0a1d0cada5ee5dc5999684dd9d2527d91048aa82aead1f4510519a4"
"data/vla_bridge/widowx_mujoco_rlds_source_v1/images/episode_0053_step_2472.png","13783","dacc0bbaada4ef4026e4fac352d048e09eb452e8c2add68be327707d85784f84"
"data/vla_bridge/widowx_mujoco_rlds_source_v1/images/episode_0053_step_2564.png","13843","d46484c6445849cd06dc88225d47c5a8bf64e6241f29026da09520be812e4d73"
"data/vla_bridge/widowx_mujoco_rlds_source_v1/images/episode_0053_step_2655.png","14053","6ea61de660a015e5e635d7c4cff3b312b00adec8f901c1716fe7e89c93268234"
"data/vla_bridge/widowx_mujoco_rlds_source_v1/images/episode_0053_step_2747.png","14046","b0a3d650c1dd84b977303f97a7e0210aebf0786f6d1afcf036cdaeab5bb323c2"
"data/vla_bridge/widowx_mujoco_rlds_source_v1/images/episode_0053_step_2839.png","14043","a0fcd7e9b84161177dfe311a6f871ca0ce8b8141ebeb9a8c7bd8fbc86ae599f3"
"data/vla_bridge/widowx_mujoco_rlds_source_v1/images/episode_0054_step_0000.png","12063","505cff03bde4aa7378a7ed22cad7211b8d16a8cf3df8fe52049f98f2029e1e6f"
"data/vla_bridge/widowx_mujoco_rlds_source_v1/images/episode_0054_step_0091.png","12281","b535daa2dd9776bbc5d77049d9e06b110736e2801845e20a2362c2ddc0ccbd89"
"data/vla_bridge/widowx_mujoco_rlds_source_v1/images/episode_0054_step_0183.png","12480","b8392742709ccf844454a4cea3cdf1d3310a25d993c21b791e647fa4358a13a3"
"data/vla_bridge/widowx_mujoco_rlds_source_v1/images/episode_0054_step_0274.png","12771","44bcdbcd9d96a3afa6aa70088f263806f031f8ae247da5df18fcb63be53aa14c"
"data/vla_bridge/widowx_mujoco_rlds_source_v1/images/episode_0054_step_0366.png","12920","6a30514a0575d3019237c31738894ea19b77905245270ec16df9fbf6e4a5a0b7"
"data/vla_bridge/widowx_mujoco_rlds_source_v1/images/episode_0054_step_0457.png","13134","70182c6ab63bc6ab29ae9004c8030889ef0cfd05a9486e8c3f07590b78d4100b"
"data/vla_bridge/widowx_mujoco_rlds_source_v1/images/episode_0054_step_0549.png","13280","1fe714fe7c9385db4390897882a2ceffaa4a8daf17cc912c2c0a621557a541ae"
"data/vla_bridge/widowx_mujoco_rlds_source_v1/images/episode_0054_step_0641.png","13156","29408d51c41752b674fc62910211fcd662f140a5d36e0618089ea99fb616be89"
"data/vla_bridge/widowx_mujoco_rlds_source_v1/images/episode_0054_step_0732.png","13108","44213955e6bb9efe8a2ab6a0f83b9ef648bcef9d8fc67066499297bd4c080d64"
"data/vla_bridge/widowx_mujoco_rlds_source_v1/images/episode_0054_step_0824.png","13282","039bc8151eb1a8bf196b90aa64a75ab72d6f85390c813199c9332384add3e927"
"data/vla_bridge/widowx_mujoco_rlds_source_v1/images/episode_0054_step_0915.png","13012","c98c8a54f35d01753bf0b939ffa6a31e9af3f383079ed6f95ec99b25074a913f"
"data/vla_bridge/widowx_mujoco_rlds_source_v1/images/episode_0054_step_1007.png","12938","f3b5e3a7084c1b5a1c889591ccdc1ed53d9fb21d6c3156a9222d600aa7f326c3"
"data/vla_bridge/widowx_mujoco_rlds_source_v1/images/episode_0054_step_1098.png","12880","0e1792fd557303415471466c81acaac327bd7b28b31b94961607988098b8cc80"
"data/vla_bridge/widowx_mujoco_rlds_source_v1/images/episode_0054_step_1190.png","12637","9735d1bb23004a63ee9d0c44b17ec3fc2da34d5d3aa52ea51cb5751a58264dc6"
"data/vla_bridge/widowx_mujoco_rlds_source_v1/images/episode_0054_step_1282.png","12683","ce6d23703bb369d7a8424f5d01cffdf6498a7ec6690a11cf94227417a630d8bf"
"data/vla_bridge/widowx_mujoco_rlds_source_v1/images/episode_0054_step_1373.png","12718","f4be2f2b8fa37ae43d1b60fb2b809fd6cbb672cabd52e9bf883e59b79b7c73d7"
"data/vla_bridge/widowx_mujoco_rlds_source_v1/images/episode_0054_step_1465.png","13007","92cac8920a0797b31814ef3d4508f4f5959212be2b094efa8080e3ecbe69c148"
"data/vla_bridge/widowx_mujoco_rlds_source_v1/images/episode_0054_step_1556.png","13310","f0b49fc9e5a747e904eddaaf22eb6716babca18af9d9bf2ea4fc3efa6678d672"
"data/vla_bridge/widowx_mujoco_rlds_source_v1/images/episode_0054_step_1648.png","13437","d52f72472bdff1048edb847228e1b88bf96e1879f2f84486efd7fe9ed56caad3"
"data/vla_bridge/widowx_mujoco_rlds_source_v1/images/episode_0054_step_1740.png","13671","ee226246f98127b4e0c4f99a0fb47c7e3042d87d3daecdadc5df1ecaad4918ad"
"data/vla_bridge/widowx_mujoco_rlds_source_v1/images/episode_0054_step_1831.png","13825","876ce4f7cd393129a6f810c7f9fb281bd5d7fe8cb9b0a4f9a7ebc900901fd4e4"
"data/vla_bridge/widowx_mujoco_rlds_source_v1/images/episode_0054_step_1923.png","14017","695e3e7250dd3446e5eb4c4ab96eca18346aacd8250b05cdf0a8eb2bbb4fc0e5"
"data/vla_bridge/widowx_mujoco_rlds_source_v1/images/episode_0054_step_2014.png","13772","4e068e0d93ec02f8181376108a16cf1d6bdf8fa478392b0a29c501bccaeadc71"
"data/vla_bridge/widowx_mujoco_rlds_source_v1/images/episode_0054_step_2106.png","13749","e951e00336ced0af795b1fae233c701742b6910158572b7a09aec1df5e27693a"
"data/vla_bridge/widowx_mujoco_rlds_source_v1/images/episode_0054_step_2197.png","13678","19df257e860f4d1ebcd6f0662c75779d1ecc6b275f07e29f4c5f23ed6e0ebde8"
"data/vla_bridge/widowx_mujoco_rlds_source_v1/images/episode_0054_step_2289.png","13732","6e0c42e84e1c3769fb538d81b42c5f5c30b47d7c9321e4b778e84b3f6528f783"
"data/vla_bridge/widowx_mujoco_rlds_source_v1/images/episode_0054_step_2381.png","13738","e21b14ab4aa49121121532852f824297a50023afe581123c3ee73bcd560e991d"
"data/vla_bridge/widowx_mujoco_rlds_source_v1/images/episode_0054_step_2472.png","13709","9ccb02fff201019db158f9589ab55518a8b4f2326c53035c5acdf8a5b59338f2"
"data/vla_bridge/widowx_mujoco_rlds_source_v1/images/episode_0054_step_2564.png","13716","39efd6d9ec6201ae90e210ec5333d1eac93c48af9f898c3fb9faf362c32793ac"
"data/vla_bridge/widowx_mujoco_rlds_source_v1/images/episode_0054_step_2655.png","13887","a2a089c2e4bfc6a2172bf0c9bc573560b16671a7c6184478669fbc885e0397b0"
"data/vla_bridge/widowx_mujoco_rlds_source_v1/images/episode_0054_step_2747.png","13911","70306908d5e0bc41dc5b993f07b2b872ffad438c2da18f2ca7c680ec14c10cd0"
"data/vla_bridge/widowx_mujoco_rlds_source_v1/images/episode_0054_step_2839.png","13945","eb09fe234388accc4667634d514af53b8a8ab04f4d1a07ae55e8275080921f51"
"data/vla_bridge/widowx_mujoco_rlds_source_v1/images/episode_0055_step_0000.png","12130","504c28eba755cd0b788a78b294db64995b509d621327d441569a200fca9ce509"
"data/vla_bridge/widowx_mujoco_rlds_source_v1/images/episode_0055_step_0091.png","12530","2fc45a27291ee81a0a443aaedae6924fee7a3e1604ee834b38a1bc15b8f2a65f"
"data/vla_bridge/widowx_mujoco_rlds_source_v1/images/episode_0055_step_0183.png","12793","bfa198ab8f0921da1c112419195dde040a21e4e9f38832299393f8c467af0502"
"data/vla_bridge/widowx_mujoco_rlds_source_v1/images/episode_0055_step_0274.png","13072","4c4821e1d5619b90067904627c8d9f9dc67e4889147446264e47c60e0950b201"
"data/vla_bridge/widowx_mujoco_rlds_source_v1/images/episode_0055_step_0366.png","13158","458df3d0d91b575bf824d14583e92e69882701a611da4d1e9c9b5d6c9f3fa17d"
"data/vla_bridge/widowx_mujoco_rlds_source_v1/images/episode_0055_step_0457.png","13191","522aca1656ab388384a31b0d021314ddf2e05f82933fcbbf4ff167d4e899e675"
"data/vla_bridge/widowx_mujoco_rlds_source_v1/images/episode_0055_step_0549.png","13235","1877aeed7c5afb33c06b26dc0da6dc36c61c279bdea999f495dd3a46458781ab"
"data/vla_bridge/widowx_mujoco_rlds_source_v1/images/episode_0055_step_0641.png","13301","c676d8f9bfc701b5e03123007f7102c16d9661ed4b45cbcaf12d8164fe077d48"
"data/vla_bridge/widowx_mujoco_rlds_source_v1/images/episode_0055_step_0732.png","13243","f15644ae77c70a71d724246e0ca4a6ee073ca5d03df3a19cb8e2a87e64163d92"
"data/vla_bridge/widowx_mujoco_rlds_source_v1/images/episode_0055_step_0824.png","13247","4647b61e108c8382511653326c894ed76ba6407d6c636e6db4e8cf32f7853c69"
"data/vla_bridge/widowx_mujoco_rlds_source_v1/images/episode_0055_step_0915.png","13145","f11a212e762405f9393c0a5149b78ee9099973476345dd5a982d93031b5cd294"
"data/vla_bridge/widowx_mujoco_rlds_source_v1/images/episode_0055_step_1007.png","13238","918a01f9284f3c02307ae9c34dc27643d23947739239fbb4e32b686128ed9ede"
"data/vla_bridge/widowx_mujoco_rlds_source_v1/images/episode_0055_step_1098.png","13133","e72bacb7441fea4e39532ae3c58edec69669615d5e83022effebdf05984b0413"
"data/vla_bridge/widowx_mujoco_rlds_source_v1/images/episode_0055_step_1190.png","12976","345efcd4b1f8f892b3e481f920e9d72de3ba0bc61feba3eab218ff15921c3a12"
"data/vla_bridge/widowx_mujoco_rlds_source_v1/images/episode_0055_step_1282.png","13257","9a66baedca532f2b6bba3b17111d642170ef00de654f31ecec33ea77a1032e73"
"data/vla_bridge/widowx_mujoco_rlds_source_v1/images/episode_0055_step_1373.png","13331","1a04a1baee7479a57ae6aabc21c693ba9fd715ec07d8bfca953939cdb972adb5"
"data/vla_bridge/widowx_mujoco_rlds_source_v1/images/episode_0055_step_1465.png","13678","2a316d1c3ed34838177377ace3be6de8a5a8c64aa6216f11ba5ae2a0e90070b6"
"data/vla_bridge/widowx_mujoco_rlds_source_v1/images/episode_0055_step_1556.png","13952","17aaf3abf4f8bee8f84197d41dd851a7ea8c15db6f2a18aa64ae9a796359f2f9"
"data/vla_bridge/widowx_mujoco_rlds_source_v1/images/episode_0055_step_1648.png","13992","e80e6ec31ca36b4a2ba2624f5f5c50ed7214e1a719b0419b1c3b807079fc1d88"
"data/vla_bridge/widowx_mujoco_rlds_source_v1/images/episode_0055_step_1740.png","14077","86e48fef26a4082ae59481ca7dcec73d04b1a27b84d3b1dce9bad86198e671aa"
"data/vla_bridge/widowx_mujoco_rlds_source_v1/images/episode_0055_step_1831.png","13979","2573703cc6583b28ea1bb6befc9b53a54ab348373aa669dd74d94fe83a5cd707"
"data/vla_bridge/widowx_mujoco_rlds_source_v1/images/episode_0055_step_1923.png","14076","c32831353911acebbb209c88f811fc787960f3bad2a008b1a788a57c378d37fe"
"data/vla_bridge/widowx_mujoco_rlds_source_v1/images/episode_0055_step_2014.png","13935","953017628f6af0088ecb2d23455f8118de561768594f53d10551a0148dd0aeb6"
"data/vla_bridge/widowx_mujoco_rlds_source_v1/images/episode_0055_step_2106.png","13739","9c2cb558759eee050594dffc39c0472b88ef3fa8244bc3acbc79a15727bcb6c6"
"data/vla_bridge/widowx_mujoco_rlds_source_v1/images/episode_0055_step_2197.png","13734","9cfc3fdcbfdb595de0db4870e06320ad791ebdfd850cde257b98356e81716f98"
"data/vla_bridge/widowx_mujoco_rlds_source_v1/images/episode_0055_step_2289.png","13839","56b966e07ec22cb2ae968eb20e187711f134b802e6d9c9078a49e07f4a475c5b"
"data/vla_bridge/widowx_mujoco_rlds_source_v1/images/episode_0055_step_2381.png","13768","073520a21188a77a9969c7fd9c713f4263b2c59fd74ed9c3b9ce19e3ccf1ce2f"
"data/vla_bridge/widowx_mujoco_rlds_source_v1/images/episode_0055_step_2472.png","13757","8028a23c337d5e5946281af9dcc81d5e4210f0d9c5a069b899ed51ca83db5c33"
"data/vla_bridge/widowx_mujoco_rlds_source_v1/images/episode_0055_step_2564.png","13794","f87fc257ff9054b693bb9c75029572bbfc21c3cbc4ea3c6e43951cd45e52e455"
"data/vla_bridge/widowx_mujoco_rlds_source_v1/images/episode_0055_step_2655.png","13987","942a6c36ded8a08681480942ca82e36e2f0292cab25a30f6d25607ec24a5017f"
"data/vla_bridge/widowx_mujoco_rlds_source_v1/images/episode_0055_step_2747.png","13995","0b81f12f2d95d4ae2f3fe7a2b0fa6f4d8f4f098f3cbdfad06fc2d36689457e71"
"data/vla_bridge/widowx_mujoco_rlds_source_v1/images/episode_0055_step_2839.png","14014","1bbd861c03f248e314a48bdd8a9d799bf688ae20d1ece2a3b6463082a87cb8be"
"data/vla_bridge/widowx_mujoco_rlds_source_v1/images/episode_0056_step_0000.png","12101","b5c9ed5415b2a4b31004f9f949b8914034753a596f4ef2505ca2f7366a682499"
"data/vla_bridge/widowx_mujoco_rlds_source_v1/images/episode_0056_step_0091.png","12333","d5f76531ed090ffea692532a563b5b0b496f261339633539e28e629a4d888bb9"
"data/vla_bridge/widowx_mujoco_rlds_source_v1/images/episode_0056_step_0183.png","12455","8ff0c02e20c4688062952be74a8324020ea77696e88ff6e7f602ae8188a15d9d"
"data/vla_bridge/widowx_mujoco_rlds_source_v1/images/episode_0056_step_0274.png","12924","b24a7ce9c63d0cda0a6fcbd28e3da7a30bdd0c05b34a3ccc4901aae18c26f58c"
"data/vla_bridge/widowx_mujoco_rlds_source_v1/images/episode_0056_step_0366.png","12911","f6187bb741eb44d233620e26f4b64932fa3ac8e91a02056baff89ca78a36ac40"
"data/vla_bridge/widowx_mujoco_rlds_source_v1/images/episode_0056_step_0457.png","13151","6568a1f4bea87aab6512495929b7a7ab2a338a667f107ca2c353212be8599f65"
"data/vla_bridge/widowx_mujoco_rlds_source_v1/images/episode_0056_step_0549.png","13106","d74cc723665de1685a5ab618b959b588cf2f73e1a14c931fa5c642c3ba4b015e"
"data/vla_bridge/widowx_mujoco_rlds_source_v1/images/episode_0056_step_0641.png","13152","6d78dd024036d845a091365754f4f04631c0d92915be364e62ef5b2db7efa57c"
"data/vla_bridge/widowx_mujoco_rlds_source_v1/images/episode_0056_step_0732.png","13084","86c56cd2e0d0cfc57d89757123c9e764607d02a227f1b82a53b8f9222ecb83f5"
"data/vla_bridge/widowx_mujoco_rlds_source_v1/images/episode_0056_step_0824.png","13153","a91cf41854e91fcde18ef7e22d41c42e78999bcf9c7b406b76004784012e23f4"
"data/vla_bridge/widowx_mujoco_rlds_source_v1/images/episode_0056_step_0915.png","13182","d40ae4a281534441e52a7da66df620e0569c30f3e95e8fde0c95ece41879ed8f"
"data/vla_bridge/widowx_mujoco_rlds_source_v1/images/episode_0056_step_1007.png","12848","47b03f0502136f8200f46917a8078b70be69c22589f51f4a05e5ead8027bfc0c"
"data/vla_bridge/widowx_mujoco_rlds_source_v1/images/episode_0056_step_1098.png","12893","f32f7e2da9fb085d9bafab4d400f3d26ecdbc148e62089157442ae217c9a5bce"
"data/vla_bridge/widowx_mujoco_rlds_source_v1/images/episode_0056_step_1190.png","12706","40ae6aaaa4e04f13c0d4d80cf3e0654caee6599575cc22d10f4d91dade9d887f"
"data/vla_bridge/widowx_mujoco_rlds_source_v1/images/episode_0056_step_1282.png","12740","eba5a4352d108efd742307c0b5786f681473c94a2d27060740d5e5fc30b313c3"
"data/vla_bridge/widowx_mujoco_rlds_source_v1/images/episode_0056_step_1373.png","12948","a26ed321545523b93faa5c2fd3fe63fb127ebfc6f2dd71ac714cb634c66676b7"
"data/vla_bridge/widowx_mujoco_rlds_source_v1/images/episode_0056_step_1465.png","13179","c077aa624adbdeee05a10364e6b8f1ef6adde08d7080788cbbad64a984ddee79"
"data/vla_bridge/widowx_mujoco_rlds_source_v1/images/episode_0056_step_1556.png","13492","c301d9a4aa670cee5e85edc9653e48152f462c91031e16ef548120e148bfb245"
"data/vla_bridge/widowx_mujoco_rlds_source_v1/images/episode_0056_step_1648.png","13542","753303c7fe63948bb88ad88117a1be9a97ffab1fddcec31e78dc54bab0444da1"
"data/vla_bridge/widowx_mujoco_rlds_source_v1/images/episode_0056_step_1740.png","13675","2166398eb10d3d87eec13377c1508e3e59ca6aa0d3bef2f68f3081233a8d46e8"
"data/vla_bridge/widowx_mujoco_rlds_source_v1/images/episode_0056_step_1831.png","13836","a8464ed1c030d14ba76ed4ef78eb310333012ac39b5e62eb607021c7147ac706"
"data/vla_bridge/widowx_mujoco_rlds_source_v1/images/episode_0056_step_1923.png","13924","24549c2ebf967fac35c5ad6a0228157f4b30d6ce9c1995bc05184a2f25dbe5b6"
"data/vla_bridge/widowx_mujoco_rlds_source_v1/images/episode_0056_step_2014.png","13791","fb828bb59cd49837a0a5a4ddabe977b374c07abd05cebc7ac3cb46393383b090"
"data/vla_bridge/widowx_mujoco_rlds_source_v1/images/episode_0056_step_2106.png","13697","d033de159aa417df8d5df35997bbbf93302d9b4386526a4bb2aba415c6e6dda8"
"data/vla_bridge/widowx_mujoco_rlds_source_v1/images/episode_0056_step_2197.png","13610","48ded0c3e7b68842a6b6e1151e66cca6237aebb9e2f3032dcd00a3c9865ed9a1"
"data/vla_bridge/widowx_mujoco_rlds_source_v1/images/episode_0056_step_2289.png","13595","d3951db51680b8464233deffacbd6d4ad8686011b69de3b5e6961b9cfeadcee5"
"data/vla_bridge/widowx_mujoco_rlds_source_v1/images/episode_0056_step_2381.png","13658","85812db9d44353de8c2d7eb7d77a942ef0fc45cb6d28ac53061df7aff69e8f04"
"data/vla_bridge/widowx_mujoco_rlds_source_v1/images/episode_0056_step_2472.png","13548","8ba18d72aed7f36e758ac1c9f8323cd81d4b187e631998400bb1ea9fdf54d848"
"data/vla_bridge/widowx_mujoco_rlds_source_v1/images/episode_0056_step_2564.png","13721","0f945174bbe267723857495d6f41d828194d4a7d401533829a39d9d17e945956"
"data/vla_bridge/widowx_mujoco_rlds_source_v1/images/episode_0056_step_2655.png","13914","e45defc24477bf319979b36ca844984d3b93ef410dcaaeb176b4247ad075dc30"
"data/vla_bridge/widowx_mujoco_rlds_source_v1/images/episode_0056_step_2747.png","13837","686c665a533d4ae0674d224f80a515fa40498e81d573f7cc5d16c70229463427"
"data/vla_bridge/widowx_mujoco_rlds_source_v1/images/episode_0056_step_2839.png","13889","5786017fd286d3dc6813b63d7e556110de1655c014c6f5c0fe0f63333579fa84"
"data/vla_bridge/widowx_mujoco_rlds_source_v1/images/episode_0057_step_0000.png","12047","b4fc50e852e382f8cc911875756a0e265a4830afb8bef8b64ff101a747383f8b"
"data/vla_bridge/widowx_mujoco_rlds_source_v1/images/episode_0057_step_0091.png","12281","dc7dd60de00d6d87b68037c28055da46fa29b78c88bdd298a65b7c6f6a3fa3b6"
"data/vla_bridge/widowx_mujoco_rlds_source_v1/images/episode_0057_step_0183.png","12489","87ce7ff005a1d844ba354010e269a12432dd4dfa96346f8f7e13c6932de4d65e"
"data/vla_bridge/widowx_mujoco_rlds_source_v1/images/episode_0057_step_0274.png","12605","6527f6245a81be6db533d60b656450cb7e1085f3f747473c21df20783aeca31e"
"data/vla_bridge/widowx_mujoco_rlds_source_v1/images/episode_0057_step_0366.png","12733","c65ac27932635b1140fa181cbac4b0f814d96fba50979d32ac84938d06c0973b"
"data/vla_bridge/widowx_mujoco_rlds_source_v1/images/episode_0057_step_0457.png","12927","290fbd60ba45cef205d0ed62c9a52f1a38881ed726050dfaa1882c412649094b"
"data/vla_bridge/widowx_mujoco_rlds_source_v1/images/episode_0057_step_0549.png","12958","f29c4bbdb6776c25117341087f586b34df86b27572ceef2c398b77f1ff57674a"
"data/vla_bridge/widowx_mujoco_rlds_source_v1/images/episode_0057_step_0641.png","12993","22247649eb20c25d4d8ee74626f0cb9c91b1db2e4a41c94c65e2483c77e09ddc"
"data/vla_bridge/widowx_mujoco_rlds_source_v1/images/episode_0057_step_0732.png","13082","aad5c5a86ecaec8d4b7eda259c9214172f96c0dfd2bce999c44678cf2d268232"
"data/vla_bridge/widowx_mujoco_rlds_source_v1/images/episode_0057_step_0824.png","12895","734ed1453098bcd9f9a0b0301c1e13fa81b4f33b9a17d7a3439e03f7a268406b"
"data/vla_bridge/widowx_mujoco_rlds_source_v1/images/episode_0057_step_0915.png","12852","7829d3fba4380db4a8ee53ba5c04d41e15439fe281af036e35e0e268ee9231b1"
"data/vla_bridge/widowx_mujoco_rlds_source_v1/images/episode_0057_step_1007.png","12704","5c09a317269c9c2068dc100aa1bfdf25cb758b4be359afdf4037b2639cedd27c"
"data/vla_bridge/widowx_mujoco_rlds_source_v1/images/episode_0057_step_1098.png","12555","d4c6881cb94252b617dab90c29cdcc9451fe96ac93400bd22ed8e5423947e724"
"data/vla_bridge/widowx_mujoco_rlds_source_v1/images/episode_0057_step_1190.png","12512","41cd04613bb678ce7056d20e6909025fcd9845098547b64d95f4906d2276647f"
"data/vla_bridge/widowx_mujoco_rlds_source_v1/images/episode_0057_step_1282.png","12636","132d871e4fa49bb730a6b5d2744849866c5a771efc6581b74a07dcf2bee45ed1"
"data/vla_bridge/widowx_mujoco_rlds_source_v1/images/episode_0057_step_1373.png","12776","b9eb6bc461ef23a9496ec91ef43bbce1807dfffc752d15ed127d73c65931357d"
"data/vla_bridge/widowx_mujoco_rlds_source_v1/images/episode_0057_step_1465.png","12894","bcc46c2e5572202e3e1b987d6d2d1f0dc00fc2f60ca233cd4934e229e4f22039"
"data/vla_bridge/widowx_mujoco_rlds_source_v1/images/episode_0057_step_1556.png","13084","8b2e35f2537d3b43e0364bc69863b45e642d137b2fc4af361b90cbcac57c53f4"
"data/vla_bridge/widowx_mujoco_rlds_source_v1/images/episode_0057_step_1648.png","13561","7248708fae717a2af071e037a9d22d6419b50e214926ca6081d77fe1a1f975b9"
"data/vla_bridge/widowx_mujoco_rlds_source_v1/images/episode_0057_step_1740.png","13693","e3c154b17ca56da4c97d9b5d84f3ef3eade25e503e61a067e097e0b3661abe1c"
"data/vla_bridge/widowx_mujoco_rlds_source_v1/images/episode_0057_step_1831.png","13795","79223d89e45c2bfa3e92f4bf97d37a9df04537361fde9b0077f214e3e4d6c5b4"
"data/vla_bridge/widowx_mujoco_rlds_source_v1/images/episode_0057_step_1923.png","13966","5d42f3c72d3e02baece7b32603f23d0f78e35761ce68f4ee6c7cd937b20cbda5"
"data/vla_bridge/widowx_mujoco_rlds_source_v1/images/episode_0057_step_2014.png","13743","4b27bf2e6be454a0a790e539e61e70c549d90cf08ef19b75f105f99b54924f6b"
"data/vla_bridge/widowx_mujoco_rlds_source_v1/images/episode_0057_step_2106.png","13706","88bf3b37cd0f1b5e01eb724441da99ea7c98e38a2b7f609e6ed8c93de1e75192"
"data/vla_bridge/widowx_mujoco_rlds_source_v1/images/episode_0057_step_2197.png","13672","85cd1c2b9353fe72bb018920db545879a7946cb79b4ca2d99b9c0e6b6e12a7ac"
"data/vla_bridge/widowx_mujoco_rlds_source_v1/images/episode_0057_step_2289.png","13797","1f71e6f8044527c04811f8ef443997bd78bd142bc5a109482e4242a875a39d76"
"data/vla_bridge/widowx_mujoco_rlds_source_v1/images/episode_0057_step_2381.png","13745","6176629cc482704fbd03e562e8dc20d2a779d4c39c3d2a0ca46edceabed36834"
"data/vla_bridge/widowx_mujoco_rlds_source_v1/images/episode_0057_step_2472.png","13735","e05330fdd22f1fd343cbabc48cf0eb7a884961b8ec9fe4554a947c736c9c5a42"
"data/vla_bridge/widowx_mujoco_rlds_source_v1/images/episode_0057_step_2564.png","13684","4879e7d2e22323c62a08b7db4412a02521a365b343aa8d458efba79bf6e04988"
"data/vla_bridge/widowx_mujoco_rlds_source_v1/images/episode_0057_step_2655.png","13830","2be06def063706370e003b01ae852a100c30f7bbcb9c9af4eef80b9d653dec64"
"data/vla_bridge/widowx_mujoco_rlds_source_v1/images/episode_0057_step_2747.png","13844","a6efd13769c1a08caebdd976ee62fbb519841bffd16ba50c28c76ccf47a58ec0"
"data/vla_bridge/widowx_mujoco_rlds_source_v1/images/episode_0057_step_2839.png","13919","3fc2fe81f613166d89fb9198cf1b2c12834e1ed78e70eea54a75128dae430f8d"
"data/vla_bridge/widowx_mujoco_rlds_source_v1/images/episode_0058_step_0000.png","12106","3effd8c8761ab94e543ed15def1172a5626728ff22047eebfa095ca8132df375"
"data/vla_bridge/widowx_mujoco_rlds_source_v1/images/episode_0058_step_0091.png","12399","ad5c3ea875c672b78eedc6856bd7605dea23020538613c23b2f8927b43605671"
"data/vla_bridge/widowx_mujoco_rlds_source_v1/images/episode_0058_step_0183.png","12449","b3e558886b08af2fe560d2d0f056c27c85fde1ba670db3984325871c5199033f"
"data/vla_bridge/widowx_mujoco_rlds_source_v1/images/episode_0058_step_0274.png","12575","65a01ef1eade9ce8cd81462084955bccb8c180b3223705ebb4c48e8266f5d69e"
"data/vla_bridge/widowx_mujoco_rlds_source_v1/images/episode_0058_step_0366.png","12662","0cc84098ef69600fa24e36a41269766b4f52ff3173f1521568b3e4756445e36e"
"data/vla_bridge/widowx_mujoco_rlds_source_v1/images/episode_0058_step_0457.png","12620","e1ed0cdf5b296e7fad21920c5ab3dde326f4515aa9f75c0434fd742060362ca3"
"data/vla_bridge/widowx_mujoco_rlds_source_v1/images/episode_0058_step_0549.png","12587","4f70dcdb8b42e951ad77ceca44b26522b5d4e5b0051e767289bace81a5deca91"
"data/vla_bridge/widowx_mujoco_rlds_source_v1/images/episode_0058_step_0641.png","12641","1880a82086900a8a4780b19a22b91fe7940309168014d5aab235e47375d202d3"
"data/vla_bridge/widowx_mujoco_rlds_source_v1/images/episode_0058_step_0732.png","12665","5ff9b36f3e7fddfed4c10a66f09515ddd723cd413a704c7a70c5f4ab547deff6"
"data/vla_bridge/widowx_mujoco_rlds_source_v1/images/episode_0058_step_0824.png","12598","5e66d710db2f9df5babf1a3394c5855648cd5676ce7ad8f73b4418dd68a2d482"
"data/vla_bridge/widowx_mujoco_rlds_source_v1/images/episode_0058_step_0915.png","12663","a28ae59ae7dd730ff182fb72c8f71e0ec1a1e9f404ab48704deaea92c4b60e15"
"data/vla_bridge/widowx_mujoco_rlds_source_v1/images/episode_0058_step_1007.png","12598","ad96d9982a53cd89d9505d8ab4d42b79161e6657d5ae8e5668a48d45e8a7c601"
"data/vla_bridge/widowx_mujoco_rlds_source_v1/images/episode_0058_step_1098.png","12729","af9c1f01988bb0f8da1f31231237b8f809c18bc549c757e68e16f8a6452f5701"
"data/vla_bridge/widowx_mujoco_rlds_source_v1/images/episode_0058_step_1190.png","12698","e2e25990bc6727f632145a10d8a404d6e478f7d79796aaad02d31061e6799952"
"data/vla_bridge/widowx_mujoco_rlds_source_v1/images/episode_0058_step_1282.png","12915","a8c22802ab3f033c23d90ccd05029e61d110a1ed4f9c3a778b7da1d0e3b92700"
"data/vla_bridge/widowx_mujoco_rlds_source_v1/images/episode_0058_step_1373.png","13094","12773dc54fdee72115673c6cd828f447410b32f97ca42dbd354a1064f6d90267"
"data/vla_bridge/widowx_mujoco_rlds_source_v1/images/episode_0058_step_1465.png","13256","fd02a7f0dfbb5ca544ea22a34c15458dc33e35c6c0aba4a62d3de3b9f1b8447a"
"data/vla_bridge/widowx_mujoco_rlds_source_v1/images/episode_0058_step_1556.png","13421","d236b7cb85a9e5d751b4c7edf2996742f28e7bd2f40d615f9f3d73ff8a7a0ee4"
"data/vla_bridge/widowx_mujoco_rlds_source_v1/images/episode_0058_step_1648.png","13715","aaf2cb28a13007aa221ac9b7c760684ebb132f204bcfc256e0852a57eb381c1a"
"data/vla_bridge/widowx_mujoco_rlds_source_v1/images/episode_0058_step_1740.png","13992","dbdba7ed41b699e0b0d44599e5a504991270dc8d91b26a6a053fceb69a19bbb1"
"data/vla_bridge/widowx_mujoco_rlds_source_v1/images/episode_0058_step_1831.png","14148","38a7e6f012631f4ad3a11f75705c7ec4c19aae56c71ec74c6f5d6a39bbb1a97e"
"data/vla_bridge/widowx_mujoco_rlds_source_v1/images/episode_0058_step_1923.png","14077","b2ec0f18469bdfed7e013a4313fa3c58fd3a10174d29519186db4d2b52b200b4"
"data/vla_bridge/widowx_mujoco_rlds_source_v1/images/episode_0058_step_2014.png","13957","f8a3a48ab3370d12dc1ca3cd0a58bdb2da614a0a7e5fbfb25b9fe4b3437f7c81"
"data/vla_bridge/widowx_mujoco_rlds_source_v1/images/episode_0058_step_2106.png","13886","4d3c76b452c2017d8e738545a41d2b516441e4614619319dc18e587410d44dd7"
"data/vla_bridge/widowx_mujoco_rlds_source_v1/images/episode_0058_step_2197.png","13764","42ad974a3fbe256ef8dd37e267fde628367944f08355a3cba6b16b908adabe97"
"data/vla_bridge/widowx_mujoco_rlds_source_v1/images/episode_0058_step_2289.png","13809","33fae8c7844c28432257c5cd328b4b5a3638b69bbe78ae16f4fc9872513d7e77"
"data/vla_bridge/widowx_mujoco_rlds_source_v1/images/episode_0058_step_2381.png","13850","2063b558b4a56d23a6dea2ac7fbeb83389606e11f75080d4c6e627e24a4819e9"
"data/vla_bridge/widowx_mujoco_rlds_source_v1/images/episode_0058_step_2472.png","13800","b8384078354f5107aa4f223d588461847fb730ca23874acb72d991a88816e82f"
"data/vla_bridge/widowx_mujoco_rlds_source_v1/images/episode_0058_step_2564.png","13886","360832646e5d12066536739f880fd347391c7290b1bff7dc44df1d8b077a3013"
"data/vla_bridge/widowx_mujoco_rlds_source_v1/images/episode_0058_step_2655.png","14035","d6de07f995df1ab3c602cba22343a57d65dcfe4f20c5342f7d0141dec3179b88"
"data/vla_bridge/widowx_mujoco_rlds_source_v1/images/episode_0058_step_2747.png","14102","a21bc76116f53e9e002ac9b03174b1ed59a9f617ac0af55d2f1278827d8eb75c"
"data/vla_bridge/widowx_mujoco_rlds_source_v1/images/episode_0058_step_2839.png","14018","f2c5825dfa32a860ab7f755168c811eb494c9ac0e7dcd74823a046e051158d7c"
"data/vla_bridge/widowx_mujoco_rlds_source_v1/images/episode_0059_step_0000.png","12130","885611e4a68315cd88b7da3737806b1d9e93f20b3549dbef11ac3b39028a5b09"
"data/vla_bridge/widowx_mujoco_rlds_source_v1/images/episode_0059_step_0091.png","12491","0dc085e13766742f7f1bc6dfee74cfed094357666632c393c1abeb256e14fd0c"
"data/vla_bridge/widowx_mujoco_rlds_source_v1/images/episode_0059_step_0183.png","12774","2df737890dce036f8030346e3ff5635fa96d60f01a2d05eebee562dec9b6830b"
"data/vla_bridge/widowx_mujoco_rlds_source_v1/images/episode_0059_step_0274.png","13577","5001dd4f5a0b8a42eed8876b12f2fcc1d693eb990278b25d10cda7ac8510a52f"
"data/vla_bridge/widowx_mujoco_rlds_source_v1/images/episode_0059_step_0366.png","13399","5b28a6294e6a76aca51d6a2a947b2d7a2a05084f91487b77cd44a3b05527514e"
"data/vla_bridge/widowx_mujoco_rlds_source_v1/images/episode_0059_step_0457.png","13271","144eb6a5363dfe0df4b78ba504db624f790912cc0a719f9b78fafec70fd96f00"
"data/vla_bridge/widowx_mujoco_rlds_source_v1/images/episode_0059_step_0549.png","13152","a3146106c05840bc045ae9f74160baa6856202d42428b28b30bea7390406c942"
"data/vla_bridge/widowx_mujoco_rlds_source_v1/images/episode_0059_step_0641.png","13102","1dbbf9d7ab0ba98de933e8ddd022af1a513ff9f2ab0b00bec7b9f5b542bdf714"
"data/vla_bridge/widowx_mujoco_rlds_source_v1/images/episode_0059_step_0732.png","13153","d80dc6cb9a7771e9ffc9805c6b48b931dc2bf6f0239ef7dac77f8bb089a2535d"
"data/vla_bridge/widowx_mujoco_rlds_source_v1/images/episode_0059_step_0824.png","13099","cade3ffebf2d3059e3f68df66ce680ccec5122004b1c291d4fd4143f56c732b2"
"data/vla_bridge/widowx_mujoco_rlds_source_v1/images/episode_0059_step_0915.png","13237","5a58b94814a2db393f4b6cd581490b1e8ab0404f4e147fcc569678057ae364fa"
"data/vla_bridge/widowx_mujoco_rlds_source_v1/images/episode_0059_step_1007.png","13364","c735edec8d8debf31262a37d9b27a5311382dd5cd6828d2a483e3b8b66fdaf0d"
"data/vla_bridge/widowx_mujoco_rlds_source_v1/images/episode_0059_step_1098.png","13641","052ccee41aea66f3996c6dd5e2ef09dca0237580cda3a1b126da50a0479f5c96"
"data/vla_bridge/widowx_mujoco_rlds_source_v1/images/episode_0059_step_1190.png","13591","19d656bd31af00710f36d056551e292e62553e29d0b9099c9660eccc6e3700a8"
"data/vla_bridge/widowx_mujoco_rlds_source_v1/images/episode_0059_step_1282.png","13540","647df364fcaf27f0e6c8f765c1ecf7de8242cfab3814bbacabaefa46dda9758a"
"data/vla_bridge/widowx_mujoco_rlds_source_v1/images/episode_0059_step_1373.png","13512","f6b635b78c955767817c3af82c521ea784ba8a50dfb5eab2fd7e600861293a0f"
"data/vla_bridge/widowx_mujoco_rlds_source_v1/images/episode_0059_step_1465.png","13583","ab5e36fe83a844eba2a2fac4053b7f5b9df102e901a4ffac65f8d2b5405bbc91"
"data/vla_bridge/widowx_mujoco_rlds_source_v1/images/episode_0059_step_1556.png","13626","0a2bd611d93b0e4292ec4b1c86aa7d3b822dc414aaea81807296cfe340d60341"
"data/vla_bridge/widowx_mujoco_rlds_source_v1/images/episode_0059_step_1648.png","13646","b899884a473eaf10b7c77b8bc64df2857c4acf957f6a368cd765db96ad8f3f37"
"data/vla_bridge/widowx_mujoco_rlds_source_v1/images/episode_0059_step_1740.png","13689","5b1c7c0bf91e4d5cedcfa4e4306bacfefc6d0bfa35dc90dffdd2a6cf1f579f84"
"data/vla_bridge/widowx_mujoco_rlds_source_v1/images/episode_0059_step_1831.png","13805","67a0ddb3a2da597c82a385149854e61284b1291e586f2b60b14d302301329525"
"data/vla_bridge/widowx_mujoco_rlds_source_v1/images/episode_0059_step_1923.png","13879","31f2a32e057f4b5a3f12ec81466956fa3a06cbf057d9a43e518390fd31bc64fc"
"data/vla_bridge/widowx_mujoco_rlds_source_v1/images/episode_0059_step_2014.png","13806","b6d0c699a1c02d649040ec27dfc5ece9ddcb7bf92564f8b006c618324088f611"
"data/vla_bridge/widowx_mujoco_rlds_source_v1/images/episode_0059_step_2106.png","13678","312012decca7ab44d4f53996e519f44073b6831c180d9e396fb3055c2ed8f768"
"data/vla_bridge/widowx_mujoco_rlds_source_v1/images/episode_0059_step_2197.png","13670","7a410fbe2c8e6cc387a3ca40f352a027035ff214fa16829518d25d82258cebc1"
"data/vla_bridge/widowx_mujoco_rlds_source_v1/images/episode_0059_step_2289.png","13696","d6e6abbf277492539c2ebf2fde460c5e6a7712d407dcdf1e01edb7efb4441b96"
"data/vla_bridge/widowx_mujoco_rlds_source_v1/images/episode_0059_step_2381.png","13652","3ce39a1d42ac898282407fd9811adcaa5797a0f10dd353e92f52110116e1ec02"
"data/vla_bridge/widowx_mujoco_rlds_source_v1/images/episode_0059_step_2472.png","13594","474fc9b7501a9c5709474e7c539febf962767df37644a8d637d9a6f6477f608a"
"data/vla_bridge/widowx_mujoco_rlds_source_v1/images/episode_0059_step_2564.png","13689","f08916e2ccd879deb37a39e7c4532e7a057a6873f1bbe4cb4be0fabba3f9701c"
"data/vla_bridge/widowx_mujoco_rlds_source_v1/images/episode_0059_step_2655.png","13891","6c5a5b826eb1469ec703c4fc17ca3417bfd3bce7847f8dfae2867acdcf69780e"
"data/vla_bridge/widowx_mujoco_rlds_source_v1/images/episode_0059_step_2747.png","13801","85a6a65f35086b31bc0e8b0108c5d124ddd0270ded20039990f849bf54a4d2a8"
"data/vla_bridge/widowx_mujoco_rlds_source_v1/images/episode_0059_step_2839.png","13823","644b53b138c693c7ccd01bd4ce84883a7d1824da1c0bed845d97dda12cc32905"
"data/vla_bridge/widowx_mujoco_rlds_source_v1/images/episode_0060_step_0000.png","12088","4e787e7968249fddd5402a9a0bf1d927442d7f2531fb637e58ed6d2a87515621"
"data/vla_bridge/widowx_mujoco_rlds_source_v1/images/episode_0060_step_0091.png","12307","3a85a129d0e76a848245ea134f521bc5c975f0497514e5bc860fdcbb9b96ab55"
"data/vla_bridge/widowx_mujoco_rlds_source_v1/images/episode_0060_step_0183.png","12384","a7f1f06b7511816c1b86411d9eb02400e95b63f96b64814126fb1c9a4e9921cd"
"data/vla_bridge/widowx_mujoco_rlds_source_v1/images/episode_0060_step_0274.png","12476","334532227bf87883f9ec9278b2ac633060d9a32661a260f0c09a298aeac4464d"
"data/vla_bridge/widowx_mujoco_rlds_source_v1/images/episode_0060_step_0366.png","12543","02cdcd30a7ec705f9605c45f7388db19aa6ebb6b5a4fa3ea800c5e50bbc0a778"
"data/vla_bridge/widowx_mujoco_rlds_source_v1/images/episode_0060_step_0457.png","12510","cbaaeaaa1c371583265dc89c2611daeeaf5d0a08b745089726f086ef71c9e368"
"data/vla_bridge/widowx_mujoco_rlds_source_v1/images/episode_0060_step_0549.png","12575","72c411654da3538af36cad1255fd7abbb4d6bf5444bb45f754761885fcdadb2e"
"data/vla_bridge/widowx_mujoco_rlds_source_v1/images/episode_0060_step_0641.png","12619","870659e4f53d898aabf9404aba42dfc0a12bf568d0526aaea5336e17bf795922"
"data/vla_bridge/widowx_mujoco_rlds_source_v1/images/episode_0060_step_0732.png","12532","a887fe54ece1cfbed0aa07891c559c138e338282b201bf840fc3484a15ed4e79"
"data/vla_bridge/widowx_mujoco_rlds_source_v1/images/episode_0060_step_0824.png","12631","dc68eaabd0d0f6e588ab2db3a94f0a41130309b6db11859819269fba9fa5fbcf"
"data/vla_bridge/widowx_mujoco_rlds_source_v1/images/episode_0060_step_0915.png","12508","1b799302c8ed2b9c023c26fe671c6860b5e82ffe48cb2c00cb9911580b282994"
"data/vla_bridge/widowx_mujoco_rlds_source_v1/images/episode_0060_step_1007.png","12405","27691f4177c168dd003703c71abbd4934f4cb34c095f81b443eb2e0a3d7584ae"
"data/vla_bridge/widowx_mujoco_rlds_source_v1/images/episode_0060_step_1098.png","12482","1f021a443f3b71deb7ef10d5c69ed3c8d3d5ba5e84f4a90ad9261d7ee6044f64"
"data/vla_bridge/widowx_mujoco_rlds_source_v1/images/episode_0060_step_1190.png","12508","7c8fcfe0a1ff0f8ceeb6757c185ac6a533e73eacb2dcca13c667fc5538d23812"
"data/vla_bridge/widowx_mujoco_rlds_source_v1/images/episode_0060_step_1282.png","12626","fe3ed1221e1689e25bce95e5737e3c8ff205f51b464702f1bd9272988ccb8e07"
"data/vla_bridge/widowx_mujoco_rlds_source_v1/images/episode_0060_step_1373.png","12748","ee95c2cf2d780aaad085e87afc2222dee64de39823c68eb4c03430c388f8e150"
"data/vla_bridge/widowx_mujoco_rlds_source_v1/images/episode_0060_step_1465.png","12882","e5e9acd9cd7fa3b48595e901ddae349f2561b96292a71a7ef94cedd6690be5fb"
"data/vla_bridge/widowx_mujoco_rlds_source_v1/images/episode_0060_step_1556.png","13116","9b870fa255b9869470f6f8d11db473e2a91e876450e97c6c7ce8b6ba4eee01d7"
"data/vla_bridge/widowx_mujoco_rlds_source_v1/images/episode_0060_step_1648.png","13376","69073cb1c84df23555ac84ec5945eb0ce6f068d49f4c4712c18af5d43ba1f064"
"data/vla_bridge/widowx_mujoco_rlds_source_v1/images/episode_0060_step_1740.png","13631","269fd72151f7f91fa44127034c58728bbf764fb8264238a74e48cb91154271b0"
"data/vla_bridge/widowx_mujoco_rlds_source_v1/images/episode_0060_step_1831.png","13934","f737123c20bb47bcc29483637f0086670a27d9c077374d1adff5d2fee1b5990e"
"data/vla_bridge/widowx_mujoco_rlds_source_v1/images/episode_0060_step_1923.png","13954","efd1da657688602eb2a7f2959e48b21a99a61925a8517602ffe3f162830cb527"
"data/vla_bridge/widowx_mujoco_rlds_source_v1/images/episode_0060_step_2014.png","13946","f10a0ebe99dfeefcc9b8022bba13d378e3c27260ba88da8a79213b3f9c6aaa80"
"data/vla_bridge/widowx_mujoco_rlds_source_v1/images/episode_0060_step_2106.png","13894","8b1bb723fbe853e5b2698231df0111140ca085eaef2e678086febe3f597b35df"
"data/vla_bridge/widowx_mujoco_rlds_source_v1/images/episode_0060_step_2197.png","13773","4cbef1dbdff419dce92bc6d44ecdcf69f400092982e1910f123313d9d21f7f7b"
"data/vla_bridge/widowx_mujoco_rlds_source_v1/images/episode_0060_step_2289.png","13672","6a7b20412149b3271b2ac874f93a92adb0e71bce7bba7e16a1192a3922edba8e"
"data/vla_bridge/widowx_mujoco_rlds_source_v1/images/episode_0060_step_2381.png","13735","4ffbe8924eb1b23fbced9ff47d6066d4045b13bba7e37e7b3dfbb62b5c4387ab"
"data/vla_bridge/widowx_mujoco_rlds_source_v1/images/episode_0060_step_2472.png","13877","7ed1febb6d19d8b605db05f221d727f6f685f26b2a95aec77ed46c369f0bdc2a"
"data/vla_bridge/widowx_mujoco_rlds_source_v1/images/episode_0060_step_2564.png","13995","5c633c1b898e5b441ccc8a0703ae760ab4af5601df70742dcbf53188af880ea2"
"data/vla_bridge/widowx_mujoco_rlds_source_v1/images/episode_0060_step_2655.png","13857","8d322102624070ba016f8847af5f59f9d5d656e44aa6ea59c5f26bcfb9a29756"
"data/vla_bridge/widowx_mujoco_rlds_source_v1/images/episode_0060_step_2747.png","13981","a7f76a710c86c78b2270c8f1e626a4f0e0b4acb04e6212349345f9e21cd1cd5e"
"data/vla_bridge/widowx_mujoco_rlds_source_v1/images/episode_0060_step_2839.png","13971","7311dd86920dd7dfb4d4081606243cfe77f28fe59a2248adcc900b2c7e1f1af7"
"data/vla_bridge/widowx_mujoco_rlds_source_v1/images/episode_0061_step_0000.png","12187","4dca44b1d47e38d67ae3af1196e25efa0a1d6c39c7227857825d641578eb337d"
"data/vla_bridge/widowx_mujoco_rlds_source_v1/images/episode_0061_step_0091.png","12474","cde3bc18b30378dfed97d0f5223de5f29e7062da9dc9464940cef15ae05f85e4"
"data/vla_bridge/widowx_mujoco_rlds_source_v1/images/episode_0061_step_0183.png","12540","6be5873d204bce333062c16d4e100e592e63eabd399ff4d03e472b0628dc98b7"
"data/vla_bridge/widowx_mujoco_rlds_source_v1/images/episode_0061_step_0274.png","12531","102a27df38e74c9c39020819c083858036ff79792b2bf568c512bb68ba780434"
"data/vla_bridge/widowx_mujoco_rlds_source_v1/images/episode_0061_step_0366.png","12436","a2504f708837598d8b3f546b1a16e6292c125da232bd62092524366717349bf0"
"data/vla_bridge/widowx_mujoco_rlds_source_v1/images/episode_0061_step_0457.png","12538","951368466ffeb4c332f1f5988634d2b744736d8152907af6fb208a1d1aa43a93"
"data/vla_bridge/widowx_mujoco_rlds_source_v1/images/episode_0061_step_0549.png","12615","0bc00e86989e22dc104e968174999e02f79b2e14c209a78963b0c9cede528b0b"
"data/vla_bridge/widowx_mujoco_rlds_source_v1/images/episode_0061_step_0641.png","12670","d0571582e14aa3a9afe6fcad96b7e9c6f13130279bd26961da6793be5e83c4a2"
"data/vla_bridge/widowx_mujoco_rlds_source_v1/images/episode_0061_step_0732.png","12620","cbf33a30632758cd6a5c84995f2204020c521a71bed31e55ad7304407c00ed6b"
"data/vla_bridge/widowx_mujoco_rlds_source_v1/images/episode_0061_step_0824.png","12527","1db85fb14c127007cf9470c7b013c73b28029796aa951d060c3957f13b2888db"
"data/vla_bridge/widowx_mujoco_rlds_source_v1/images/episode_0061_step_0915.png","12468","0e05dda1e08ed92c642d02de518048f1ee2f334e445241f54afcfd6af40b2405"
"data/vla_bridge/widowx_mujoco_rlds_source_v1/images/episode_0061_step_1007.png","12410","140563da82705523eb3307205a031c7aa266967c89f6cdbe0715b262591c4546"
"data/vla_bridge/widowx_mujoco_rlds_source_v1/images/episode_0061_step_1098.png","12652","9956d5b6a784cf54d845c73bfa6ef67125e20c56531d709e3a3ed82c8ca831c8"
"data/vla_bridge/widowx_mujoco_rlds_source_v1/images/episode_0061_step_1190.png","12666","612d19e6b3fb4e95417284fd01d3237d1c70106eae1f7b127fde3329972bf5d8"
"data/vla_bridge/widowx_mujoco_rlds_source_v1/images/episode_0061_step_1282.png","12753","31cf9e719851c1fb2853873b4d1d1feb36b0ff00f873c8209778768b2e5dc25a"
"data/vla_bridge/widowx_mujoco_rlds_source_v1/images/episode_0061_step_1373.png","12871","06bfe0007c1c4147e2524374ae08963c33f060cbd7aeafada2a6ee3a52b53e03"
"data/vla_bridge/widowx_mujoco_rlds_source_v1/images/episode_0061_step_1465.png","13112","06a23696fdfce58bc7a7a7e9af0d026f227dc90e94c0a0cd10889a19025011cd"
"data/vla_bridge/widowx_mujoco_rlds_source_v1/images/episode_0061_step_1556.png","13231","32425468dc86c3d1f42ba0bd3147a0e1466e93f577546da3fc90e6350ee6fc03"
"data/vla_bridge/widowx_mujoco_rlds_source_v1/images/episode_0061_step_1648.png","13511","5bdf84496cf27df1e94ad92ba9868850b6201b9e2290835f0cc8714e599531c2"
"data/vla_bridge/widowx_mujoco_rlds_source_v1/images/episode_0061_step_1740.png","13675","2e920244e78ae1123d8186c019ed8000c3f8fa37e7f1ea92ebc13dca078adf94"
"data/vla_bridge/widowx_mujoco_rlds_source_v1/images/episode_0061_step_1831.png","13976","7e0668ef60231fe3e6bcf21af3ec585fc312fdc7e7c6c65474a32b80b479f225"
"data/vla_bridge/widowx_mujoco_rlds_source_v1/images/episode_0061_step_1923.png","13978","e86d7687e86fa840ec27740fefdc58c36ebc39c876bbdeca8dd2d90a1f8fc5e9"
"data/vla_bridge/widowx_mujoco_rlds_source_v1/images/episode_0061_step_2014.png","14067","d0d9c867bc700122c0c57b46e7248f15b65a7cf7080e2a824c0d9640feca7be3"
"data/vla_bridge/widowx_mujoco_rlds_source_v1/images/episode_0061_step_2106.png","13834","e753926026e27684694cdc105988b81c3934e78c4337d8aa1696ab2476dd3aba"
"data/vla_bridge/widowx_mujoco_rlds_source_v1/images/episode_0061_step_2197.png","13721","d997e2d461bd9c2a90166806d88113d33358fcfe94be09437b5d0cbad21aaf1e"
"data/vla_bridge/widowx_mujoco_rlds_source_v1/images/episode_0061_step_2289.png","13687","b52148fdcee8b67fda0435c682cb2e78e0be91d5b07352b531617add4f061630"
"data/vla_bridge/widowx_mujoco_rlds_source_v1/images/episode_0061_step_2381.png","13755","49b52cb6e9eb910e594ba07e00b4a850be299d3d57a9d1f82179fcce4cbc8eba"
"data/vla_bridge/widowx_mujoco_rlds_source_v1/images/episode_0061_step_2472.png","13851","ed36c6905bde1156e175efd895977c75127178e583c0f0f9385ad7e303ab26f2"
"data/vla_bridge/widowx_mujoco_rlds_source_v1/images/episode_0061_step_2564.png","14013","9bb6e01e75eaa4e2a7875e2cbff439a5143cd378843f26c7609f029b743f55e1"
"data/vla_bridge/widowx_mujoco_rlds_source_v1/images/episode_0061_step_2655.png","13857","11c8db80de3c51d4a0b9af9c972a207ab47103837d950a2e336d9c36eb55a278"
"data/vla_bridge/widowx_mujoco_rlds_source_v1/images/episode_0061_step_2747.png","14003","5bdaaa973af18d2e32f9af0a396b84f133e334a7eefeeb6cd48f434fb87c490f"
"data/vla_bridge/widowx_mujoco_rlds_source_v1/images/episode_0061_step_2839.png","14012","b46d1aba97d8295ceeaa4d77160b45e6a8b8bf5fb8be408d3d0f0feba3ed1aa3"
"data/vla_bridge/widowx_mujoco_rlds_source_v1/images/episode_0062_step_0000.png","12146","2de84f26a9ce90ea6b6892fe29431627ebf62e37b2e51dc4eefb5a2a4ab48e28"
"data/vla_bridge/widowx_mujoco_rlds_source_v1/images/episode_0062_step_0091.png","12444","7c47dcb5a5ada1d6e28edff731558c03f3d389821db4882a65bdfd3ee02b39e5"
"data/vla_bridge/widowx_mujoco_rlds_source_v1/images/episode_0062_step_0183.png","12532","7a9915568c8294faca828b238ae823ce043111f1da1e91629181227ab65143bb"
"data/vla_bridge/widowx_mujoco_rlds_source_v1/images/episode_0062_step_0274.png","12668","581bbd0cbebb4a1aeaa4d88469e83e3ac1a9b0596c43d31e9ebe26583e633bee"
"data/vla_bridge/widowx_mujoco_rlds_source_v1/images/episode_0062_step_0366.png","12783","6d01b8b6874aee7d5e022f3aea2464a0d8ff6d43c18c108bb4454157de5415fb"
"data/vla_bridge/widowx_mujoco_rlds_source_v1/images/episode_0062_step_0457.png","12558","1a04914b2729c51416db0a7a1fd5f8b68a666a55e44aec50b7b5294d86e24c29"
"data/vla_bridge/widowx_mujoco_rlds_source_v1/images/episode_0062_step_0549.png","12637","2e02e0e199f6ca312690f9ad8979c75efb9f3565b54f2fe2448969c974849451"
"data/vla_bridge/widowx_mujoco_rlds_source_v1/images/episode_0062_step_0641.png","12675","925f9a1122c38fbc8fb1f30a1d86836e4c9e85a67407692dee621753e0275926"
"data/vla_bridge/widowx_mujoco_rlds_source_v1/images/episode_0062_step_0732.png","12621","33f4af9d88473f2df3947cced5b88e681d392369855b6088af441be0b04d85fb"
"data/vla_bridge/widowx_mujoco_rlds_source_v1/images/episode_0062_step_0824.png","12561","6ff10ad3a61a6877be2d9dc52d949b1c7febc928a5bbd0f32414a5a6f5fe0486"
"data/vla_bridge/widowx_mujoco_rlds_source_v1/images/episode_0062_step_0915.png","12678","7c836f7e3fb971bb95fcb237754cfe702119c946b8f6c8b4ebb263146c5bb1c3"
"data/vla_bridge/widowx_mujoco_rlds_source_v1/images/episode_0062_step_1007.png","12719","422fc6ff20b02fd6008144409fc0503fbd11eeb738e824ee725ae2bee816ad89"
"data/vla_bridge/widowx_mujoco_rlds_source_v1/images/episode_0062_step_1098.png","12664","771bfc32c27dbdea27fd4bc3e4550fb39f005c5aa812edcf066ecae44d2e54ed"
"data/vla_bridge/widowx_mujoco_rlds_source_v1/images/episode_0062_step_1190.png","12745","553fce1c4e0e83a8ed1ef963cafb517da0eab37b5a74b4c952640399fb6adfa8"
"data/vla_bridge/widowx_mujoco_rlds_source_v1/images/episode_0062_step_1282.png","12358","c87b69748d52ec9c250e41a596e0893fb5c54d612ce7497aef0ab26f3190bff2"
"data/vla_bridge/widowx_mujoco_rlds_source_v1/images/episode_0062_step_1373.png","12497","f3572d5a457c5eaa0eb9e6889b98e6f94539d242c13ec6a83d390f1b8705f152"
"data/vla_bridge/widowx_mujoco_rlds_source_v1/images/episode_0062_step_1465.png","12646","c30cf9f901a62d0da3c1adc55c08427b6736033b59d9ae6457356f065adbc710"
"data/vla_bridge/widowx_mujoco_rlds_source_v1/images/episode_0062_step_1556.png","12910","ee34c320a4ed46f31dc5e9e5ba6264d07305e67e61aabc8c050d8d389f09edc8"
"data/vla_bridge/widowx_mujoco_rlds_source_v1/images/episode_0062_step_1648.png","13224","1fd3a560d3021605d5338c648baf6355bd7cfa8a09a4d42236ab25d57380bd85"
"data/vla_bridge/widowx_mujoco_rlds_source_v1/images/episode_0062_step_1740.png","13500","816f68b7cea7eb8224a02ccbc453d1bc2b0281e218cdf3be110d84fc518c892b"
"data/vla_bridge/widowx_mujoco_rlds_source_v1/images/episode_0062_step_1831.png","13837","d1836525dde2d38c338af5a76d471a20544733649a65c36ba7c7f82e3c943195"
"data/vla_bridge/widowx_mujoco_rlds_source_v1/images/episode_0062_step_1923.png","13943","5b9e4df89c578200b0ba5c2436ebdaa91cdb1360b20e944de3912d90f765a63c"
"data/vla_bridge/widowx_mujoco_rlds_source_v1/images/episode_0062_step_2014.png","13974","e64a69cce6997d2f23aa8bd5b51d489a58b41c51d88bddc1ec2a642d45bd9061"
"data/vla_bridge/widowx_mujoco_rlds_source_v1/images/episode_0062_step_2106.png","13965","445811ec8e0673b046407b44c324bccb48a1866c6729168091c730104666330f"
"data/vla_bridge/widowx_mujoco_rlds_source_v1/images/episode_0062_step_2197.png","13709","e534c0b37c35aacec162134a24e157ebbfc945097018ba9b50c92bac168c9ad7"
"data/vla_bridge/widowx_mujoco_rlds_source_v1/images/episode_0062_step_2289.png","13744","eabe666cd7139c8af6fdc8c7cecbee25f4883037ae918d903e1fd1a4887ebddf"
"data/vla_bridge/widowx_mujoco_rlds_source_v1/images/episode_0062_step_2381.png","13733","9b9d4c30e83f37c369113fde3839ec0fa9ec31d1d96e0783bf5b77d7ee07d34f"
"data/vla_bridge/widowx_mujoco_rlds_source_v1/images/episode_0062_step_2472.png","13792","15190bfee307cb17d731c47cf46e85852a59e46848247c29af81cafa4b70fa06"
"data/vla_bridge/widowx_mujoco_rlds_source_v1/images/episode_0062_step_2564.png","13997","4894770e5265845fc769369cb810f7b07dadaf4dfe12a0840f7580ab028f03a3"
"data/vla_bridge/widowx_mujoco_rlds_source_v1/images/episode_0062_step_2655.png","13866","56fb3d651a03ab75470f048a589dcaa8fd792df0638bdb334cd56e92e11dbceb"
"data/vla_bridge/widowx_mujoco_rlds_source_v1/images/episode_0062_step_2747.png","13979","58ee8b5e3da651c2cf966108bdd3a73731c48a3fd04b7f41291c15eb759f12d0"
"data/vla_bridge/widowx_mujoco_rlds_source_v1/images/episode_0062_step_2839.png","14054","5d906d94a6089fc5d56a7c373ad413c7805b2e96595a219d5b25e0e00db9bdd3"
"data/vla_bridge/widowx_mujoco_rlds_source_v1/images/episode_0063_step_0000.png","12092","d899b10e5f1dde0294459e6ee3c59155c85c6cefbeab241f5c964abcab2c0ac5"
"data/vla_bridge/widowx_mujoco_rlds_source_v1/images/episode_0063_step_0091.png","12304","ad8c52c45b8c15d48e8e1547303c3fbf6e33b9d48a658b24c0037bc87d8fd098"
"data/vla_bridge/widowx_mujoco_rlds_source_v1/images/episode_0063_step_0183.png","12444","5faaaa2cb9bbeabd06896521ffd8ecc889a4d0be0ba2bdccc941386493cbcfe7"
"data/vla_bridge/widowx_mujoco_rlds_source_v1/images/episode_0063_step_0274.png","12536","19ee42b81eba5ec4ae24272b3bf5186f67051cf4c6d2e97fd65237cb866bf069"
"data/vla_bridge/widowx_mujoco_rlds_source_v1/images/episode_0063_step_0366.png","12533","e50f1182380a649f7601af98e1fd06016454ea0ca1aa2ed50ca91cb18186a54d"
"data/vla_bridge/widowx_mujoco_rlds_source_v1/images/episode_0063_step_0457.png","12319","fd4cd12466f254d329c199dd8ad63fc7b38afeef60b21a47a84dd58299161d5c"
"data/vla_bridge/widowx_mujoco_rlds_source_v1/images/episode_0063_step_0549.png","12412","6d070229af093780ff53a1a2f3fae61effe9ad88d7d2dfced0d924db46323b23"
"data/vla_bridge/widowx_mujoco_rlds_source_v1/images/episode_0063_step_0641.png","12508","8491086c0b81356ee65001360c5171dc6547cc228044035fe9343a2df18297d2"
"data/vla_bridge/widowx_mujoco_rlds_source_v1/images/episode_0063_step_0732.png","12434","db62c0c159de712c739c788a7a5853eebe2fce1c18ec15285063c69ffd13ccd5"
"data/vla_bridge/widowx_mujoco_rlds_source_v1/images/episode_0063_step_0824.png","12490","417eaf1997407d63add9e5821e07e7322be3be183ec6eb884ffa7d69d19cf0fc"
"data/vla_bridge/widowx_mujoco_rlds_source_v1/images/episode_0063_step_0915.png","12519","31b4032ff0452d400bde137ad1d4b54ef50c789075f85c3d208abc164cbc9c0e"
"data/vla_bridge/widowx_mujoco_rlds_source_v1/images/episode_0063_step_1007.png","12491","bf6ba810ac7d0e8486a983dd3eccc2b1a6175d90b27fcdfe15490744cb78a111"
"data/vla_bridge/widowx_mujoco_rlds_source_v1/images/episode_0063_step_1098.png","12661","2592fee7d8e671564e2d953d0425cf6163dfa01b5e8b2b91347e6bc01603bfb6"
"data/vla_bridge/widowx_mujoco_rlds_source_v1/images/episode_0063_step_1190.png","12555","7e17bc0c5d90f67603e7347d1ed09bdab8dd1805a5c776fd1dd038833a61425c"
"data/vla_bridge/widowx_mujoco_rlds_source_v1/images/episode_0063_step_1282.png","12468","cb2aaf93336fcc3713f3c69f310816d8c7d4c7fc577ba374753b78c70967cf09"
"data/vla_bridge/widowx_mujoco_rlds_source_v1/images/episode_0063_step_1373.png","12510","67813de88595e4abad00d1c09307b4be9959f90a9caa160217f21f21b2798b00"
"data/vla_bridge/widowx_mujoco_rlds_source_v1/images/episode_0063_step_1465.png","12672","cd2e6b4b9b9ca060cfb422506bfffc84ea18934b3e512fadf8a17f9f8df5e77c"
"data/vla_bridge/widowx_mujoco_rlds_source_v1/images/episode_0063_step_1556.png","12737","f90e96b584f4d3430c8cbd4e396a7b413845b795fe0407319fa0f404243e4af9"
"data/vla_bridge/widowx_mujoco_rlds_source_v1/images/episode_0063_step_1648.png","13103","b966f6fb79bd119f38e4164ff99888cd71e5684a32a2dea0fb4e1975d9fadbfa"
"data/vla_bridge/widowx_mujoco_rlds_source_v1/images/episode_0063_step_1740.png","13386","10588beda5610c218e48f41e2d3aff688c106866856bb6f673b112c5284f365a"
"data/vla_bridge/widowx_mujoco_rlds_source_v1/images/episode_0063_step_1831.png","13780","c7ee8adefd0f1c9371f5f2dbed30a6002c039b62bda9487391b03063a4c5b49e"
"data/vla_bridge/widowx_mujoco_rlds_source_v1/images/episode_0063_step_1923.png","13879","3fca98ed7a55a2cd24b1f5fa08522e4df82bf4ab90272e2877ca6cf7fba754d9"
"data/vla_bridge/widowx_mujoco_rlds_source_v1/images/episode_0063_step_2014.png","13959","5c0727bed1678379092df0ae343ba9637a6bd370e1ae7508e7f0e3b102d73372"
"data/vla_bridge/widowx_mujoco_rlds_source_v1/images/episode_0063_step_2106.png","13879","613975d8aa7348c21dc075005753a6413e331ccc3f0dacdc89948099009cdadb"
"data/vla_bridge/widowx_mujoco_rlds_source_v1/images/episode_0063_step_2197.png","13778","f8e855238cbd28c67e27533cde954d0812ac38710448e5034aa91df52efb0ca4"
"data/vla_bridge/widowx_mujoco_rlds_source_v1/images/episode_0063_step_2289.png","13780","744d9847980554306740ef9e4cdc6ba95673cc50f51a5151de0fd4a6f62e4ba6"
"data/vla_bridge/widowx_mujoco_rlds_source_v1/images/episode_0063_step_2381.png","13663","4028e0fa874cafe69ad34f438d039c4685a941d178a815189556a82f283037f0"
"data/vla_bridge/widowx_mujoco_rlds_source_v1/images/episode_0063_step_2472.png","13762","96ad5869c9fd5fcb0df4ed17d984b74eef123b4810128082fab2a1de46a20490"
"data/vla_bridge/widowx_mujoco_rlds_source_v1/images/episode_0063_step_2564.png","13948","0be6c60a5759f98909e141a0fc25473447104ff26418cc0da193c46e324a1854"
"data/vla_bridge/widowx_mujoco_rlds_source_v1/images/episode_0063_step_2655.png","13822","c2ae942b510c77053945120638c3a28ebb285eb6f6c0c291deab120dc335d275"
"data/vla_bridge/widowx_mujoco_rlds_source_v1/images/episode_0063_step_2747.png","13945","9deb8fe8d4f7d8e1aac6320d4db2781db31d695849121070ed61ca171778b140"
"data/vla_bridge/widowx_mujoco_rlds_source_v1/images/episode_0063_step_2839.png","13946","ec2881319627993b81bad0a977b9fc156e415321dbce1062831403a0fa1d746f"
"data/vla_bridge/widowx_mujoco_rlds_source_v1/images/episode_0064_step_0000.png","12202","3639d0506d1d1e29f7ca2fc088ea8cfefa5b0a275ddc4d113a00418ac90c9445"
"data/vla_bridge/widowx_mujoco_rlds_source_v1/images/episode_0064_step_0091.png","12385","1ac917a5cfc59e035000682607d4e4f587f9384fe357a4d2f2000b6a71f5aa38"
"data/vla_bridge/widowx_mujoco_rlds_source_v1/images/episode_0064_step_0183.png","12664","ebd9daa6058432bff8b33f84214e99a600cb8a57265830a5e789319065a0b6e9"
"data/vla_bridge/widowx_mujoco_rlds_source_v1/images/episode_0064_step_0274.png","12610","0781fb8a8386b86ea231b595261623a6fc1f902aa913443309f99289ca2ed304"
"data/vla_bridge/widowx_mujoco_rlds_source_v1/images/episode_0064_step_0366.png","12666","6b0058f62bd233ab24002bd980e97354c93b6cba8613652b531ef5041d2dd3ea"
"data/vla_bridge/widowx_mujoco_rlds_source_v1/images/episode_0064_step_0457.png","12807","bc39d4b4f2889856c80c236244d630bc570779155ce2006e947d223bf7d8e17b"
"data/vla_bridge/widowx_mujoco_rlds_source_v1/images/episode_0064_step_0549.png","12852","4491fb4598bd910f3e5e53a3684a65c9224b396de47e4127b4f020f7b5d60bec"
"data/vla_bridge/widowx_mujoco_rlds_source_v1/images/episode_0064_step_0641.png","12882","e0c2775900f16db58a953ff67297cb74bb67652a8acb7b595873aae3a0ffdd1a"
"data/vla_bridge/widowx_mujoco_rlds_source_v1/images/episode_0064_step_0732.png","12994","3f985bd849b5b35659219e64716fa11bab17fe3b2323d49a8c24ee20cc4e8a37"
"data/vla_bridge/widowx_mujoco_rlds_source_v1/images/episode_0064_step_0824.png","12837","31530b99dd3140d239a42eaf670e783b021c9976b6a4179e28e9081eb143b126"
"data/vla_bridge/widowx_mujoco_rlds_source_v1/images/episode_0064_step_0915.png","12712","7431936681dc57837551d38c1f8e59358bef7f7ae18063d5497586c65443fd96"
"data/vla_bridge/widowx_mujoco_rlds_source_v1/images/episode_0064_step_1007.png","12636","849f4f604319db06ce770dbd5571b6089b3e5415e7d281dbfa47096215198037"
"data/vla_bridge/widowx_mujoco_rlds_source_v1/images/episode_0064_step_1098.png","12754","d792e973a40b3df65e63c071441f0c710d3e9041024d53df61066e99db882be0"
"data/vla_bridge/widowx_mujoco_rlds_source_v1/images/episode_0064_step_1190.png","12860","1b895ac464251ea0a5c2fdbd8edaa4769610e0543ab1702d1fe5b2bdc13ed4c7"
"data/vla_bridge/widowx_mujoco_rlds_source_v1/images/episode_0064_step_1282.png","12895","d355d6721e55a0add006fbc5f974ac24a7960b51f2aabd061aad330a83ea1c02"
"data/vla_bridge/widowx_mujoco_rlds_source_v1/images/episode_0064_step_1373.png","13054","9cb53c0ce662aa16c5dae3bf8a3bec1ad7b7dc97d1163629f0d2821f65bf7f5b"
"data/vla_bridge/widowx_mujoco_rlds_source_v1/images/episode_0064_step_1465.png","13187","4227594955af13c9fae75e067b022b5b513e300daa840f9b2be883804a7529bc"
"data/vla_bridge/widowx_mujoco_rlds_source_v1/images/episode_0064_step_1556.png","13365","0b34ecf681b57c95893dc61f4492a8671806be8e922c8931f4507569136d8b4d"
"data/vla_bridge/widowx_mujoco_rlds_source_v1/images/episode_0064_step_1648.png","13526","613ec23b3cf276d5459cdf084530082aa3db6f08b38103b6363551bc61b1316c"
"data/vla_bridge/widowx_mujoco_rlds_source_v1/images/episode_0064_step_1740.png","13808","ec0dc27c791f23e240a9a3dbb988ee6dbd4dc056e359c1e0296ec42a92d0da7a"
"data/vla_bridge/widowx_mujoco_rlds_source_v1/images/episode_0064_step_1831.png","14076","d17dda699aedf27a2000cb48be9d36d2bdb7f6da7cd51c5849384868e017a372"
"data/vla_bridge/widowx_mujoco_rlds_source_v1/images/episode_0064_step_1923.png","14078","9dc1dea7c4289855f35ed88ec0980647a3cd9aafbe802def81aa49e42d818879"
"data/vla_bridge/widowx_mujoco_rlds_source_v1/images/episode_0064_step_2014.png","14149","b90eeab94d79c52c0ca782fed758920cd961dc67b88a6c48b54d4baf19365e22"
"data/vla_bridge/widowx_mujoco_rlds_source_v1/images/episode_0064_step_2106.png","13979","81fee3bf9e0d1b5a801505c41b38d26fb1add2915aaab7602cfd49bb214b7ec5"
"data/vla_bridge/widowx_mujoco_rlds_source_v1/images/episode_0064_step_2197.png","13820","01748414210bbd786f894ff3dd7cd1c0c62a0d75415ceb6a7d82f0a444b2649e"
"data/vla_bridge/widowx_mujoco_rlds_source_v1/images/episode_0064_step_2289.png","13833","87dff7361896c70a570fb25b4a573021b8c9e102fd32d03c19cb0e7d4a6921e7"
"data/vla_bridge/widowx_mujoco_rlds_source_v1/images/episode_0064_step_2381.png","13850","158ded77a889c6457e42fe5fda3dd4d82bc70dc4a1c670d2b9e9cef3093e44fa"
"data/vla_bridge/widowx_mujoco_rlds_source_v1/images/episode_0064_step_2472.png","13926","5f88dbb26fc9c7aa6ab57d6a9657c86e185ee2cd9e0f2fea4705470b15212afd"
"data/vla_bridge/widowx_mujoco_rlds_source_v1/images/episode_0064_step_2564.png","13994","28763c48f899d0b56b887dd2c50d08f0ade7ac4313c81bc33b55278f641e59ad"
"data/vla_bridge/widowx_mujoco_rlds_source_v1/images/episode_0064_step_2655.png","13919","671671a63d54fb9af16d1bdae224b2acb685f55d513cc883e454c432b653f431"
"data/vla_bridge/widowx_mujoco_rlds_source_v1/images/episode_0064_step_2747.png","14075","c3007039ae8c01d14e72928647d033ca2d5f901d076983b6664e3453c50c454a"
"data/vla_bridge/widowx_mujoco_rlds_source_v1/images/episode_0064_step_2839.png","14045","07a9b2d3800bf17ae86338c94c7c31ee51714cc3d9578346bfb35442ca46d098"
"data/vla_bridge/widowx_mujoco_rlds_source_v1/images/episode_0065_step_0000.png","12165","460ac711673d9e82f0832189686dc6437a3d729e618d3cd543d75abed639f061"
"data/vla_bridge/widowx_mujoco_rlds_source_v1/images/episode_0065_step_0091.png","12430","8aa926af8f941434526af32133bbed9d7a4bf2e486eb7daf7173175ce4b3fb7e"
"data/vla_bridge/widowx_mujoco_rlds_source_v1/images/episode_0065_step_0183.png","12673","8ced986ee2165a2b43fa6958757c1d3d322ad9554587e1ef96944297d87e3593"
"data/vla_bridge/widowx_mujoco_rlds_source_v1/images/episode_0065_step_0274.png","12771","5803f1b2dea5b8eb2c98e53a45154bc3ef8e8ccbb1f0f1026e1778ac80e411c3"
"data/vla_bridge/widowx_mujoco_rlds_source_v1/images/episode_0065_step_0366.png","12677","4a44200a654844fde218da5cde313c96bba5edb3ae24e700d3cc0c383ef86401"
"data/vla_bridge/widowx_mujoco_rlds_source_v1/images/episode_0065_step_0457.png","12816","a7463848a4a02beb09d3bdeed9744ec83a34eb61088917da3d2f700aac9576bd"
"data/vla_bridge/widowx_mujoco_rlds_source_v1/images/episode_0065_step_0549.png","12753","ca6d54fce6c158492f7c6d7e41fa0744d2a66bb1e1a90c9f83bf69a907758470"
"data/vla_bridge/widowx_mujoco_rlds_source_v1/images/episode_0065_step_0641.png","12805","e33ef2569fdedd19c1a924c97cdbd26303ee4b0ae797118269103fff01ac92d6"
"data/vla_bridge/widowx_mujoco_rlds_source_v1/images/episode_0065_step_0732.png","12759","947b71e791d58a4975bf9c7f36bcd62b172473bbf7fa7ee2490c92671e5bac8c"
"data/vla_bridge/widowx_mujoco_rlds_source_v1/images/episode_0065_step_0824.png","12801","98fe4b1fc1e1daf4cb043cb823e1b8a08e44bfc736bbb74307323aaee75caaa9"
"data/vla_bridge/widowx_mujoco_rlds_source_v1/images/episode_0065_step_0915.png","12704","923496f231c38a9aa66b25eba70fc990c9115bd86c8ae8039da0c359c52ab3e9"
"data/vla_bridge/widowx_mujoco_rlds_source_v1/images/episode_0065_step_1007.png","12817","26f79428af266f305ed79ceaa43c94b1fc3bce08f2c6b1433d5049e8d932927d"
"data/vla_bridge/widowx_mujoco_rlds_source_v1/images/episode_0065_step_1098.png","12884","225aeeb25b9e37aea9f5dd5f059e62414cdf7f40a6f3f3507c633e752634b1d8"
"data/vla_bridge/widowx_mujoco_rlds_source_v1/images/episode_0065_step_1190.png","12918","bc2140933743d9f067f3bade5138166f49903500dca20bed151c241ad5f0255d"
"data/vla_bridge/widowx_mujoco_rlds_source_v1/images/episode_0065_step_1282.png","12650","eb5d20d159b107d71f1ba4c555f4a81389c9969c10050e615fcaa01ab671080c"
"data/vla_bridge/widowx_mujoco_rlds_source_v1/images/episode_0065_step_1373.png","12404","d62db7ab8ce870684213a5f32e77930321bb8c0cd71279848aead6222a223046"
"data/vla_bridge/widowx_mujoco_rlds_source_v1/images/episode_0065_step_1465.png","12361","5a91dd63f15a2432dffd38df26b1efa13c7d643262e3bd5715b66bf671e7fb2c"
"data/vla_bridge/widowx_mujoco_rlds_source_v1/images/episode_0065_step_1556.png","12671","0327ab96694f427fae9382aa0d468f24df1fb46d217a8a423f851fdd24f6877e"
"data/vla_bridge/widowx_mujoco_rlds_source_v1/images/episode_0065_step_1648.png","13110","01672e2eb1a1e2fdcd7046e67a4a6658fc37c22034c8b414c048dcf71e51fd28"
"data/vla_bridge/widowx_mujoco_rlds_source_v1/images/episode_0065_step_1740.png","13474","bbe6b8774ce96590b6efbc9335627d9d2a7bdd0ef83eabca0218355a56da73a3"
"data/vla_bridge/widowx_mujoco_rlds_source_v1/images/episode_0065_step_1831.png","13872","f4a9b30e1d80868ed82a798708cc28c2247360ae15afa558d41a7fa7c5b37ff6"
"data/vla_bridge/widowx_mujoco_rlds_source_v1/images/episode_0065_step_1923.png","13889","adb9ed972358b103c366a7823644f6b0710a86e6bd0e1d621c98726bd2db0939"
"data/vla_bridge/widowx_mujoco_rlds_source_v1/images/episode_0065_step_2014.png","14055","fe1e59adfd8175c0b285ea0f4050a0eccdfe577c64ee21251a7ee8f06602058b"
"data/vla_bridge/widowx_mujoco_rlds_source_v1/images/episode_0065_step_2106.png","13844","75a4d94f5ef0a615cd05baa5bec836b2716fb0e2da62eb15c1fdd55cb9cb02d6"
"data/vla_bridge/widowx_mujoco_rlds_source_v1/images/episode_0065_step_2197.png","13728","1f2291fc9fa867d42af10b41d15aa4127e102504a0efb8d1a5fd5cae8491ae8f"
"data/vla_bridge/widowx_mujoco_rlds_source_v1/images/episode_0065_step_2289.png","13713","153afefdb7b2b243f41ca63721c97e7e8667c7dc533a6c969811bac8f3555d3c"
"data/vla_bridge/widowx_mujoco_rlds_source_v1/images/episode_0065_step_2381.png","13728","705d91753fc6e1e3442d30eed5f427b87ce75cda32f8b35927c913199b19b12c"
"data/vla_bridge/widowx_mujoco_rlds_source_v1/images/episode_0065_step_2472.png","13737","240cf932bdbf6437e9585b59be427444e4fd1b81f0a201d1afe4d394f9f04f0f"
"data/vla_bridge/widowx_mujoco_rlds_source_v1/images/episode_0065_step_2564.png","14015","3981ff3fff9eb320ed1edcaf9301c2f3dfb4114fd667acf21bff778b58e13c6f"
"data/vla_bridge/widowx_mujoco_rlds_source_v1/images/episode_0065_step_2655.png","13894","1954ad0ad32eaec841067187485e756bae8d3219a096db34771c26f6f4239324"
"data/vla_bridge/widowx_mujoco_rlds_source_v1/images/episode_0065_step_2747.png","13935","00c9e6846dcdade5563e8afb0c5647ccfaf05c53fddc058e9931974b9bb1745d"
"data/vla_bridge/widowx_mujoco_rlds_source_v1/images/episode_0065_step_2839.png","14026","8c5c4aeb77ad3cf80d7b215c523f8772c7fa3873e150ba4ff93cc43ec048640d"
"data/vla_bridge/widowx_mujoco_rlds_source_v1/images/episode_0066_step_0000.png","12122","fc7674ad7184bd1a9eaf360282c8d855db86cdc723f83d4e473c20a0d8805714"
"data/vla_bridge/widowx_mujoco_rlds_source_v1/images/episode_0066_step_0091.png","12429","ce0cd926620025a7f289972921c8ccca7504fa7e0ca410fca19a0b5f9c9df4d1"
"data/vla_bridge/widowx_mujoco_rlds_source_v1/images/episode_0066_step_0183.png","12453","f72b88ed78040fbda9d74f430a02839ca89d280e7dffc4eac05cd4de6f4d548d"
"data/vla_bridge/widowx_mujoco_rlds_source_v1/images/episode_0066_step_0274.png","12608","18427b0312ab6c4b04cbce8e11911d9beec0142032780a9295123087ab238bb9"
"data/vla_bridge/widowx_mujoco_rlds_source_v1/images/episode_0066_step_0366.png","12674","5f58feb7044248e303666dbd13c0fd744047bfc976993f481025d04823eed38e"
"data/vla_bridge/widowx_mujoco_rlds_source_v1/images/episode_0066_step_0457.png","12643","04a771a0b9263d026aa3dc3e6fa55818e1e36bbd6124c1df61fdf03338b9dcb1"
"data/vla_bridge/widowx_mujoco_rlds_source_v1/images/episode_0066_step_0549.png","12657","fb1d0af92fc1b16d26c8b0e6cbe8121e8d883c0695e2e79091a5ee937dc6fd11"
"data/vla_bridge/widowx_mujoco_rlds_source_v1/images/episode_0066_step_0641.png","12679","4f76f0bf2e498e57e46d0883750785691b2d022024ccf8918295ee797910ed64"
"data/vla_bridge/widowx_mujoco_rlds_source_v1/images/episode_0066_step_0732.png","12630","7b8e5b9433ffb1296722b0b17a0aaee8b451f17a231b10f76b4fc80df8b1e487"
"data/vla_bridge/widowx_mujoco_rlds_source_v1/images/episode_0066_step_0824.png","12591","6d483e5dc9185df80cd1d2217872fdd738037d76484e6c5c51b3182d762208c2"
"data/vla_bridge/widowx_mujoco_rlds_source_v1/images/episode_0066_step_0915.png","12760","e94b3d11efaa48ea83b9b41c10f01b01bf2f0be5b5110e918203338e121e1aeb"
"data/vla_bridge/widowx_mujoco_rlds_source_v1/images/episode_0066_step_1007.png","12513","586b776e2e29647acacfdcfa467efafb5923d467f7c17173c905cce220e79ee7"
"data/vla_bridge/widowx_mujoco_rlds_source_v1/images/episode_0066_step_1098.png","12704","aac157bc6c5cfe7ac72c8b29ba8fc90260ffae3b0186a45c9232c8130210f867"
"data/vla_bridge/widowx_mujoco_rlds_source_v1/images/episode_0066_step_1190.png","12598","95d9c9d68465855b210b30e74cdf854e53caaec4153178ed2b2af258c1fe9223"
"data/vla_bridge/widowx_mujoco_rlds_source_v1/images/episode_0066_step_1282.png","12426","6cba51a13da213ef85c45b4e8288f5a8c428a253ed843ac0fced03698118b574"
"data/vla_bridge/widowx_mujoco_rlds_source_v1/images/episode_0066_step_1373.png","12351","cf0aa2ce2d75f488e8263c739e9e3dcf88af26f2f70ec7e996e73bd4d328c25f"
"data/vla_bridge/widowx_mujoco_rlds_source_v1/images/episode_0066_step_1465.png","12591","95e167bfd4e2bf56151cabf45c1bebcb8ba7d43ff216c03f348edf05d3e54eec"
"data/vla_bridge/widowx_mujoco_rlds_source_v1/images/episode_0066_step_1556.png","12793","0eef418aaf494316be3bad703e280bd11aca92097490c8a014d9e6e00f793e75"
"data/vla_bridge/widowx_mujoco_rlds_source_v1/images/episode_0066_step_1648.png","13219","738a5eb3366c2d36b4ebd6d3c7869be1267348520a00aaeb899bbf070a6328e3"
"data/vla_bridge/widowx_mujoco_rlds_source_v1/images/episode_0066_step_1740.png","13429","610251ef64fb169a8ad15cc6f8f57cfcedb7539958204f260fd35d5e5837cd84"
"data/vla_bridge/widowx_mujoco_rlds_source_v1/images/episode_0066_step_1831.png","14010","93d7eaf4c350e04697fdf87eb6f275665614e3528da3b8a7a0d2cf27dfb5ff8a"
"data/vla_bridge/widowx_mujoco_rlds_source_v1/images/episode_0066_step_1923.png","13926","d20f528d06ac49528c9783d128e54880a8485b8eef34a48615f0bda502acecd8"
"data/vla_bridge/widowx_mujoco_rlds_source_v1/images/episode_0066_step_2014.png","13994","6f83dc4c2a2f9a22f3e6026e29826133c141ae491ea21ca970e9f0a755d48080"
"data/vla_bridge/widowx_mujoco_rlds_source_v1/images/episode_0066_step_2106.png","13945","57a73c9cdafea316a7275bf12c35d61e5c4bb553797ec16a77af3be406edf13b"
"data/vla_bridge/widowx_mujoco_rlds_source_v1/images/episode_0066_step_2197.png","13752","37f6c041808c8d649dd9c0501e3e12c87dd91c37e2a31dd75cf17478023ff364"
"data/vla_bridge/widowx_mujoco_rlds_source_v1/images/episode_0066_step_2289.png","13805","b74032e976670e3224e2d580d92dc2bdecf87a0bf6db64e15d0acce6a603b1cf"
"data/vla_bridge/widowx_mujoco_rlds_source_v1/images/episode_0066_step_2381.png","13815","307d37169ca50b4d6324e0c350e51781d334fcef5c481e25d7410de85b76a72e"
"data/vla_bridge/widowx_mujoco_rlds_source_v1/images/episode_0066_step_2472.png","13900","78b198e384e2143572f4419f690f754d7257f1cf0feb2f7949c2725a4692189b"
"data/vla_bridge/widowx_mujoco_rlds_source_v1/images/episode_0066_step_2564.png","14045","346b658c502267831b6378cc51560175de20b958d23b7daf01589f2ec1886eca"
"data/vla_bridge/widowx_mujoco_rlds_source_v1/images/episode_0066_step_2655.png","13879","345ac9dfc68befafe127267e37c91d09851fa5456039134d0a7982f68ae2ce7a"
"data/vla_bridge/widowx_mujoco_rlds_source_v1/images/episode_0066_step_2747.png","14019","13cb41391489a242c3085a78208c712e7f33735cbd417e43c4c6f880fdfd4693"
"data/vla_bridge/widowx_mujoco_rlds_source_v1/images/episode_0066_step_2839.png","14062","9a62171ac07bf471fd77f30e295e0abe24991487b4ae673a13393b03ed9cdf93"
"data/vla_bridge/widowx_mujoco_rlds_source_v1/images/episode_0067_step_0000.png","12134","4db7f22d172d3f3a753abec70688d71390332ca195e262bd6f4060ec71abad25"
"data/vla_bridge/widowx_mujoco_rlds_source_v1/images/episode_0067_step_0091.png","12562","3feb47f6aab231a896ef3acd904ffd40e266445f9c82716e07958f612ed2a091"
"data/vla_bridge/widowx_mujoco_rlds_source_v1/images/episode_0067_step_0183.png","12742","361b2d80f88f9faec3e0467bafcfd574a6fc3a3a99ca3ce752be10a85b2d8d09"
"data/vla_bridge/widowx_mujoco_rlds_source_v1/images/episode_0067_step_0274.png","12795","225def3a0ecf6a0f9e8771885fab81d3b745b32d32497e1376f8e645100a79d5"
"data/vla_bridge/widowx_mujoco_rlds_source_v1/images/episode_0067_step_0366.png","12847","2e58f79a831b96899c8b0f467078dc2a0be34d9c95e69e8fc960952e2dd1f5d8"
"data/vla_bridge/widowx_mujoco_rlds_source_v1/images/episode_0067_step_0457.png","12873","a95b92ae0bd816f97e05937227d88b72f600ee41d142d812c8e47a30a8e22a94"
"data/vla_bridge/widowx_mujoco_rlds_source_v1/images/episode_0067_step_0549.png","12923","ce6c485cdc3bf702a608be4d728027576cb4e5faf7efa8915fc4c746c2cadb17"
"data/vla_bridge/widowx_mujoco_rlds_source_v1/images/episode_0067_step_0641.png","12846","b7c042d14671aed72c10eced4e0a868032d472e9e577d54ead2c5d339c6f2146"
"data/vla_bridge/widowx_mujoco_rlds_source_v1/images/episode_0067_step_0732.png","12888","dc1410318915b7881069ba5c82db436e613d4cdd7b1ed1455be8cc296b5ec173"
"data/vla_bridge/widowx_mujoco_rlds_source_v1/images/episode_0067_step_0824.png","12793","a0579066a209200762e2ba552c25adb9f0e11f1a86b4904eb51c0f8af40e4f0e"
"data/vla_bridge/widowx_mujoco_rlds_source_v1/images/episode_0067_step_0915.png","12895","f59e6a25ea12d74d6bdcc91092bad30f21a356bbaeaff83dc7de22d7a05f8bd6"
"data/vla_bridge/widowx_mujoco_rlds_source_v1/images/episode_0067_step_1007.png","12955","e3e054ff3a1c9f2319b621df24d60f94a2cfccc0dcc6bb8b7ea975178a90996e"
"data/vla_bridge/widowx_mujoco_rlds_source_v1/images/episode_0067_step_1098.png","12930","f0f9a7b48dd37eb2a56efe8f9e2b2794136a5e14a66ef1c6c79c43496635318a"
"data/vla_bridge/widowx_mujoco_rlds_source_v1/images/episode_0067_step_1190.png","12942","e97edeb6fac53f1f8e5a7836daadde527efc4de68082e364bb8df515f0feff4e"
"data/vla_bridge/widowx_mujoco_rlds_source_v1/images/episode_0067_step_1282.png","12655","0ad0d0467ce75ee05453e78bf4292c27bfe13cb674fbadf33237175fa63815e7"
"data/vla_bridge/widowx_mujoco_rlds_source_v1/images/episode_0067_step_1373.png","12448","30ec5b9595075722a61dca8b80ff113a70d47e6554058c329c76cbcdc12bb742"
"data/vla_bridge/widowx_mujoco_rlds_source_v1/images/episode_0067_step_1465.png","12491","a1ce63bcee6cab29ba6cae649d5dbd1d390c091790ee4d05cc172ef7ee77d5c2"
"data/vla_bridge/widowx_mujoco_rlds_source_v1/images/episode_0067_step_1556.png","12959","9b67e597777cd023a594beee77a9a8ddc8e2195fdd6473e3cd3097b5ddd647d1"
"data/vla_bridge/widowx_mujoco_rlds_source_v1/images/episode_0067_step_1648.png","13127","c5ee49abea28716598311b3497ea6e270017becfd31077141dc46be81c05bbe9"
"data/vla_bridge/widowx_mujoco_rlds_source_v1/images/episode_0067_step_1740.png","13555","d177eece43f3508a5b87b2785c68bb0afc986a952c9a94cb7db6451226e19adc"
"data/vla_bridge/widowx_mujoco_rlds_source_v1/images/episode_0067_step_1831.png","13999","094dae4a57d5b8315263dc10b05b421d8f66d27f6de093ee0cfaa676e6141ead"
"data/vla_bridge/widowx_mujoco_rlds_source_v1/images/episode_0067_step_1923.png","14052","d734ed0f1444ee9d1c0b9d558cb68c42b228af9d97e6c7073d50b3ade9e09a2d"
"data/vla_bridge/widowx_mujoco_rlds_source_v1/images/episode_0067_step_2014.png","14031","a51ebbae894c44cf75cb12bcd81891950805b06f895a223eb3d1b8d7ef4a2fd9"
"data/vla_bridge/widowx_mujoco_rlds_source_v1/images/episode_0067_step_2106.png","13889","fd07d791552db19e39a78b4d782f358fdccfbd34a95a7d4159a563fa0c7e6aeb"
"data/vla_bridge/widowx_mujoco_rlds_source_v1/images/episode_0067_step_2197.png","13649","2fcc91c08ce5db472a214d05f04ce62ec274165375166ebf8ea3b67696ddb0ba"
"data/vla_bridge/widowx_mujoco_rlds_source_v1/images/episode_0067_step_2289.png","13756","57c938e0967dcdbb64f57b7a70d5c46298e994076795ab908b1eeb180e8ba1c2"
"data/vla_bridge/widowx_mujoco_rlds_source_v1/images/episode_0067_step_2381.png","13852","a3e2ab0b6860ff361cacb3f7581c15af9541308f1530b831e900957b049eae17"
"data/vla_bridge/widowx_mujoco_rlds_source_v1/images/episode_0067_step_2472.png","13856","7222526d5aaa2664c2d596418957c103bad2b5cc999c53087fe879999b9bbeb2"
"data/vla_bridge/widowx_mujoco_rlds_source_v1/images/episode_0067_step_2564.png","14025","9d02e0410884b2759343807571d9beae117d8f7373000dc0097d374227d10b88"
"data/vla_bridge/widowx_mujoco_rlds_source_v1/images/episode_0067_step_2655.png","13790","c21f12c2805c969f63aacc70c1a7895108deec99cd3810ed258d1799ec02c890"
"data/vla_bridge/widowx_mujoco_rlds_source_v1/images/episode_0067_step_2747.png","14027","e731dc5851f8ac4bb7e96375271ffab5ef34218ae129fc2350d23ba1882d8bd2"
"data/vla_bridge/widowx_mujoco_rlds_source_v1/images/episode_0067_step_2839.png","14082","2d9d53887ee0acf7cac5638709f28d22fafa3a65b7dc52f4a91b2838741e984b"
"data/vla_bridge/widowx_mujoco_rlds_source_v1/images/episode_0068_step_0000.png","12139","d14aabe7da1e8a5bbeea344469d84c486e8416632729e72c5e52fbece7f17c7e"
"data/vla_bridge/widowx_mujoco_rlds_source_v1/images/episode_0068_step_0091.png","12380","11c13df3a00aeb9044ce85c6899b73872c81a19c6a66f4bd7de9a43220251eec"
"data/vla_bridge/widowx_mujoco_rlds_source_v1/images/episode_0068_step_0183.png","12504","9afb58fbdbe97c097fe8bd1aae3a0a422c1cd77fcaf428c003ea90ae4155f1ee"
"data/vla_bridge/widowx_mujoco_rlds_source_v1/images/episode_0068_step_0274.png","12505","ad5df3df246d5d5a6d67cda2b64008be3a3f85585171daba2d92ddc9b484eb39"
"data/vla_bridge/widowx_mujoco_rlds_source_v1/images/episode_0068_step_0366.png","12353","569d340145a67f55fab0c2e519a48e10a4e51ec855760d97d7648ffa15c24a2d"
"data/vla_bridge/widowx_mujoco_rlds_source_v1/images/episode_0068_step_0457.png","12420","8fd0d1a9865f9e38bc22ad6004133c8ff83b022082a9c149ea81e408c211fe92"
"data/vla_bridge/widowx_mujoco_rlds_source_v1/images/episode_0068_step_0549.png","12445","f68bb4b8ee453f0248a5f7da5c77295c5a02c661cd8a458051a7a909fba4e1e5"
"data/vla_bridge/widowx_mujoco_rlds_source_v1/images/episode_0068_step_0641.png","12487","ab87c3e695352d58009dee80a96e7e72ae3859ee9cd8ac8c04cd81198005dd4e"
"data/vla_bridge/widowx_mujoco_rlds_source_v1/images/episode_0068_step_0732.png","12413","68b966ac635031b834a91ea2adc62d6bf3e03108cf727c2e0e61e46a67f72e84"
"data/vla_bridge/widowx_mujoco_rlds_source_v1/images/episode_0068_step_0824.png","12430","14d06300c262a80b39c452eec37334c44c3ac944556f4a19f0c0c9bd998587e1"
"data/vla_bridge/widowx_mujoco_rlds_source_v1/images/episode_0068_step_0915.png","12477","4f1d72ebba3433817aceaff0825f2e088b151a62b1c315b872db031bd65ab9af"
"data/vla_bridge/widowx_mujoco_rlds_source_v1/images/episode_0068_step_1007.png","12497","afe816cc058ff888cb3bbb56d9ba9928651e8ca09903ead0144b66d571e62dd1"
"data/vla_bridge/widowx_mujoco_rlds_source_v1/images/episode_0068_step_1098.png","12606","c075e93c196f04892f730c2e5c667d5149f2794c70bd07b320e4e566f59f41e7"
"data/vla_bridge/widowx_mujoco_rlds_source_v1/images/episode_0068_step_1190.png","12734","d6e04fb0818fb2508b04491856267abc1ee3549178ae5ebbfc82c61e18e86f3b"
"data/vla_bridge/widowx_mujoco_rlds_source_v1/images/episode_0068_step_1282.png","12770","af0e9d2487fc2f3b48647713b82d9a8b43037f5f7a85ac3e5da2e9dac8d1bcc7"
"data/vla_bridge/widowx_mujoco_rlds_source_v1/images/episode_0068_step_1373.png","12909","e31f62be4e269a8ca0fd5333d84002a58f59a26c666b6f84e7f9ef9a5609ba5f"
"data/vla_bridge/widowx_mujoco_rlds_source_v1/images/episode_0068_step_1465.png","12954","016467a29b842644839f5a6e7b94d170c2835e30ae35e1e0d726016559383cc4"
"data/vla_bridge/widowx_mujoco_rlds_source_v1/images/episode_0068_step_1556.png","13163","ac525c64a62546114958d17592a93d8be6318333f2e711bc64ffd25bd0854b9f"
"data/vla_bridge/widowx_mujoco_rlds_source_v1/images/episode_0068_step_1648.png","13369","ba7eb4b1874cfdfcc34fbb0104e4baa0ae26e8e7e77048d60ccddcc3f582e3f8"
"data/vla_bridge/widowx_mujoco_rlds_source_v1/images/episode_0068_step_1740.png","13788","4b6253b5c50dbe47745728a1faefe24d7fa776bba3a22d2af4b9a2e7601bd484"
"data/vla_bridge/widowx_mujoco_rlds_source_v1/images/episode_0068_step_1831.png","13997","637fef4c32b2828f1149ee39b454f5f28e745491bd843bedfdf26fc37905b063"
"data/vla_bridge/widowx_mujoco_rlds_source_v1/images/episode_0068_step_1923.png","13954","489cef6ae42c17a926c8a64630872816a446b8acc3664ea286316295724bbf1b"
"data/vla_bridge/widowx_mujoco_rlds_source_v1/images/episode_0068_step_2014.png","14038","281d08283e02f48342403c0276a1d9259ea9f26aff7e911800c37318370f020c"
"data/vla_bridge/widowx_mujoco_rlds_source_v1/images/episode_0068_step_2106.png","13945","26c6a678d7ee250537202350d5b864dae32c88166c9cbc95c4e7417c755dc933"
"data/vla_bridge/widowx_mujoco_rlds_source_v1/images/episode_0068_step_2197.png","13728","565538a6fcac0527ac8804f9bc42d4613feb20d4f9b635c4c6d2dd501fd45caa"
"data/vla_bridge/widowx_mujoco_rlds_source_v1/images/episode_0068_step_2289.png","13722","1cd73de5c680f173565f840e4904788e73891a26fa4b020838135b392dc29950"
"data/vla_bridge/widowx_mujoco_rlds_source_v1/images/episode_0068_step_2381.png","13719","cc744104261f83a51b7ebfa981a42324bac27f12f9f40488e4bb7943c4910c58"
"data/vla_bridge/widowx_mujoco_rlds_source_v1/images/episode_0068_step_2472.png","13880","af3cc7d4a93390b1f766ff98dc6ab85c682a4f9e75de594793cafac31c43ff2d"
"data/vla_bridge/widowx_mujoco_rlds_source_v1/images/episode_0068_step_2564.png","13979","eea9f9802e07d615834f6c1975af74bdf366281bfe6fd39c1f3c5f7d330d7809"
"data/vla_bridge/widowx_mujoco_rlds_source_v1/images/episode_0068_step_2655.png","13865","4d066b18455f6b743e3080249df3d7bc0421d5cf7e14e9d64d49e5aadb40bfba"
"data/vla_bridge/widowx_mujoco_rlds_source_v1/images/episode_0068_step_2747.png","14043","60c1fd7bfd8ba7a3a6973b759b02f158d6e6ae0ea26a76162c095fc188264ce7"
"data/vla_bridge/widowx_mujoco_rlds_source_v1/images/episode_0068_step_2839.png","14010","8f8c7d9f697e1af3e2642b932a18031c01b0d7407b84fd8dec7086185d935570"
"data/vla_bridge/widowx_mujoco_rlds_source_v1/images/episode_0069_step_0000.png","12172","dbca569fb6221be82c767262c9ab8ddedc818c4223b55e13de3d1c8abb99af17"
"data/vla_bridge/widowx_mujoco_rlds_source_v1/images/episode_0069_step_0091.png","12495","89db13486779d196ccb55bce507d127c5dfe0670cd312155658790d1603950b9"
"data/vla_bridge/widowx_mujoco_rlds_source_v1/images/episode_0069_step_0183.png","12729","6b457b41f2482c66cafa37714891a2319da49c1ccb3816b7b47b7f3154d57830"
"data/vla_bridge/widowx_mujoco_rlds_source_v1/images/episode_0069_step_0274.png","12773","1a8ab0f2dccf6688f401f69a876d22af8a7f7f4d10e1f6fff560a758c26a3a9c"
"data/vla_bridge/widowx_mujoco_rlds_source_v1/images/episode_0069_step_0366.png","12665","7b9829269b42417d5685fea583d80a940ec47272498d48764bc66d9815c10b22"
"data/vla_bridge/widowx_mujoco_rlds_source_v1/images/episode_0069_step_0457.png","12646","541732bb7112294833aa4bb58374f279d4a1ade9676ba6fcae4746d72d21f4f7"
"data/vla_bridge/widowx_mujoco_rlds_source_v1/images/episode_0069_step_0549.png","12670","fd0b05fba762a73ecf954c85fc9189d6f12fe53ea03b808349a315828098fe3a"
"data/vla_bridge/widowx_mujoco_rlds_source_v1/images/episode_0069_step_0641.png","12739","9cd2ca00e8e6eedac65ec4fceb4939a1103634c88af3ff6135782a990cf804b2"
"data/vla_bridge/widowx_mujoco_rlds_source_v1/images/episode_0069_step_0732.png","12705","18a0e68f49f4fabbbcf720b5cc345c12fcb5f6140b7fe1d30a3768ec9030542f"
"data/vla_bridge/widowx_mujoco_rlds_source_v1/images/episode_0069_step_0824.png","12681","dc973f3467f936c1fa37778b3ffdcaf0d2ddfaae0c714f652a57d7cf0370aac7"
"data/vla_bridge/widowx_mujoco_rlds_source_v1/images/episode_0069_step_0915.png","12736","b5d8db497d67e4e61df1e2b58031b9c55c95bb3a525ff6ef5228809be798128c"
"data/vla_bridge/widowx_mujoco_rlds_source_v1/images/episode_0069_step_1007.png","12855","f4c12036cc9b9361a6704c0021851306233a05bd852bb515e51452f25ad20f2a"
"data/vla_bridge/widowx_mujoco_rlds_source_v1/images/episode_0069_step_1098.png","12835","8a4c5ef1ccecdc357cf62002113d0cbc43a02ec0f53dbec3d056ff5a96c8cd56"
"data/vla_bridge/widowx_mujoco_rlds_source_v1/images/episode_0069_step_1190.png","12870","18e1fc22d5d59630cd51f624c59a553f57dbcfba6292398d62047fbc5b8e83f7"
"data/vla_bridge/widowx_mujoco_rlds_source_v1/images/episode_0069_step_1282.png","12696","7872d7660495f9172c6a0cd327ed0ddb00c9eb61a174ccd544eb936facd8c322"
"data/vla_bridge/widowx_mujoco_rlds_source_v1/images/episode_0069_step_1373.png","12570","c14bbd98c8199f034ec98cb7865b74a448e18e70dbb76f501127b496bf47bff0"
"data/vla_bridge/widowx_mujoco_rlds_source_v1/images/episode_0069_step_1465.png","12526","af2b85c8b9246b4e0c1b5a90e7f877b37c05f232eb1839547da8a7bf00506fa7"
"data/vla_bridge/widowx_mujoco_rlds_source_v1/images/episode_0069_step_1556.png","12766","e91d0535bc6b36d899ae325d4733d3cd16214f2775cdd2e4a8ad4fc422d7a35b"
"data/vla_bridge/widowx_mujoco_rlds_source_v1/images/episode_0069_step_1648.png","13081","a6923a047afec687a170d4e8598f177ed6fa21cac3805182eea25c24c89c93ab"
"data/vla_bridge/widowx_mujoco_rlds_source_v1/images/episode_0069_step_1740.png","13395","03c71d02c20e5f6b8b42d2e270a971f4aaf0763f585957ec669c06ae4276097d"
"data/vla_bridge/widowx_mujoco_rlds_source_v1/images/episode_0069_step_1831.png","13920","d9b81b43bc9596e4c91479eb9a8f9b38e617a980712965e79bebcc5154e07bd1"
"data/vla_bridge/widowx_mujoco_rlds_source_v1/images/episode_0069_step_1923.png","13993","6f1428fefde16c9a828de48f1b24d235627c4c86debab0c6d617bdf89203fb97"
"data/vla_bridge/widowx_mujoco_rlds_source_v1/images/episode_0069_step_2014.png","14013","8bde49e57e7aad72b7f9c8f77876ba790345ba85f7bd115bf40c3edb05f6da69"
"data/vla_bridge/widowx_mujoco_rlds_source_v1/images/episode_0069_step_2106.png","13965","38416dd7791c1f957e7a6c10873402e5c37f25975bb6fc133fdac999b82c1ee1"
"data/vla_bridge/widowx_mujoco_rlds_source_v1/images/episode_0069_step_2197.png","13918","e3156a2a333e16231597abbc5e90d30f6636f35c1c360eed8c89759b6def3b28"
"data/vla_bridge/widowx_mujoco_rlds_source_v1/images/episode_0069_step_2289.png","13959","2ca3a2b5ee8bcaaad5cb5b1ff27700d798e5e4ade22ceedf4d11f9e2b16ec565"
"data/vla_bridge/widowx_mujoco_rlds_source_v1/images/episode_0069_step_2381.png","13848","fc44d632239b0b11463ee6eb2c3dc72ab4a632ef8abdcecbb135f4ef27ee1aad"
"data/vla_bridge/widowx_mujoco_rlds_source_v1/images/episode_0069_step_2472.png","13840","8a78a808daaa7282502b9eb338eb2fcb6005ff4053f55527d41adf5fcf3aa503"
"data/vla_bridge/widowx_mujoco_rlds_source_v1/images/episode_0069_step_2564.png","13998","b3468ad66fe9aa1f177e98f0aeeb74867e187c58acaf127d6f201f7154cdf158"
"data/vla_bridge/widowx_mujoco_rlds_source_v1/images/episode_0069_step_2655.png","14020","8d892fb49f13c0d227ca4bfe2ba7538738c8e7cfd32e53af0c88964c5ec0e7f4"
"data/vla_bridge/widowx_mujoco_rlds_source_v1/images/episode_0069_step_2747.png","14010","6297beef6f05c32d607d7ec94fa83d89d0adeff2f75d0e5cd15375d0883d69f4"
"data/vla_bridge/widowx_mujoco_rlds_source_v1/images/episode_0069_step_2839.png","14061","9f622569deee34a6cca78b3213e09b07f4590665ed2ffefa2a9a311c6ce016a4"
"data/vla_bridge/widowx_mujoco_rlds_source_v1/images/episode_0070_step_0000.png","12156","0f8af4ed430c999d88009fe6eb1495080994d2c87efc46f14096ca7748b7cf8b"
"data/vla_bridge/widowx_mujoco_rlds_source_v1/images/episode_0070_step_0091.png","12527","6ee5ae99f55871a4a41e2b68c16be96b03d7df806f345842b233fb196db574f9"
"data/vla_bridge/widowx_mujoco_rlds_source_v1/images/episode_0070_step_0183.png","12751","98a68dfd12b65fae7e268d3c2465dafd175221c3db2c8095c261383490a8fc55"
"data/vla_bridge/widowx_mujoco_rlds_source_v1/images/episode_0070_step_0274.png","12814","4c0abaa57461f223f39d290d1fe7a5e24fc906a183b6f2a9045245d927671791"
"data/vla_bridge/widowx_mujoco_rlds_source_v1/images/episode_0070_step_0366.png","12683","2a4c7bcbaab6727db9e3162d8c0eabb47ca29997517832f86d3b184bddc7ac12"
"data/vla_bridge/widowx_mujoco_rlds_source_v1/images/episode_0070_step_0457.png","12690","ac99e2d942828f4b11c414d258f8c5111767862e5fbc2845cf2ebb2a7b838f08"
"data/vla_bridge/widowx_mujoco_rlds_source_v1/images/episode_0070_step_0549.png","12818","0407ea28365209912c54e8ec2c200c729a3e9c4e8c1f58e5aade29a041e65b67"
"data/vla_bridge/widowx_mujoco_rlds_source_v1/images/episode_0070_step_0641.png","12820","e5a41ef1d937f80e0e3db4810cc5dba8d1fa34501f07d2dd8424eda93433687b"
"data/vla_bridge/widowx_mujoco_rlds_source_v1/images/episode_0070_step_0732.png","12713","0fe8231b36e6589f593b910f92b31849245983dfe33035da231e3eac7343b272"
"data/vla_bridge/widowx_mujoco_rlds_source_v1/images/episode_0070_step_0824.png","12815","3a41e625f4993633c14a4b71ba446651c13056e432be41b985dcb805b3522bb6"
"data/vla_bridge/widowx_mujoco_rlds_source_v1/images/episode_0070_step_0915.png","12791","95baa4d30e9c073c2dd27aeb4a3e6301483074f37cb8c3e0e00ea62cde19e116"
"data/vla_bridge/widowx_mujoco_rlds_source_v1/images/episode_0070_step_1007.png","12880","684628525b80a0f94e6dfbb7f592ffdac1567f8a7b1c04e71523e9828eac7b52"
"data/vla_bridge/widowx_mujoco_rlds_source_v1/images/episode_0070_step_1098.png","12884","2491f72241f4b8a7fc9fe0f11390391d34646d1a70809120c9c13c6d723b7b05"
"data/vla_bridge/widowx_mujoco_rlds_source_v1/images/episode_0070_step_1190.png","13017","5828b2ae43182e8f57afc9769ec01b263ffcbcd9f7e48523d59a8e37a9d596d5"
"data/vla_bridge/widowx_mujoco_rlds_source_v1/images/episode_0070_step_1282.png","12780","7939ed7e718d6b6b7906c0dd129a87e448175ed1ad7f7aca13663b57421bc30e"
"data/vla_bridge/widowx_mujoco_rlds_source_v1/images/episode_0070_step_1373.png","12653","30d3baf3d71cb5d39778252edfabed1d431946f42386522bac5a4e741d759a70"
"data/vla_bridge/widowx_mujoco_rlds_source_v1/images/episode_0070_step_1465.png","12352","9d16c0560f995208d3134e09bb595124569e25375a4716abe80aeed28557c924"
"data/vla_bridge/widowx_mujoco_rlds_source_v1/images/episode_0070_step_1556.png","12700","826842e26583441452359fefb16afb879d033cec5ee27c81201c7ca04032c6cc"
"data/vla_bridge/widowx_mujoco_rlds_source_v1/images/episode_0070_step_1648.png","13131","497c00dc48e188814dfd92bdfb7fb1d50dc06128d8371a79a18271343b89cc4b"
"data/vla_bridge/widowx_mujoco_rlds_source_v1/images/episode_0070_step_1740.png","13423","2b52516206533f03f9a0e08721714466df79a29a6c589279f5ec9509213444f6"
"data/vla_bridge/widowx_mujoco_rlds_source_v1/images/episode_0070_step_1831.png","14014","de33d68c67a77176b1fb6f12e8e850ad89cb16c96b2eba85190d1dc8c62366a2"
"data/vla_bridge/widowx_mujoco_rlds_source_v1/images/episode_0070_step_1923.png","13962","d18d46d95d1c5e2e8582d4ae2f59a55b17618a604f8e0d79b58d2d890f044746"
"data/vla_bridge/widowx_mujoco_rlds_source_v1/images/episode_0070_step_2014.png","14003","e8d6578d079731f2d6810e68984b7cba035395776a786b174990148ff627a454"
"data/vla_bridge/widowx_mujoco_rlds_source_v1/images/episode_0070_step_2106.png","13894","678757de539ba8f92471814c1373e7f819ba38a1974ae592425d57b67c4ae597"
"data/vla_bridge/widowx_mujoco_rlds_source_v1/images/episode_0070_step_2197.png","13707","9295d0b56fb00a7c7fa10544ebbba33a6052ef0d3a37d35417947f546e29fc77"
"data/vla_bridge/widowx_mujoco_rlds_source_v1/images/episode_0070_step_2289.png","13709","f66fb593cfe429e96a5afb4e73c52fb3bb5814bc765a0cf8e26340ebfac5274f"
"data/vla_bridge/widowx_mujoco_rlds_source_v1/images/episode_0070_step_2381.png","13724","2e14c5ce47a1ff7719a70d75a8fbea47c436360f611e2de562311bce0c3f0c6c"
"data/vla_bridge/widowx_mujoco_rlds_source_v1/images/episode_0070_step_2472.png","13901","90f449cc783058e5ea21e3970e9c58a914e1552823762ea1887169f4ed345b20"
"data/vla_bridge/widowx_mujoco_rlds_source_v1/images/episode_0070_step_2564.png","13985","22908665bf0e779df33719883e098058a773853c6326f7f6a7ca90ca42c796cf"
"data/vla_bridge/widowx_mujoco_rlds_source_v1/images/episode_0070_step_2655.png","13752","3d03eba29d27b9bca5ce4c244ee072248facf4671a51bb0e3f8a1834bb4af18a"
"data/vla_bridge/widowx_mujoco_rlds_source_v1/images/episode_0070_step_2747.png","14028","e8318c058cdea7297154b3ec4eb91ad8688d571dfa755bcda568671358f1bbc7"
"data/vla_bridge/widowx_mujoco_rlds_source_v1/images/episode_0070_step_2839.png","14103","35093dd3e8c5f3dc7cc40446c0aa8538309b39cbc04c6379fb5597cca366705b"
"data/vla_bridge/widowx_mujoco_rlds_source_v1/images/episode_0071_step_0000.png","12208","09f0eb0d66486db2a07bd770cc9cd1f6875dbb04837bd96663e8e9eb12a8b3c3"
"data/vla_bridge/widowx_mujoco_rlds_source_v1/images/episode_0071_step_0091.png","12519","bbe494c4e00e516f395a781eb66580abfcd3443460f4d292d1a7fdb6e79401b7"
"data/vla_bridge/widowx_mujoco_rlds_source_v1/images/episode_0071_step_0183.png","12746","43c17d986fe8a990fbad3331e0d4525edf7947bcb6f6db8a5c144d9768801c9d"
"data/vla_bridge/widowx_mujoco_rlds_source_v1/images/episode_0071_step_0274.png","12818","667986c8942bf8df34ffac3d026888ee218a2fe2f69ff6ce6bc8f42066428c2f"
"data/vla_bridge/widowx_mujoco_rlds_source_v1/images/episode_0071_step_0366.png","12831","6c96e35293b94b3dc9dc580c9678b962004aa29c26782f34c4d632d51c5856ba"
"data/vla_bridge/widowx_mujoco_rlds_source_v1/images/episode_0071_step_0457.png","12906","0d20b596b996527c4dde25137b08bca687f8651bac360f39e0d9bb7712fb27f5"
"data/vla_bridge/widowx_mujoco_rlds_source_v1/images/episode_0071_step_0549.png","13004","f57b1aa036bfcd9f7eddd53bac8608ca13964d38878c7fa21b5fc9104eff57ea"
"data/vla_bridge/widowx_mujoco_rlds_source_v1/images/episode_0071_step_0641.png","12892","a617b6a48469c108932e8d38a21c6bededaf587e876af32de00071355a507283"
"data/vla_bridge/widowx_mujoco_rlds_source_v1/images/episode_0071_step_0732.png","12905","b6018e5928ac5b200a660313cd30b4360008ddc58cd9b275f7407abb0ac798e7"
"data/vla_bridge/widowx_mujoco_rlds_source_v1/images/episode_0071_step_0824.png","12945","a4d3a50ba84fbff7ca769f824c9cf6a6c6549b114dbb74237188e205178d6d25"
"data/vla_bridge/widowx_mujoco_rlds_source_v1/images/episode_0071_step_0915.png","13004","1f2f4f2fc87c8fb6e29d8ed29d92b0da215a7f41d0da23de6d439a81742b9cff"
"data/vla_bridge/widowx_mujoco_rlds_source_v1/images/episode_0071_step_1007.png","12846","5da74e201801b968511c71269219e1e1c8343a454968e7773419c1cbca7873f4"
"data/vla_bridge/widowx_mujoco_rlds_source_v1/images/episode_0071_step_1098.png","13022","9033ae4fa364f2f85e1465a7936572e806d53d762a0dc5aaac1fc5b741da4fff"
"data/vla_bridge/widowx_mujoco_rlds_source_v1/images/episode_0071_step_1190.png","12913","f9a3e47583685fabe886b268f4e44abeb8470be5395d6eb20df95325aeba1332"
"data/vla_bridge/widowx_mujoco_rlds_source_v1/images/episode_0071_step_1282.png","12921","9f69664c6148e9b3ce107b05aecc4e130c37ffd80fc8dc6c89c2d8f55ec34ec7"
"data/vla_bridge/widowx_mujoco_rlds_source_v1/images/episode_0071_step_1373.png","12486","9c45f16c9a2418cf0c6d60581f9c882f4d75e251eb877c9bcc30c948baa91758"
"data/vla_bridge/widowx_mujoco_rlds_source_v1/images/episode_0071_step_1465.png","12543","699c9bf27a879f6e8ff2056b8415ad9ec29d3798046d9aae53ed790a6656ae9d"
"data/vla_bridge/widowx_mujoco_rlds_source_v1/images/episode_0071_step_1556.png","12720","4f9817a376083b8d16195a8c8ebe816d2192afb786dd49e8a78daf4976efed28"
"data/vla_bridge/widowx_mujoco_rlds_source_v1/images/episode_0071_step_1648.png","13113","24693a4b4d5b99fad1e353694e225a3161edf82fc43e912a170f95feb1641ea0"
"data/vla_bridge/widowx_mujoco_rlds_source_v1/images/episode_0071_step_1740.png","13546","b950a888833a5e72141d4f86981c1719b50357f5b928fec6cf4bf66d017ff1e6"
"data/vla_bridge/widowx_mujoco_rlds_source_v1/images/episode_0071_step_1831.png","13933","12e06a2f9aebe57ba394bacd20d0e3784b4fd20cdf431a9ca0d2f306749e3268"
"data/vla_bridge/widowx_mujoco_rlds_source_v1/images/episode_0071_step_1923.png","14020","53f898ec6c9b10150d3d613a5cb29f79dade9bf515acdcc5d586878c5da8ed04"
"data/vla_bridge/widowx_mujoco_rlds_source_v1/images/episode_0071_step_2014.png","14155","7bea04d7b5ef34b13029ea90bb63e926557d3f96ac8309cb14e7d174c76c1bcd"
"data/vla_bridge/widowx_mujoco_rlds_source_v1/images/episode_0071_step_2106.png","13992","6691bffab13a75bf59bd35549d4580c6979070ce7e8e639c559da8f87aa6d40e"
"data/vla_bridge/widowx_mujoco_rlds_source_v1/images/episode_0071_step_2197.png","13778","3799fcb7592bbf2a5c560acad38a8461110fea76505129655f7d1ea5b4e6fe9b"
"data/vla_bridge/widowx_mujoco_rlds_source_v1/images/episode_0071_step_2289.png","13827","6d0f7670340396f0621263003ac377682e6c12fb2c821e0de0505f2d724f164e"
"data/vla_bridge/widowx_mujoco_rlds_source_v1/images/episode_0071_step_2381.png","13881","45fd9a937d1dca11aafee6a3359c1d37152118528e8dc72506b2184802972b92"
"data/vla_bridge/widowx_mujoco_rlds_source_v1/images/episode_0071_step_2472.png","13906","dd38239961e0b5d3571d4805bc55a61471c8c47d3ec6484d689ee94762490cc4"
"data/vla_bridge/widowx_mujoco_rlds_source_v1/images/episode_0071_step_2564.png","14069","93edadb716dff2ded2e2e21fb65eef2df24769b6a1810eaa76b10d0aa59366b3"
"data/vla_bridge/widowx_mujoco_rlds_source_v1/images/episode_0071_step_2655.png","13886","b44ad28aa3d911d9e2543cc35f6261a9c50f3d301922fc80494c11854277d309"
"data/vla_bridge/widowx_mujoco_rlds_source_v1/images/episode_0071_step_2747.png","14060","bddc06e94ef80fa06c7c47404e200302a54bac7220398a9eea41b1473dd88edf"
"data/vla_bridge/widowx_mujoco_rlds_source_v1/images/episode_0071_step_2839.png","14046","bc5cb00e40c2ae3cfad3ee75420a67d5b952e46f52180ae36993b40c90898578"
"data/vla_bridge/widowx_mujoco_rlds_source_v1/images/episode_0072_step_0000.png","12094","9e3fdea37c99d229005c7e7576f19e82d268cdb4e3ef0fe072156b09a4eec2b3"
"data/vla_bridge/widowx_mujoco_rlds_source_v1/images/episode_0072_step_0091.png","12363","7f9f6c2fc4d0e900f44888404e8acd6f603924816f8d68fa88fae290b36bc2d5"
"data/vla_bridge/widowx_mujoco_rlds_source_v1/images/episode_0072_step_0183.png","12195","a2057b834b2a884571f00d57ea1100f9e38b31aa1176ed4c968c32aaae6ccb4f"
"data/vla_bridge/widowx_mujoco_rlds_source_v1/images/episode_0072_step_0274.png","12269","bf5a6f142acffa8339a9879dd0bb771e9876e9ecfbf644a60491137a5056bac5"
"data/vla_bridge/widowx_mujoco_rlds_source_v1/images/episode_0072_step_0366.png","12223","77718b895ed592f6d9a2d5eddfd15ebc22f1db0356abcd55514ec108800bbb59"
"data/vla_bridge/widowx_mujoco_rlds_source_v1/images/episode_0072_step_0457.png","12316","1d5e75c2746eab5c37d6dbd7f9d8600d2f4f31b781923e9c726eb75c830a62e5"
"data/vla_bridge/widowx_mujoco_rlds_source_v1/images/episode_0072_step_0549.png","12276","8484736bf73f57aae5715543833a130ba8386f44d15f4df11ceba811da0600bb"
"data/vla_bridge/widowx_mujoco_rlds_source_v1/images/episode_0072_step_0641.png","12225","a26aadef51826702b64b7f7597094c325bbfa34af2fc5c8385f0aca2fb37298d"
"data/vla_bridge/widowx_mujoco_rlds_source_v1/images/episode_0072_step_0732.png","12255","7950d59fcdfa55ff0b7545a297bb2733471ca7209e201607b9944aaab922ad06"
"data/vla_bridge/widowx_mujoco_rlds_source_v1/images/episode_0072_step_0824.png","12297","e1a8a36af36705a73be4e5ec9f342b90e8da5630ee105a84058ac026516391bc"
"data/vla_bridge/widowx_mujoco_rlds_source_v1/images/episode_0072_step_0915.png","12129","d1fda8306c018591ea0b6508c68c82f5af82550ecb5614e19905535daf0730c3"
"data/vla_bridge/widowx_mujoco_rlds_source_v1/images/episode_0072_step_1007.png","12242","de1a0c969874f63aa9ac224f4ebeae9cd7f6861f34bf905e6d5d1ebc3d861d79"
"data/vla_bridge/widowx_mujoco_rlds_source_v1/images/episode_0072_step_1098.png","12271","aff67ad84e520fb9877b5ee75b74cf96dc82b28f96e311a10381a0997fea7dd3"
"data/vla_bridge/widowx_mujoco_rlds_source_v1/images/episode_0072_step_1190.png","12203","bbe8b763104b90a651a057b3b9b562c272a81b6bbb26473a2a7a94f4e5e26732"
"data/vla_bridge/widowx_mujoco_rlds_source_v1/images/episode_0072_step_1282.png","12375","b3444621ab535c3ac7b00e592128378482fba235646a368183eda5462d030a29"
"data/vla_bridge/widowx_mujoco_rlds_source_v1/images/episode_0072_step_1373.png","12592","59d329164f8d198aaf1586f8c2b406c0f8aa33eaf0cfb2d9c197b37ce3d7d20a"
"data/vla_bridge/widowx_mujoco_rlds_source_v1/images/episode_0072_step_1465.png","12588","487ebda2fb222e008aebd8455608d65076cf4da203588fc5ccab6f4e5ce25984"
"data/vla_bridge/widowx_mujoco_rlds_source_v1/images/episode_0072_step_1556.png","12864","cc223ec0799645a99495d53ecf66b1ec07b245a7f34d15033a573872350df4bb"
"data/vla_bridge/widowx_mujoco_rlds_source_v1/images/episode_0072_step_1648.png","13101","b0fb343bfe5ff594aad3aea059f7902698e7cc799b93421ca9f700e12630203e"
"data/vla_bridge/widowx_mujoco_rlds_source_v1/images/episode_0072_step_1740.png","13571","2be57a89d55b0e4f3ba6d1f9e4bcd725ad5e404133f8f8ad844a0e1c76a5b94f"
"data/vla_bridge/widowx_mujoco_rlds_source_v1/images/episode_0072_step_1831.png","13899","8fc49fdac14a0414f9e6fba2977baf809e710667127e65b4b5c1d91990977dd8"
"data/vla_bridge/widowx_mujoco_rlds_source_v1/images/episode_0072_step_1923.png","13933","65c117b2da10b336c1e5aca8d5095941cf92f1fcb24ef23430e3f2ee579047ee"
"data/vla_bridge/widowx_mujoco_rlds_source_v1/images/episode_0072_step_2014.png","13972","cfcfb2f07847b4f1e1463c216fb7b5e30b8f34e16209ca221cc37a838df53a57"
"data/vla_bridge/widowx_mujoco_rlds_source_v1/images/episode_0072_step_2106.png","13839","c6795f00df772b71db9e94f2f8d8f2589809f45aee0f2fca50693053f8a564a7"
"data/vla_bridge/widowx_mujoco_rlds_source_v1/images/episode_0072_step_2197.png","13684","63ac0994b26661c1021083829ffeff1bc1236fc93dbb0c0cbd606a1a17dec511"
"data/vla_bridge/widowx_mujoco_rlds_source_v1/images/episode_0072_step_2289.png","13695","1ba805ffd155c172235d71a441204d02a2dd1a52f39a3c26dfb30ffd3403844f"
"data/vla_bridge/widowx_mujoco_rlds_source_v1/images/episode_0072_step_2381.png","13667","d22ec2b1ba0eb9017640c87ce3e41401cfa4d83eddbe6d636d7f123ce5f8fd97"
"data/vla_bridge/widowx_mujoco_rlds_source_v1/images/episode_0072_step_2472.png","13735","1a94498f1425b6542c1bfbc94e91b4b4648ff10fdd853faf39e433997abb02c3"
"data/vla_bridge/widowx_mujoco_rlds_source_v1/images/episode_0072_step_2564.png","13943","d7d468f6e6ec37836cd579911dc871aa46e4e04dc3e2436187c4a2a8e5c0aea4"
"data/vla_bridge/widowx_mujoco_rlds_source_v1/images/episode_0072_step_2655.png","13784","139eef073b02770dcf5c0528fcb9008644992145077b623c0f0a96d19dcf237c"
"data/vla_bridge/widowx_mujoco_rlds_source_v1/images/episode_0072_step_2747.png","13911","5e9b1aa69a046a56258885c7a90d9f677ff6be26efcb1df0881a716401bff3d4"
"data/vla_bridge/widowx_mujoco_rlds_source_v1/images/episode_0072_step_2839.png","13967","e828a1222345bac28cb629be5d2586aac215daf86ef75bc2e1caf429d16e427e"
"data/vla_bridge/widowx_mujoco_rlds_source_v1/images/episode_0073_step_0000.png","12201","fc96a6f0f2b9515a9ec86fbf3c2946a851e1ffbe42e002741b6e135506815c32"
"data/vla_bridge/widowx_mujoco_rlds_source_v1/images/episode_0073_step_0091.png","12687","da1bd5130fcb4ea2e12e242fbd8d22f4d7ec898fc7c49edbcb88b1e32aaed7e1"
"data/vla_bridge/widowx_mujoco_rlds_source_v1/images/episode_0073_step_0183.png","12897","d08be2faeb83b76090526ef0e88ce826406a0ed1b26bc96122c877182547a066"
"data/vla_bridge/widowx_mujoco_rlds_source_v1/images/episode_0073_step_0274.png","12912","e397764c9998b42d4b484d1119a8f69f7a75e4de32f716ac55aa92c90f43af52"
"data/vla_bridge/widowx_mujoco_rlds_source_v1/images/episode_0073_step_0366.png","12829","84fc8b7a53c1b38adcb6cf608ee0bc3be29de4b3e8d5243d428970da679f9fb1"
"data/vla_bridge/widowx_mujoco_rlds_source_v1/images/episode_0073_step_0457.png","12843","cfb539b64d0575e64d9a784785c8187659f38f4e5c5e65120a6f8075a0e02e4a"
"data/vla_bridge/widowx_mujoco_rlds_source_v1/images/episode_0073_step_0549.png","12816","36735d1b91c55afa05107b62dc3328de8e9554eb628c634b5d9b368dfc652092"
"data/vla_bridge/widowx_mujoco_rlds_source_v1/images/episode_0073_step_0641.png","12834","4a45af3718f00c5039a6c3e4179a0f4c860b1a52c033ca47d5ceb7d40a45929d"
"data/vla_bridge/widowx_mujoco_rlds_source_v1/images/episode_0073_step_0732.png","12867","a2e00b1bad4cea54977cd0191d2aa7743145c68089560a35d84b6be6255fd255"
"data/vla_bridge/widowx_mujoco_rlds_source_v1/images/episode_0073_step_0824.png","12807","ef7a5e675418476144d68f6d5248f27591599fb1418450a9a70a7f49004bc256"
"data/vla_bridge/widowx_mujoco_rlds_source_v1/images/episode_0073_step_0915.png","12863","7e66a3b99a533ada8454ec3a267f7260a5a9c49f928b5b7645257e1c08a85996"
"data/vla_bridge/widowx_mujoco_rlds_source_v1/images/episode_0073_step_1007.png","12906","f13385676e09890d6affc812ff6323d0f5339259c6c6b0bda7ca936ecd12a105"
"data/vla_bridge/widowx_mujoco_rlds_source_v1/images/episode_0073_step_1098.png","13037","b640baf98b185717d3806a4c8383eabc1e9f3960c0a3f0a2d78f177f3ec80fa1"
"data/vla_bridge/widowx_mujoco_rlds_source_v1/images/episode_0073_step_1190.png","13160","27d7b1d24dc19f0420ec40b7b7c12c74658e29db9f4b87ca5f44a420a18121bb"
"data/vla_bridge/widowx_mujoco_rlds_source_v1/images/episode_0073_step_1282.png","12863","911635ba7b8515fb3383d707c7b57c4bc0a82f1910a6b5971f1f9b171639e342"
"data/vla_bridge/widowx_mujoco_rlds_source_v1/images/episode_0073_step_1373.png","12576","15b70c3cf668b0b96c8a03f59d3dfdea1dae1735dd30065652c5fb143f757907"
"data/vla_bridge/widowx_mujoco_rlds_source_v1/images/episode_0073_step_1465.png","12531","cdca984953653d1cb7525c50650c2fa907e32b33054f065c9f0e34a1144e9d69"
"data/vla_bridge/widowx_mujoco_rlds_source_v1/images/episode_0073_step_1556.png","12611","19f4c0e20fac43bc44cc5e01380a077897f01412c1395cf6c0c9c0ce7f00288d"
"data/vla_bridge/widowx_mujoco_rlds_source_v1/images/episode_0073_step_1648.png","13024","c7237656c63ddc98c7a87752c8545c8873cbf5b34cd54213af52f310d0550ca5"
"data/vla_bridge/widowx_mujoco_rlds_source_v1/images/episode_0073_step_1740.png","13568","4658cbfb73a03b6425f77ccd6fb11cf77609cf91a7f95b0a53498bcc4d88f62d"
"data/vla_bridge/widowx_mujoco_rlds_source_v1/images/episode_0073_step_1831.png","14031","714e56b15a614b8581f6b2cfbd4b30f8f74499ab5197be53cf7e401606afb184"
"data/vla_bridge/widowx_mujoco_rlds_source_v1/images/episode_0073_step_1923.png","14069","3e59bae69e6fdbe16d3a9e599d05fc5304f8f164dfb4d545dae91d4e21abec4b"
"data/vla_bridge/widowx_mujoco_rlds_source_v1/images/episode_0073_step_2014.png","14077","ff6f3de4b3a6d7206434399b87a73425104f4a6ca5dabaafd26b6a4731df626d"
"data/vla_bridge/widowx_mujoco_rlds_source_v1/images/episode_0073_step_2106.png","13860","75a54e71d1368e86c88523e61b1fd0100549f76031121c3fb447c89195526b90"
"data/vla_bridge/widowx_mujoco_rlds_source_v1/images/episode_0073_step_2197.png","13788","42ca3cef28cf5d92ebb39e9f75561c116d441f5e5b8ab58db42bcde98015cbf6"
"data/vla_bridge/widowx_mujoco_rlds_source_v1/images/episode_0073_step_2289.png","13808","cde278edd39a41015af6e83140efb4215b964a9f072df47ed0417bd3f4429890"
"data/vla_bridge/widowx_mujoco_rlds_source_v1/images/episode_0073_step_2381.png","13790","cf39fd7ab07006660fccc949aa016d1662b1aaacc3a28e5841edc20656e656af"
"data/vla_bridge/widowx_mujoco_rlds_source_v1/images/episode_0073_step_2472.png","14031","2d78a8a6a84f4a0b5b7c16d8eb6f0bc7a473cf9aa82719101d2faaaa57653032"
"data/vla_bridge/widowx_mujoco_rlds_source_v1/images/episode_0073_step_2564.png","14074","fbef25f3197ea1f522e7d32d77239ddc8fc4a686251123f57fd5046cf2aa1983"
"data/vla_bridge/widowx_mujoco_rlds_source_v1/images/episode_0073_step_2655.png","13952","54f7389d64bff4ff5f6d5126fa3f2c27e0b5bbb6452aed8a8dd27f65d73e1a33"
"data/vla_bridge/widowx_mujoco_rlds_source_v1/images/episode_0073_step_2747.png","14086","054336febd2fca7814dcf37f58f37de68c9cdec1882a1af48822a79405a2ab32"
"data/vla_bridge/widowx_mujoco_rlds_source_v1/images/episode_0073_step_2839.png","14049","e356e4fef5bd149a112db5a6d0ee55e882b26fe6f423f7d8ecbf03ae4c81be5e"
"data/vla_bridge/widowx_mujoco_rlds_source_v1/images/episode_0074_step_0000.png","12194","36717c31308eceb29253f43257aa9852d67ed9ba23986d675ea9c20b6c20afd0"
"data/vla_bridge/widowx_mujoco_rlds_source_v1/images/episode_0074_step_0091.png","12309","d545752f3debd953cb7632e62cae0882f5157d1ab41d7c45d9e2eb0c950cbda1"
"data/vla_bridge/widowx_mujoco_rlds_source_v1/images/episode_0074_step_0183.png","12335","9c9dc15829f5ba8ea85a5762d087be01bd6fa233423126242041493fc388d378"
"data/vla_bridge/widowx_mujoco_rlds_source_v1/images/episode_0074_step_0274.png","12323","1f32882ae49f4bfa47cd72ddab18eb5b8f24642c496583b72e9aabe01d68061d"
"data/vla_bridge/widowx_mujoco_rlds_source_v1/images/episode_0074_step_0366.png","12352","10640ae64775161ba9511cde8901c1aba281fdd2e79ca84a5491d8128f92b3cc"
"data/vla_bridge/widowx_mujoco_rlds_source_v1/images/episode_0074_step_0457.png","12453","588599da603427f4df2f97a1b10c1aaa5b80d04a5dbc6caf5ff209396605c92c"
"data/vla_bridge/widowx_mujoco_rlds_source_v1/images/episode_0074_step_0549.png","12422","2c2ae6b77573b11a592f322e3c3c9b2b9f571461248ac31189b6f26edec21e2b"
"data/vla_bridge/widowx_mujoco_rlds_source_v1/images/episode_0074_step_0641.png","12434","89b7d4348f5eaceb21fcc7cc153203a5fcd1a821efae2d0f0bd0af46c332d6e3"
"data/vla_bridge/widowx_mujoco_rlds_source_v1/images/episode_0074_step_0732.png","12420","db321bb17734fe260cc87d0d8ea73ceefac5a3dcf2d00a6a75809017080a2073"
"data/vla_bridge/widowx_mujoco_rlds_source_v1/images/episode_0074_step_0824.png","12396","97ed92df76553539dcb956a0fde60a7d2dcde2dc9c89784817e9d0a2fff3c229"
"data/vla_bridge/widowx_mujoco_rlds_source_v1/images/episode_0074_step_0915.png","12397","205e5fe35f8eed3bfb9d7f851f0d320bdaf939e376a8deb5fb725c2ee9cb8d17"
"data/vla_bridge/widowx_mujoco_rlds_source_v1/images/episode_0074_step_1007.png","12254","f1d94eb0bf1e8319b2dd7d47dd137211fa3100ed6411238b9d24d7ccca45eb05"
"data/vla_bridge/widowx_mujoco_rlds_source_v1/images/episode_0074_step_1098.png","12332","1038774b2387e5241c5f910846854b9e73b2614d75cf32e889b702bc2d447efa"
"data/vla_bridge/widowx_mujoco_rlds_source_v1/images/episode_0074_step_1190.png","12351","dd1536afa46c730278d80e9fcaa155987b149e803d8ad2cdbc820885ea0c435d"
"data/vla_bridge/widowx_mujoco_rlds_source_v1/images/episode_0074_step_1282.png","12542","2690d0f5cca7d98c60752612e05f715a3ef780d73acbdcfe83c860e51b5dfcfe"
"data/vla_bridge/widowx_mujoco_rlds_source_v1/images/episode_0074_step_1373.png","12759","c9f2b4d7010464d59160bb7d5b3ba3e99c4110441f53f3c368ae9e8077853b65"
"data/vla_bridge/widowx_mujoco_rlds_source_v1/images/episode_0074_step_1465.png","12921","71616c43977c6d8edb78a5724eedec9985d9c95aa55f35eeb0a23e2ff735f138"
"data/vla_bridge/widowx_mujoco_rlds_source_v1/images/episode_0074_step_1556.png","13029","7a8023a8c86f14565b2e59bfc1844f81f9c73651e09bdde5fab803402d22bdc9"
"data/vla_bridge/widowx_mujoco_rlds_source_v1/images/episode_0074_step_1648.png","13281","d96998d4510385b8a8aa2eb1b9e7c9a0777eeec6d562edc8568735951092555b"
"data/vla_bridge/widowx_mujoco_rlds_source_v1/images/episode_0074_step_1740.png","13675","85d699fd7d1cebd4ed6e26f70cc9c2fd3d0d3b26ace29325e66ffb5bd8c7319a"
"data/vla_bridge/widowx_mujoco_rlds_source_v1/images/episode_0074_step_1831.png","13852","b6e6d7d532619b76106d3d6cdcbf8a19708af63a58a15b7e978f8a561399b7cb"
"data/vla_bridge/widowx_mujoco_rlds_source_v1/images/episode_0074_step_1923.png","13983","5e2ca913c4b1e000c177fdd7cc8a025418bed1b643915931204bb935f47bf384"
"data/vla_bridge/widowx_mujoco_rlds_source_v1/images/episode_0074_step_2014.png","13988","1c6093e6ecad4efabfaf2711c3598a6ab0f69cfa163703fc576cd6fc1206530f"
"data/vla_bridge/widowx_mujoco_rlds_source_v1/images/episode_0074_step_2106.png","13989","5f79481322d8f6807df257a76d28b5e6d306ec7f1d9610da378f6b52f5867859"
"data/vla_bridge/widowx_mujoco_rlds_source_v1/images/episode_0074_step_2197.png","13691","aef8c52972067910fdd3f1abd1c1432686e1d4a0a1d5d79927c0ddad1004b35d"
"data/vla_bridge/widowx_mujoco_rlds_source_v1/images/episode_0074_step_2289.png","13706","d58abdd3c635a234c7c6ba1bf46fbf31b27f7826967bbb147ef8759536e1d1d5"
"data/vla_bridge/widowx_mujoco_rlds_source_v1/images/episode_0074_step_2381.png","13686","bec96e0604e34e67998825b3fe9c308d92c86e87c2b473ac814219f30aec0cd1"
"data/vla_bridge/widowx_mujoco_rlds_source_v1/images/episode_0074_step_2472.png","13872","2565507df1dfc3c03c59a00942eac7a87d2a8596110a1539784ccc7d12de1ac7"
"data/vla_bridge/widowx_mujoco_rlds_source_v1/images/episode_0074_step_2564.png","13994","a116f687ea1074c6041267da14d205a0f95bddb422aba813623a3949e1956cf7"
"data/vla_bridge/widowx_mujoco_rlds_source_v1/images/episode_0074_step_2655.png","13893","6cfb94d18dcf824a9c45ebb3b0c0c2689eed12f694739f35c27353ecacacad88"
"data/vla_bridge/widowx_mujoco_rlds_source_v1/images/episode_0074_step_2747.png","14003","5bbb466b6b6afd052693d91762365163d54ccb8db94d9e7f2daadbb146ccde89"
"data/vla_bridge/widowx_mujoco_rlds_source_v1/images/episode_0074_step_2839.png","14004","0d0c35df37927813cfb1a961024a69e986ab403864f38ae336b505e54bc567c4"
"data/vla_bridge/widowx_mujoco_rlds_source_v1/images/episode_0075_step_0000.png","12152","a307f19c9cada8bd03c0fc0f17f7f26c7f8446d9af4f1933fe209ad2c2f05834"
"data/vla_bridge/widowx_mujoco_rlds_source_v1/images/episode_0075_step_0091.png","12301","9c531c738e989db9cd4d4605a7484a865561fb110e5e4fd1438c961f719dc25d"
"data/vla_bridge/widowx_mujoco_rlds_source_v1/images/episode_0075_step_0183.png","12272","7a53f713fdcef7a13b39afd873e181b0e26d4f82ffac2ca46be3de3c1238012d"
"data/vla_bridge/widowx_mujoco_rlds_source_v1/images/episode_0075_step_0274.png","12308","5e1f1e42183bfdde144d44bd533da1d700b8dd4ddd6d418a5637475f360e2ea7"
"data/vla_bridge/widowx_mujoco_rlds_source_v1/images/episode_0075_step_0366.png","12316","a2298280ae54d828a84198397f69a50daa1c56896dee57fea5a24e71b1a13f31"
"data/vla_bridge/widowx_mujoco_rlds_source_v1/images/episode_0075_step_0457.png","12330","a6805674d36dd5da66b27a99536e2613dcc351aef8bb3aad965a09f1b7a20aed"
"data/vla_bridge/widowx_mujoco_rlds_source_v1/images/episode_0075_step_0549.png","12186","1902f8b204c16caa6f331ea8c8970eb8028bd2710cd893798651620e1d6eb637"
"data/vla_bridge/widowx_mujoco_rlds_source_v1/images/episode_0075_step_0641.png","12196","594f3b79d1f4fe6ddfc634d5a9ae6b3679c4de0169d9c7dc59de56d91785038d"
"data/vla_bridge/widowx_mujoco_rlds_source_v1/images/episode_0075_step_0732.png","12174","fefb0ed13c14bc7908c21559d1e4d3f36e29988a6b9ec95248193ff1052a759a"
"data/vla_bridge/widowx_mujoco_rlds_source_v1/images/episode_0075_step_0824.png","12254","c713d0327d6733fcbd60a364bcdd4bfdb92ca34bf418ed01cf402d94ff23ed2d"
"data/vla_bridge/widowx_mujoco_rlds_source_v1/images/episode_0075_step_0915.png","12279","c4da68fd67dde32d66d4e637be15ba0334edc60aa3e4775d20189de095982ea8"
"data/vla_bridge/widowx_mujoco_rlds_source_v1/images/episode_0075_step_1007.png","12240","dd09af9662dfba60094f7d3366bf481219100c6fb04e0320fb84141560dc46f9"
"data/vla_bridge/widowx_mujoco_rlds_source_v1/images/episode_0075_step_1098.png","12360","1ee2ad6683d955796a7ac34454288e53c0439a98963f94eb20caca7a06689eb3"
"data/vla_bridge/widowx_mujoco_rlds_source_v1/images/episode_0075_step_1190.png","12179","b701fa8487dc3a2dee076b1e6f597eb1068f1eadd205a9b9683eac3024ff778a"
"data/vla_bridge/widowx_mujoco_rlds_source_v1/images/episode_0075_step_1282.png","12508","4330b4cf2e0257111d7892002d99a02a213b44fa0f1c1659415d7f5c39c29ec5"
"data/vla_bridge/widowx_mujoco_rlds_source_v1/images/episode_0075_step_1373.png","12545","28b00ddb99ff1ea17d0618704309afb40c5a46a549fdb39636c388be1ee00f3c"
"data/vla_bridge/widowx_mujoco_rlds_source_v1/images/episode_0075_step_1465.png","12815","8feea0da25e76f905f68ab6fc2d653145e98cd6ce542b32114583713d66c6dcf"
"data/vla_bridge/widowx_mujoco_rlds_source_v1/images/episode_0075_step_1556.png","12950","6bf60c44bfa5dc78b9003b565e0b3864cfbe60a2e0b970ab481af4433b34211d"
"data/vla_bridge/widowx_mujoco_rlds_source_v1/images/episode_0075_step_1648.png","13263","406cb4effaf1ebc2ed2116d4f2de97d74703fac2cbad4517344d253fdba71659"
"data/vla_bridge/widowx_mujoco_rlds_source_v1/images/episode_0075_step_1740.png","13563","d1eea34573f93aeea93b703bdded34a53715e7acf2904bc2ac3214b6161bd243"
"data/vla_bridge/widowx_mujoco_rlds_source_v1/images/episode_0075_step_1831.png","13860","d6541fc457449f6f393bfd3d7ce407f241b6ccb861d3295204160c8144124135"
"data/vla_bridge/widowx_mujoco_rlds_source_v1/images/episode_0075_step_1923.png","13954","f2535ad0edf71063bbae966a89200841b1fdc4603a7335b40a0b10796c19823d"
"data/vla_bridge/widowx_mujoco_rlds_source_v1/images/episode_0075_step_2014.png","13999","45a65458c1c16e4c7c5c4d68302fe5b54d0b58184bb066e34e1ca17ded9b27f1"
"data/vla_bridge/widowx_mujoco_rlds_source_v1/images/episode_0075_step_2106.png","13919","b83fc62c4aa3231d6a910abe9e10a9ac3e5e79ba5090bfa819e47f5e15958c7c"
"data/vla_bridge/widowx_mujoco_rlds_source_v1/images/episode_0075_step_2197.png","13707","9e78ca54d78f218408faadebf0c3ea948453f8a43673126410ef698a1ffc5740"
"data/vla_bridge/widowx_mujoco_rlds_source_v1/images/episode_0075_step_2289.png","13768","dd7497905c1763576edca17131c565e9fd966dfba629bd60cd79998ff99bc283"
"data/vla_bridge/widowx_mujoco_rlds_source_v1/images/episode_0075_step_2381.png","13737","00fe96621d5ddf209a22e937a985212ef078a107efbadbcabfb995f8e8ab0088"
"data/vla_bridge/widowx_mujoco_rlds_source_v1/images/episode_0075_step_2472.png","13869","3fa433eefc3268ac1d15ee8567e6193acc8e0caebcf457e2afa59a1981ee94c1"
"data/vla_bridge/widowx_mujoco_rlds_source_v1/images/episode_0075_step_2564.png","13994","cf11ab775cdc782672c4b4eaf794c438511a22dc6473f2a61d9e0b14fd25f846"
"data/vla_bridge/widowx_mujoco_rlds_source_v1/images/episode_0075_step_2655.png","13848","6915035c6db60f51a5413dc53715ee5fbf8cc25792c52a83341f83409b669e45"
"data/vla_bridge/widowx_mujoco_rlds_source_v1/images/episode_0075_step_2747.png","14035","3b123c81ce49d782f1731dfa5a3a3510ffa5cee265e7ce2702c8822a8d54be0e"
"data/vla_bridge/widowx_mujoco_rlds_source_v1/images/episode_0075_step_2839.png","13960","33431b58d625ce23a0ab683493ffb8a3a87e29bae9b9163c5d2473bdeb6e1120"
"data/vla_bridge/widowx_mujoco_rlds_source_v1/images/episode_0076_step_0000.png","12148","304ddc97e94d3c86e09d514b974e657480b178c659be37851d8227c1384f978a"
"data/vla_bridge/widowx_mujoco_rlds_source_v1/images/episode_0076_step_0091.png","12289","20b97e156bf6fca0c5d0e2b5683f2e253847aab9ee84f381d30a33bda51fc355"
"data/vla_bridge/widowx_mujoco_rlds_source_v1/images/episode_0076_step_0183.png","12412","c6a1349f1edd28ec4e2f8186f3dba25e2065ca2c87c2877c3dee6f30a4e2089a"
"data/vla_bridge/widowx_mujoco_rlds_source_v1/images/episode_0076_step_0274.png","12347","6f5392a20d1dc1058506e929392cf6c5d533ddb19b2b6506cd8b2503a33cf47b"
"data/vla_bridge/widowx_mujoco_rlds_source_v1/images/episode_0076_step_0366.png","12518","25a3bbe59bb1f239d628b1686a2dcdc2273cf99fdd75961b0aaa973d00d0cb26"
"data/vla_bridge/widowx_mujoco_rlds_source_v1/images/episode_0076_step_0457.png","12518","2e5869ed9977cc1cb12e8db4baf98999433fb2ce4e363a1c5eea4fade47b474a"
"data/vla_bridge/widowx_mujoco_rlds_source_v1/images/episode_0076_step_0549.png","12520","cfc865810683141942840677842c195a63d62b47aa84b0df75f7e9268602769a"
"data/vla_bridge/widowx_mujoco_rlds_source_v1/images/episode_0076_step_0641.png","12483","14df2146dc3a5bdae4e29b02e44a1c996d0512868974881dbb07cc7059e5ecf0"
"data/vla_bridge/widowx_mujoco_rlds_source_v1/images/episode_0076_step_0732.png","12469","0e56ced39ef56f0b781821d214ea00107a077be45a321a2fd7d2c22530b8aab2"
"data/vla_bridge/widowx_mujoco_rlds_source_v1/images/episode_0076_step_0824.png","12549","795c314c8089fb50d5b0df31eae001120e1902e2cd47515315b19858fa84ac0d"
"data/vla_bridge/widowx_mujoco_rlds_source_v1/images/episode_0076_step_0915.png","12545","b0e63654150a8aaf12a391cd4a5ccc0261cef939548e50c9e6d6b1ef096556fd"
"data/vla_bridge/widowx_mujoco_rlds_source_v1/images/episode_0076_step_1007.png","12412","a52d5f43186a328be0e6cadefa9423a9e8bf6f0b23b262b68504a6e21f7bad39"
"data/vla_bridge/widowx_mujoco_rlds_source_v1/images/episode_0076_step_1098.png","12549","1a650b1c86a6f3a2ccc25cb5082245681456da28e26195bae82f9cb21618fa35"
"data/vla_bridge/widowx_mujoco_rlds_source_v1/images/episode_0076_step_1190.png","12371","6f3af75c3b936c54aa1876b4b4f9f277c3ef7537c6746e34d6df87a61f8d61b3"
"data/vla_bridge/widowx_mujoco_rlds_source_v1/images/episode_0076_step_1282.png","12458","9552a259526408721e367e7569ca0cf155308c3f6057c09da11e0732e3324b84"
"data/vla_bridge/widowx_mujoco_rlds_source_v1/images/episode_0076_step_1373.png","12465","60717ab2a81bed5afa6c548245ec699ea1dd9e5b5192a15e893b3d8f834f1382"
"data/vla_bridge/widowx_mujoco_rlds_source_v1/images/episode_0076_step_1465.png","12740","30bfbb7c3ad9b9cd7c49ffe605ca2960573cbd0b6ded8123d50687de27113f03"
"data/vla_bridge/widowx_mujoco_rlds_source_v1/images/episode_0076_step_1556.png","12862","82a395fc63682a5f0d115138334e9cce0b06d1ebd50d84f7784ce0aeb59248e0"
"data/vla_bridge/widowx_mujoco_rlds_source_v1/images/episode_0076_step_1648.png","13277","2b70accdf7c9833c5e2fc6ae8b232f194ea91d53799b8a24b1437876367c4fe5"
"data/vla_bridge/widowx_mujoco_rlds_source_v1/images/episode_0076_step_1740.png","13543","88df6982a838ab65ceccc3db2ff1002bc346e81288eaa2c444b82ca438e95431"
"data/vla_bridge/widowx_mujoco_rlds_source_v1/images/episode_0076_step_1831.png","13857","1de261d3127f5d120d5e418364f33f266dec61df30321f5cf7fe0904f55560bc"
"data/vla_bridge/widowx_mujoco_rlds_source_v1/images/episode_0076_step_1923.png","13933","9d6887008dfc1e70bfdd8a32e95db59d950c9916c229fc183438c823353b8b5b"
"data/vla_bridge/widowx_mujoco_rlds_source_v1/images/episode_0076_step_2014.png","14000","d437cdb74f0acb377869096d56d8c5d0fd7c72f83bba7a8958a34993b4bbbf00"
"data/vla_bridge/widowx_mujoco_rlds_source_v1/images/episode_0076_step_2106.png","14051","b14f3474aa71950be539befb52de489f37d12ce5a5b6a1dee0def4b787f4fe39"
"data/vla_bridge/widowx_mujoco_rlds_source_v1/images/episode_0076_step_2197.png","13738","f1ce6292366c3732925056183bb413e0c08da1dc82ef8854cee3d760b5ff67a4"
"data/vla_bridge/widowx_mujoco_rlds_source_v1/images/episode_0076_step_2289.png","13718","d9f4072b22af69587eb45e08c147246268638a5396d1d3dc465fa417d22b990f"
"data/vla_bridge/widowx_mujoco_rlds_source_v1/images/episode_0076_step_2381.png","13762","bd478a928b9fd94d47064ac8fbea38e02fdb39e9abd5e670f9ed126d8d190c5d"
"data/vla_bridge/widowx_mujoco_rlds_source_v1/images/episode_0076_step_2472.png","13792","b081267c376efed952b7c00b7ae9abfd966cdf46263d812e2839a3fc86852205"
"data/vla_bridge/widowx_mujoco_rlds_source_v1/images/episode_0076_step_2564.png","13959","9d709936d6be6e213f6c6f2d4f5ecbffa7f3b0ac5cda56f2bfa33636c320aad7"
"data/vla_bridge/widowx_mujoco_rlds_source_v1/images/episode_0076_step_2655.png","13976","a5d31608404a791911b7dfd429cc852b45c2782095141c0052c98e7157ebe813"
"data/vla_bridge/widowx_mujoco_rlds_source_v1/images/episode_0076_step_2747.png","13976","c6bf7c6af3d9b40db606c17794e2c5862152fea7d1a6fcfd7aa4797938aa9d4c"
"data/vla_bridge/widowx_mujoco_rlds_source_v1/images/episode_0076_step_2839.png","14039","d7be429a1efb54a400af15f5dd3c368f2d2b62512327f40156cc1a1bb356cfa1"
"data/vla_bridge/widowx_mujoco_rlds_source_v1/images/episode_0077_step_0000.png","12139","48d11c1aeb71e09c691260487f1a49208633fbcca6f3153cac5e78869c3cb67e"
"data/vla_bridge/widowx_mujoco_rlds_source_v1/images/episode_0077_step_0091.png","12391","e3865230265e0cf6301a08d372fbef068df55d44869a85b3e7bddfd72e4e4295"
"data/vla_bridge/widowx_mujoco_rlds_source_v1/images/episode_0077_step_0183.png","12527","86809f7d3cc33643bedc9241ddde4a2465e92d5b5988f7c2a55fdbc6650bc022"
"data/vla_bridge/widowx_mujoco_rlds_source_v1/images/episode_0077_step_0274.png","12631","5f7157820d9b07a56daa51c975ac397e10af3a538c5b860f1a937c10de7ae37b"
"data/vla_bridge/widowx_mujoco_rlds_source_v1/images/episode_0077_step_0366.png","12680","5c89428e95500b10e6808f42c1bef9077d335f65827371ba5926c8cd70621655"
"data/vla_bridge/widowx_mujoco_rlds_source_v1/images/episode_0077_step_0457.png","12655","6eafca2192f76c1f84b7d6f05f1b65bef5094b83814c429bdc8152c5bf08a2c1"
"data/vla_bridge/widowx_mujoco_rlds_source_v1/images/episode_0077_step_0549.png","12610","0c005d9f28caa8d298e9b23306d04b0949fda7d31f02b682da7ea7c445e320d1"
"data/vla_bridge/widowx_mujoco_rlds_source_v1/images/episode_0077_step_0641.png","12626","2db391f6e541d50fbf6830e259593d40aa9427e69c0fb09e3d7c7b0a72ef068d"
"data/vla_bridge/widowx_mujoco_rlds_source_v1/images/episode_0077_step_0732.png","12643","ec7ca4409883ff7f8231b105871972cce695cb3869231ac22412feb25e9b7adf"
"data/vla_bridge/widowx_mujoco_rlds_source_v1/images/episode_0077_step_0824.png","12610","1d49c08b334317638811edd24d16f51ec052b5faf360e33f26c7d986bd5a9874"
"data/vla_bridge/widowx_mujoco_rlds_source_v1/images/episode_0077_step_0915.png","12684","331a118572277d8ee4e67d139092edd532c8ea2ef7ac2e93f4c56b0617beb0d6"
"data/vla_bridge/widowx_mujoco_rlds_source_v1/images/episode_0077_step_1007.png","12642","2918e0e917e84d8b8e7cfc8b90207b06012653102264d62b4f08a663ba7eccf8"
"data/vla_bridge/widowx_mujoco_rlds_source_v1/images/episode_0077_step_1098.png","12659","56b68c72ab80b58149643f5a84e3b3a1efb51f40d9f90709bf6ba2386b868036"
"data/vla_bridge/widowx_mujoco_rlds_source_v1/images/episode_0077_step_1190.png","12654","2372bf19c7c7594f96c2fd722884754336adc723606cc6a0137a2eb999327e02"
"data/vla_bridge/widowx_mujoco_rlds_source_v1/images/episode_0077_step_1282.png","12317","990b63fe0fec19d53c049761ed7eddb3ee3cd282dce18c4a9fe0b1f5f143b27f"
"data/vla_bridge/widowx_mujoco_rlds_source_v1/images/episode_0077_step_1373.png","12330","e389543a9d8a1d30fa41f20382f239310e3433a42267be846e5b0a830898e898"
"data/vla_bridge/widowx_mujoco_rlds_source_v1/images/episode_0077_step_1465.png","12622","f09b55cd3c38d424728cbdf63376c6538401f682b3efb9bcc4d2aa69022ec815"
"data/vla_bridge/widowx_mujoco_rlds_source_v1/images/episode_0077_step_1556.png","12782","5caac52e42d92e766eeddb51bae19d7b75b3ba83f0212a9a59776db09ed38113"
"data/vla_bridge/widowx_mujoco_rlds_source_v1/images/episode_0077_step_1648.png","13143","69931c12b8de4dc4a34bc2756e093b57c80736524fd41ef0a74adfafbba331d8"
"data/vla_bridge/widowx_mujoco_rlds_source_v1/images/episode_0077_step_1740.png","13351","fe87e3721e18ce413a8b34bed8c2f4adcf39ed5aec79573c897a7a17c6318569"
"data/vla_bridge/widowx_mujoco_rlds_source_v1/images/episode_0077_step_1831.png","13928","4a052e3a032c8a8aa57158d9b5c37387d820fc7f6226c10acf58b0bb3c655f82"
"data/vla_bridge/widowx_mujoco_rlds_source_v1/images/episode_0077_step_1923.png","13936","50431e466a13676b0a7c5e69527ca63baca0f90e8e93ab2e95b0ccc1e9824ead"
"data/vla_bridge/widowx_mujoco_rlds_source_v1/images/episode_0077_step_2014.png","14006","5d7076c59dafe8e7a1353d16f94c25e7a970461b55622fb5cd59c4b246c796d7"
"data/vla_bridge/widowx_mujoco_rlds_source_v1/images/episode_0077_step_2106.png","13912","bc22c08f7096aff0318403f835e0cca588a6804b20e84647bbb0b1fa03c82b20"
"data/vla_bridge/widowx_mujoco_rlds_source_v1/images/episode_0077_step_2197.png","13704","4569542beeacaac7d1ae757d29462a6cf27bb44aacf18fd20668de5f576695db"
"data/vla_bridge/widowx_mujoco_rlds_source_v1/images/episode_0077_step_2289.png","13732","be13a8d4f00b47a901aaa5f209fa480330964bae831a4334f1bd2f7e88454859"
"data/vla_bridge/widowx_mujoco_rlds_source_v1/images/episode_0077_step_2381.png","13761","3815ef827dfbbae5210256a59330c3b4ed8c4d44b56e03915eed6dfbbafd9cda"
"data/vla_bridge/widowx_mujoco_rlds_source_v1/images/episode_0077_step_2472.png","13841","2870fcfd8d85733de7be8498656bfaf694ae5223166a85fa4d6b6a13bc72fd56"
"data/vla_bridge/widowx_mujoco_rlds_source_v1/images/episode_0077_step_2564.png","13942","d8b70b8dabfca0b2fe1eb2565fd88674779491263c4b0538bcec4f9a54e63a7d"
"data/vla_bridge/widowx_mujoco_rlds_source_v1/images/episode_0077_step_2655.png","13778","784cd0209468ed9a3dd91f16b2e45db0808fbb576a0f201155a3836dc344b530"
"data/vla_bridge/widowx_mujoco_rlds_source_v1/images/episode_0077_step_2747.png","13969","db6d7482d94722470bc8136369defb0d5216abe0a8d7cb3bb81d26159f0629c8"
"data/vla_bridge/widowx_mujoco_rlds_source_v1/images/episode_0077_step_2839.png","13985","57043d8b402d171431cc9025878e778dc2673d1fa78a0c315c71b60d279e9968"
"data/vla_bridge/widowx_mujoco_rlds_source_v1/images/episode_0078_step_0000.png","12156","8875a29ae0dce8aec9a32b9abc68a2484e6211e3b29c218ccf321514ae4d6ba2"
"data/vla_bridge/widowx_mujoco_rlds_source_v1/images/episode_0078_step_0091.png","12391","12b2e21bf686f92243b9dbbdcdf5a905eb09db6a702b5d23f9c63831db6d97d8"
"data/vla_bridge/widowx_mujoco_rlds_source_v1/images/episode_0078_step_0183.png","12628","11d41915ad40163903953c904f70bc20329f3370f53e32be38c944520185d0be"
"data/vla_bridge/widowx_mujoco_rlds_source_v1/images/episode_0078_step_0274.png","12698","81167942e2cf8872c28c1f3600acf1de5fd06c513a671874c146f696d4e1c405"
"data/vla_bridge/widowx_mujoco_rlds_source_v1/images/episode_0078_step_0366.png","12543","22a6d05657e9b917d8465f4cf798af1a78e0e55e38a806b92548c3067539d2bb"
"data/vla_bridge/widowx_mujoco_rlds_source_v1/images/episode_0078_step_0457.png","12467","8d6d2abd502e4dd262ef040f3970b4ed6019c4b6ec82a75364c3b46b74f95793"
"data/vla_bridge/widowx_mujoco_rlds_source_v1/images/episode_0078_step_0549.png","12539","06087bd5d439695379c3e4bd305d9cd5ada45bda491e230da94d1e7173e93b39"
"data/vla_bridge/widowx_mujoco_rlds_source_v1/images/episode_0078_step_0641.png","12648","80a281fa5c66597bfa44b9db533e247e9cbd1c9b618f4ed5d497d0d23a3f3e0f"
"data/vla_bridge/widowx_mujoco_rlds_source_v1/images/episode_0078_step_0732.png","12664","85198e4a522c2b0ca15fd70ebf8a6e3283af41b44f4d44bd1fd32251109912ae"
"data/vla_bridge/widowx_mujoco_rlds_source_v1/images/episode_0078_step_0824.png","12503","d1e6db840ae97db0b4ec834fde648d72704831efa14222fc751142da00e5f873"
"data/vla_bridge/widowx_mujoco_rlds_source_v1/images/episode_0078_step_0915.png","12583","9593a4186b92e7ba272166121cd09572c055f8abf619a2856b62b80dacd15963"
"data/vla_bridge/widowx_mujoco_rlds_source_v1/images/episode_0078_step_1007.png","12677","d5dc4a24d3e22ae81636fbfdc495b569051bc1c3b5d6d2d846b0d89e05d73db0"
"data/vla_bridge/widowx_mujoco_rlds_source_v1/images/episode_0078_step_1098.png","12834","6b914f0998751a24f8cd0eacba2bcc62edc66f6c3d1a045315a267194d482efe"
"data/vla_bridge/widowx_mujoco_rlds_source_v1/images/episode_0078_step_1190.png","12718","74c74f182e9763995816ddc4efd37fa6ba0919d48cd84baff6dfe3a6de668278"
"data/vla_bridge/widowx_mujoco_rlds_source_v1/images/episode_0078_step_1282.png","12680","c1b0db3c67bd05c0635784e843f224910c4eb702d118742b4a6fea8210f32668"
"data/vla_bridge/widowx_mujoco_rlds_source_v1/images/episode_0078_step_1373.png","12601","9356ca0fe3b68ca0d07f63c19c2c922c98bf326e83fdf69c0174529327f7d3cf"
"data/vla_bridge/widowx_mujoco_rlds_source_v1/images/episode_0078_step_1465.png","12605","54e60de7fecf82d01d8395da5ab9d66d22b4a9753bedea02f18d20115e4f3244"
"data/vla_bridge/widowx_mujoco_rlds_source_v1/images/episode_0078_step_1556.png","12692","67ef7f0ef37c318822524d790b1e852d0795e13c8954d11eb8ca1d5a6a9e7149"
"data/vla_bridge/widowx_mujoco_rlds_source_v1/images/episode_0078_step_1648.png","13062","86d6aac9dcf3a98403eb834228ff444ea9240a632f8f8a566014b1a07b4f6e0d"
"data/vla_bridge/widowx_mujoco_rlds_source_v1/images/episode_0078_step_1740.png","13440","cfa84e4de3b77d9a62d3d2721d0d27f0d6adfbca5267de8e6c91c280329fed84"
"data/vla_bridge/widowx_mujoco_rlds_source_v1/images/episode_0078_step_1831.png","13830","474321f0dbb8a50980e2b61bbecd1e2a7fca199de48253fb002b2d7faed5e93a"
"data/vla_bridge/widowx_mujoco_rlds_source_v1/images/episode_0078_step_1923.png","13911","081bb9ca0ef7e4b47b6285b9fc8cd5ca3a75c6b6071dc302c240e34b27296a4f"
"data/vla_bridge/widowx_mujoco_rlds_source_v1/images/episode_0078_step_2014.png","14089","1a5cd05269311aea3c003e03a6b9685aac0c25523aa30d537c226e459256db45"
"data/vla_bridge/widowx_mujoco_rlds_source_v1/images/episode_0078_step_2106.png","13998","e89c8d40d23b90551032b6b7b3bb3e21c1435fc532fcf269e501b3bf5eeda640"
"data/vla_bridge/widowx_mujoco_rlds_source_v1/images/episode_0078_step_2197.png","13706","28f700099a6d3859a849afe821e80ad709dadc437d8e9eeb4095d0c3d2cc8cce"
"data/vla_bridge/widowx_mujoco_rlds_source_v1/images/episode_0078_step_2289.png","13836","f17c25d2a072732b79ed1b785239477942893bc37038992e531505a4337f7ef9"
"data/vla_bridge/widowx_mujoco_rlds_source_v1/images/episode_0078_step_2381.png","13772","d0a9e35047f06e666b2e593d5cb3368fb151920cb2533df2d03b4ceccfaa7d62"
"data/vla_bridge/widowx_mujoco_rlds_source_v1/images/episode_0078_step_2472.png","13873","879b86f88b2110a7e7bf3ad2a3859e40ff8ebee13f1ac8f4332852b76d71e8ff"
"data/vla_bridge/widowx_mujoco_rlds_source_v1/images/episode_0078_step_2564.png","13981","ea6163117cbbed0ef8b4cb5d67c3041f07e886968db96ee6789c772f79ef49da"
"data/vla_bridge/widowx_mujoco_rlds_source_v1/images/episode_0078_step_2655.png","13854","ebace93525058cd0999c8940720fcc64da2b872452f7c8f01c6920018add3a05"
"data/vla_bridge/widowx_mujoco_rlds_source_v1/images/episode_0078_step_2747.png","14042","fe6f5e8a1051f3b17c0cae0349b862420e44a4a317cb6c9443ff8256aee1bf50"
"data/vla_bridge/widowx_mujoco_rlds_source_v1/images/episode_0078_step_2839.png","14001","1d32f21ff43b664137d9e9235b6503abd17a9773cc84c28001b269dfa3c75331"
"data/vla_bridge/widowx_mujoco_rlds_source_v1/manifest.json","190089","efa15351637941557abe8b39c73f246181a600ccaaeb2551d93b56fbc824651d"
"data/vla_bridge/widowx_mujoco_rlds_source_v1/preview_grid.png","399074","6b92cf4edcd809253d185ac0db4a4a53400a9371d6f25ef1bca13c192b41e835"
"docs/action_head_control_safety_sweep.csv","8127","be7944321f4c9217b68452cd367b928e8620b8218c97f38b12d17e6310108960"
"docs/action_head_stage_report.csv","20627","45d24c7a1c8776844792dbec99f45af7ac289b26360bd3fecdf251fc7616aa03"
"docs/candidate_diagnostic_video_index.csv","46021","128d6107a7671ed10279f725aafadcee37d37ee36608d75101b4188fb8ad40a6"
"docs/claim_evidence_traceability.csv","9537","440ed5228c1ae548348c0a8eecbb3f74c548179042effd3701aaa5e73c7cf4c2"
"docs/claim_video_playback_index.csv","10881","25b3f1f89e44ddd00817f2ee15a761af90d83d936b2656332b1e9e40b6f44569"
"docs/clip_patch_pointer_core_v2_holdout_v1.csv","3351","774103f55aacdbae206e2437c1abc4536058a90f716e8970cf736a244b951054"
"docs/clip_patch_pointer_core_v2_v2_holdout.csv","3343","b150c922871c079d24226ac35987b89044548bf7ec8ef9207b4f82bf51675468"
"docs/clip_semantic_clip_recovery_kaggle_v1.csv","14625","8879e852ef688ef0c7dbed576eac2d5a432f17d37420a088a5df1a4ed0d3eb23"
"docs/clip_semantic_contact_fusion_report.csv","685","1c90ea535aac62457b7b8b1f63b3d9987e5f9d839179a413649713d5d27544fc"
"docs/clip_semantic_multiview_gate_v1.csv","14716","97b0a00b32c19fea925e5b3ed7d23f1cea314f297ceed7100c9aa48dcf381e10"
"docs/clip_semantic_rgb_feedback_closed_loop_v1.csv","14229","c97eccf9b0777ed54e4b959df43c6b15f211a2e12b99d10b7860599595b20975"
"docs/clip_semantic_rgb_feedback_patch_pointer_holdout_v1.csv","9569","6c7433b0a75cd4b4cfcee51d7d3028ca7133018fdf6d11b7c31027757de4f630"
"docs/clip_semantic_rgb_grounded_waypoint_core_v2_v1.csv","10284","9bc33793a35927b76e4769ae4b91bb00a056a4a0e2a451ec9ffee224db98cadc"
"docs/clip_waypoint_action_head_core_v2_d10_holdout_v1.csv","2934","7606d5d2db30a8e7ffe2bb7f7c3c25448323ad60e32dc2fcd642f926a7902367"
"docs/clip_waypoint_action_head_core_v2_d5_holdout_v1.csv","2922","09c05655bd83f02450e7311d68b372a32210e3b4c8bfaf10d23a0ce183df289e"
"docs/clip_waypoint_action_head_core_v2_holdout_v1.csv","2923","164bad862a681423d729bec1b0fe3d67323d879ce955f7e3881c76f46c8c4c18"
"docs/contact_aware_phase_gated_torch_act_report.csv","3149","bbc1c983fa1e81a2a4980896dd62ecc9054b8cc157f3c03c86fdba421a967376"
"docs/contact_aware_trajectory_knn_report.csv","2915","005c4e47c2faa6735b73cf5c47f676a749ca5b1c05dee89fef3bc72f6b391979"
"docs/contact_hold_weighted_torch_act_report.csv","3045","102d06565e943370efd253af0c1525abe0a0714d170f4eb8e693a9d1a1ad3811"
"docs/contact_phase_gated_torch_act_report.csv","3111","0ddb0341ecbfdcbfc04be2a14de1a34aa8295cfe0ebcf51a062995557ed0708e"
"docs/contact_stage_demo_torch_act_report.csv","3056","35b5b235adff0c2087a7b872cf32acca8525a19ef72227a94d4f4632fce026d7"
"docs/contact_stage_phase_action_head_report.csv","3982","b91938c9e46f450540dd3da39fabe7b743258bdd8aa572c029a02cd904640cf0"
"docs/contact_stage_subpolicy_report.csv","12484","0d049c6baad654dbe5374d233c99530040e879b243097ae8d5e9ca8ba2f88540"
"docs/control_safety_sweep.csv","8582","6be9edc2e9c2bc266d4b9c9c52c981d5498c368f987a4c6954c48b28daf56a46"
"docs/core_task_blue_cube_blue_pad.csv","1375","db2d35105590efd748937aa2b9ae4cf0c5874668cc026ea4ca1c49353cc7e745"
"docs/core_task_blue_cube_red_pad.csv","1423","f1e3cbbec4add6eff54f601d79246c393a6d1a37e388ce7860a0a12bf02151ee"
"docs/core_task_comparison_matrix.csv","7563","1309a0cce73ad9db657cbd793daee834b6597eb19946300c856801f9b20bae8a"
"docs/core_task_leftmost_to_bowl.csv","1420","3c1706198ed522189123a82f82621c22eef96bf0fde28feeecc1c76e21414f2c"
"docs/core_task_red_cube_red_pad.csv","1391","3560669182f0fc71bb7406eea005042dd21e51f6c732e895827dd2c7bf89fed9"
"docs/core_v2_clip_holdout_blue_cube_blue_pad.csv","284","4bdea9b32f92607336fa12f3891be6edec5a4503e1e0ff9e6d0995f72e4ad88b"
"docs/core_v2_clip_holdout_blue_cube_red_pad.csv","290","389930f2cd5105354e5a5e3d81034dbd6dfbe78382b973495326dc3bcac901c6"
"docs/core_v2_clip_holdout_leftmost_cube_to_bowl.csv","290","dfef023cb003e77d57ead835543791cb5f9119706ff2f4154fd564e1ee99e406"
"docs/core_v2_clip_holdout_red_cube_red_pad.csv","290","505561b8ae5f75dddbc30241a6bdadfe5fe8a18687019cfad8acd4673e23db0a"
"docs/core_v2_clip_semantic_contact_fusion_low_friction_diagnostic_v1.csv","653","13e700c1d1cc0fd5dd9cc0bf159554b6d54d3bd37be21299bfa7cfe302db8fed"
"docs/core_v2_clip_semantic_contact_fusion_low_friction_probe_v1.csv","1767","72f510addaac1ff5db85fc2a73f62c29a10e46191e759544e376aebb3aedaf9a"
"docs/core_v2_clip_semantic_data_efficiency.csv","2005","778a0f2acd40cba015423cb49232a9519040c51b5eaa45daaff15ab4ab22e72b"
"docs/core_v2_clip_semantic_holdout_blue_cube_blue_pad.csv","1396","a074996cebd1b1183a9fd0baa721c01cb33451b99a19748db5d3fe4018444004"
"docs/core_v2_clip_semantic_holdout_blue_cube_red_pad.csv","1380","7d2a54bc5f5a0cf495a1d6582dffb43a075eb8ac816ea02eece5b4d74a08d7b8"
"docs/core_v2_clip_semantic_holdout_leftmost_cube_to_bowl.csv","1404","8ae48881f2c2c4049dc5d4cb6957c954b86ae110adba4808bb95c1ba7635a6db"
"docs/core_v2_clip_semantic_holdout_red_cube_red_pad.csv","1359","70618777b06772455d7a408d6dd9d67645fed2e1615036f88d3481cd1d856ac8"
"docs/core_v2_clip_semantic_independent_syntax_v1.csv","7717","dea9892398a27f959b50f83839957d998f0a0f82855ae244f53698a7013c269f"
"docs/core_v2_clip_semantic_low_friction_probe_v1.csv","1693","3c486cdb972d61f1f882b010d77556add914993fac5ca3d784a39674f39c2889"
"docs/core_v2_clip_semantic_normalized_blue_to_blue.csv","1654","331e6b75bbaba61ff455e67a9b685264769c76808369ba8de76a46dd057069f4"
"docs/core_v2_clip_semantic_normalized_blue_to_red.csv","1633","d7303093149e1aa946f716fa1a87e8f3e485a77bdc61c33385d89042bf224078"
"docs/core_v2_clip_semantic_normalized_leftmost_cube.csv","1657","6862a0fefeebdd6b33676b4ede52f63e598db161b193a1abc5ff762697830439"
"docs/core_v2_clip_semantic_normalized_red_to_red.csv","1607","3f48ae302625a6bfc9e1e6cd0e6c8977a5168912a3ad59ecbc0e2c78c6648e1c"
"docs/core_v2_clip_semantic_ood_alias_v1.csv","18400","3ee236ef4a80aa4a4acc11ebcdbaaadc4ba56caf81fd90f21a11b1c0f7a8836b"
"docs/core_v2_clip_semantic_ood_generalization.csv","18422","0d21c417b2faa167486996258ecf83f6a75e99a130ae1f6ce97dfdea79a6d426"
"docs/core_v2_clip_semantic_ood_normalized_v1.csv","21355","dfed0044a12a137481c7bc397cae91e872a6ec560e2bdcb3abb45393d4e106b5"
"docs/core_v2_clip_semantic_waypoint_report.csv","998","79bd8c9f285b6e3f4eea0ab6a8c87d0c1007d864b5eb76cacbc4a1300468a490"
"docs/core_v2_clip_train_blue_cube_blue_pad.csv","280","9c4fa45fc954bb2538a3dcd33db3f96c1cfbef3d1376e4d61bd251d7c777ffd1"
"docs/core_v2_holdout_blue_cube_blue_pad.csv","1489","42a6509bf6d361502cf7aa12c0ee12e0ce1116e87dfcd3c9fdb4051bf5684237"
"docs/core_v2_holdout_blue_cube_red_pad.csv","1522","9750025246acc321a5187b4b9c00c1159bce44099ef5ea33a9ff00d8399e022b"
"docs/core_v2_holdout_comparison_matrix.csv","9564","e72a2a481d1cc627eaf73bb70a9f33934d1bf489d017928ef6064ab60a599ef8"
"docs/core_v2_holdout_leftmost_cube_to_bowl.csv","1518","9916ca5a89a1813eb7c4ebe28ece800688e96476aa3ede0e6b9ae58cf6885a93"
"docs/core_v2_holdout_red_cube_red_pad.csv","1523","25e3a84c4c6091fc39e72eee3a135a39559e1f554612bec97b342358cd5d347e"
"docs/core_v2_object_calibration_aggressive.csv","366","8b7b41dbb713fe8271999a1493b3adf8e24c78561f75aca7d3c4b1dadf93ee4b"
"docs/core_v2_object_calibration_balanced.csv","364","b3518cfbdcb59085028df3390189f7f97c2264e4208bc8a4a416240e351cd46e"
"docs/core_v2_object_calibration_conservative.csv","365","4ccc7f7a4981ec72a60de655b24639952af20de8d304c27248322308bfd5c6d9"
"docs/core_v2_oracle_blue_cube_blue_pad.csv","491","5b8a67136a847f54761b5b21709928578ab35fc5ffed7a9779f1ed72eb82e8e8"
"docs/core_v2_oracle_blue_cube_red_pad.csv","511","b97b8b7fcb05428a732e4e53e2b12ef3c2827ca6db615111cc22c9351c59a972"
"docs/core_v2_oracle_leftmost_cube_to_bowl.csv","513","fbc9f316d6e8e460a006ec5172f59fa720187e438ebe54880cad963594efdb24"
"docs/core_v2_oracle_red_cube_red_pad.csv","513","4a3916529b39689f262883b519e75e9b431b7d76ed07d68573d095032f6a2336"
"docs/core_v2_pretrained_vlm_action_head_report.csv","943","c1e6616fe0f2623f3399cc29f5b54f7ea886b5c614a614f3d64d65a08cbbd5d1"
"docs/core_v2_prior_holdout_blue_cube_blue_pad.csv","407","ab3ce2943bf481e6dba323faeb21c1638d83496a5c487de1fd3504563f6b4ca6"
"docs/core_v2_prior_holdout_blue_cube_red_pad.csv","412","a9441c6cc081762b1fd8bcb23b8d09e95920931e3775047353aec31329857b25"
"docs/core_v2_prior_holdout_leftmost_cube_to_bowl.csv","413","544915dfbdde5c4125a6684fb639dbf0b9cca505416f0c842946cdb0fcbef7ab"
"docs/core_v2_prior_holdout_red_cube_red_pad.csv","412","a02d75cbf47e69084087b4c92212a001d162940b391947d085d6d4ba0108b6f4"
"docs/core_v2_prior_smoke.csv","393","5230fc75d9182e60686b58d5b4817c5f0b26ad3d0b9dff628d8d8253d5f1065e"
"docs/core_v2_smoke.csv","1355","2772ee30d60f9c2d2f26a61b5b36b73a0039f6f1f152e36874c5f6f307a674f2"
"docs/data_efficiency_summary.csv","2813","075519d12ab3b26a1b1ab03a1b6f9056eb5bfd0b691a5e12bd65938842fa5135"
"docs/defense_live_runbook.csv","10602","ba8b375359f15221d1b862db49c3034a236960a6b36a6f3ff369e87456942aa4"
"docs/defense_qa_playbook.csv","10651","05f848df5fb469d66af8ed879bbea6be1502622ac392e1bbe9dcf798f945c38f"
"docs/defense_video_cue_sheet.csv","50920","b1b1ddf900338370d5ae69f3fb5ba488cfda9a23ae624a6bef38afd4fe6db08a"
"docs/defense_video_playlist.csv","67417","41033ce226c6f908533fc7b612fd3e3dde3ab9140e705919e68b83639b4e3266"
"docs/domain_randomization_summary.csv","6241","4110f8e32f007bd29dfca4924f73802cc9c4239e886c64488cd42caa3196136d"
"docs/evaluation_summary.csv","8660","cc5bf6631c31febd3e35caaa79afb5819f613c12bab1c9b6de5b5b11436eceb8"
"docs/experiment_versions.json","13642","d418587e0159909de22a1a10d0f1b380b5c80e684de3c053c58490740aa1847f"
"docs/external_dependency_readiness_audit.csv","24004","7805c7e5d9b21f6d1f6f321c4075d23595c646c6ef1d3941c2f4beb90c022966"
"docs/failure_mode_taxonomy.csv","40005","5fc4bf5446b741de73d54010a1ddef745f85792ec1c2dfc8b5f5c7a5a9c8d019"
"docs/final_artifact_manifest.json","133852","2e79fe34097c265c394a14373828d0391b73d5c15066ec9aa8d5fc8ecf43d489"
"docs/final_defense_narrative_script.csv","12689","079ff37c7e0aa417a262c7a3575ac2b8948572043e5c13cbee1c43f1b70fe1c2"
"docs/final_method_version_index.csv","41471","0831bb5f85e39a4bf155a146fd694b274f96780c0d738cfe857ed011a55d0d8f"
"docs/final_showcase_handoff.csv","6619","1d2e1fe140514d58400c44a1b66edf685e130e61db19c2e315688b249bc21547"
"docs/frozen_clip_semantic_adapter_same_protocol_comparison.csv","771","6ff72c3425411a3405200e803525f13367d63aee548c6ced77b4ca338fab557d"
"docs/goal_completion_audit.csv","9384","92515438d6e826f5c334449a7041b5ad9a4163caf901c3444d5c23b41c86b88e"
"docs/grasp_gated_trajectory_act_report.csv","6486","e65fe3a57592be6209837895866f1a58b34252bf4f2b8749596fd0bd5abf8b94"
"docs/grasp_gated_trajectory_knn_report.csv","1902","da68c4ada96847f65c514f074d55847515bfc7010122cae513beeb5cf2a0ad24"
"docs/grasp_lift_subpolicy_probe_report.csv","3889","64d8eb10e31f423aaac3f560cc742c3c2aeb343e100815eb4ec04cb24dc662d9"
"docs/gripper_timing_contact_probe_report.csv","21772","76b4361d7682546051c33c1a0538c7d7f40752f3b7a35e17e800da02c5c34fc4"
"docs/isaac_domain_randomization_handoff.csv","5917","004852e515a91043add110176b2e3c0286d1ac513c63d3851b92679953f01c5a"
"docs/kaggle_clip_semantic_adapter_core_v2_blue_blue.csv","1434","df28c55c3565682b4d9f5eb826e658fca61156e6ba2e10fee6c51ac5357449ff"
"docs/kaggle_clip_semantic_adapter_core_v2_blue_red.csv","1415","ff3b31a8573d336711c5bbc3b000164d6a9e1d041797dd10a5593ddc87a5be61"
"docs/kaggle_clip_semantic_adapter_core_v2_leftmost.csv","1420","a87b76cd8466bebe583c8bea2cadf3b59c155aa296a0a769690e822841958109"
"docs/kaggle_clip_semantic_adapter_core_v2_ood_v1.csv","18371","36a44bc9c2761174da66075a3c5edc4745a7c709eab2df81e9a52a46eb3b0c7b"
"docs/kaggle_clip_semantic_adapter_core_v2_red_red.csv","1395","7f0e96a410cd3008773cc630d71a0f82ed43adbcd548de0482c7b4ebc4e39005"
"docs/kaggle_clip_semantic_adapter_core_v2_v1.csv","3290","64bed8081123cd5765ada2ff1a516e97e3a987a2c46e35486aa877aee5289e3a"
"docs/language_generalization_summary.csv","5714","6a7ede1502279b546652462ab13cc5fc4d20b8f68ca875398ef780db237b6dc9"
"docs/low_friction_multitask_contact_fusion_move_leftmost_cube_to_bowl.csv","1936","4fae04bc510b681bd14dc78abe00cf6f771a5867c3895c54f3bc9fcf31014121"
"docs/low_friction_multitask_contact_fusion_place_blue_cube_blue_pad.csv","1939","817c781089c2cdf13d2d3373b1d48e4656644894c787148968e6aa7f7a9e34b3"
"docs/low_friction_multitask_contact_fusion_place_blue_cube_red_pad.csv","1912","759cf515d70d241b867ff6712326cfdb5b5958619eafc9906c95a7200547f9eb"
"docs/low_friction_multitask_contact_fusion_place_red_cube_red_pad.csv","1889","20cc6f47feeb4786d61b87ee48c4d838af4cd02331397dcc389f438f5d99ebc6"
"docs/low_friction_multitask_contact_fusion_validation_move_leftmost_cube_to_bowl.csv","1935","7fa61566e5d6f910fb2c419281b4c07e31b8d96a82b337bc5222f0a3168b0b18"
"docs/low_friction_multitask_contact_fusion_validation_place_blue_cube_blue_pad.csv","1939","7ff82b56f40da36758cd3325b76e9972e570a2d63256c963a7982e6016ae24c6"
"docs/low_friction_multitask_contact_fusion_validation_place_blue_cube_red_pad.csv","1916","eae3192e3430c74e55f6d36287438219e72fc3d6768a6c1728669e51de2dd360"
"docs/low_friction_multitask_contact_fusion_validation_place_red_cube_red_pad.csv","1892","1424046e604f0202b3193344c0d03a78c19834ebe2d79d4fb87408d9b7072337"
"docs/low_friction_multitask_standard_move_leftmost_cube_to_bowl.csv","1912","7758fe2816d617e5d22a9096480887b9d6d049ddbe0c2b86b224e96cd0d6f25c"
"docs/low_friction_multitask_standard_place_blue_cube_blue_pad.csv","1914","cc41b9c772b12e7b1200a0c04372feb8f228f71a5f7ed868d93a28b1b60f0e91"
"docs/low_friction_multitask_standard_place_blue_cube_red_pad.csv","1889","4ef38efa67ffa3f1579b95c649bece522b5bd05c9fb16c8b5b6ab181d175b8ee"
"docs/low_friction_multitask_standard_place_red_cube_red_pad.csv","1867","c2c6282e2a9dca2a26f5afe2a1b63e8fc7e744841937dab695649603a1897493"
"docs/low_friction_multitask_standard_validation_move_leftmost_cube_to_bowl.csv","1904","2b89f0a72fcf146ef5c185aa18d845a3f5dbe3eef59f1df248780f0211be6d06"
"docs/low_friction_multitask_standard_validation_place_blue_cube_blue_pad.csv","1914","35f3f382a0a3005bceec775bad907115d58cd8b405ab41641be4c6d20938c9c9"
"docs/low_friction_multitask_standard_validation_place_blue_cube_red_pad.csv","1887","9ebab6fb32318acee4d7b7770d050a7aa24bd26c96676d3b9e4564a6ce50fb54"
"docs/low_friction_multitask_standard_validation_place_red_cube_red_pad.csv","1864","5e41091793bd8d7567d6cb9fea01fbe3ed1f77dd3af8aa12adbfe596fef99dcf"
"docs/method_comparison_dashboard.csv","29292","3d1a4be6795296b6e82534089b8a15a8ed7f113857fedc11fdb4a93f0546f290"
"docs/method_evidence_gate.csv","9937","23f0e7dca28898708b2c7cea882f30fc79ce4eba0838692e204d49fb6723b7d4"
"docs/method_stage_audit.csv","15137","c24edfa373fd5f1b39493ab6278b153c01f1f0961af63a7e6474384c4d6a30b8"
"docs/model_resource_summary.csv","8963","fae264cb04dabce541378bb0ba5a98f40415cbd01cff40f4167866a96b55b4fe"
"docs/mujoco_research_summary_zh_en.json","8752","b67f783a0cfaed724d85cf7b597b6d6ab4e3ed00a062493f845f336ff6147992"
"docs/next_experiment_registry.csv","30799","0f30f92d0349c8129003664a94432655cbf3ebd0fd16f4e5ed088f3b83d504b0"
"docs/nominal_multitask_contact_fusion_move_leftmost_cube_to_bowl.csv","1911","6858415c23230ba8d71c0cc6c939dccceeb74195a0af7f3735b358eb900f47b8"
"docs/nominal_multitask_contact_fusion_place_blue_cube_blue_pad.csv","1917","d4130d461e5e4459501b8758c973cb850879ec7d8eb997a894fb0a7f579145da"
"docs/nominal_multitask_contact_fusion_place_blue_cube_red_pad.csv","1890","eefc58d37c61c655fe9f02099c6bc3e50a07ce2288164875f322daa227e03527"
"docs/nominal_multitask_contact_fusion_place_red_cube_red_pad.csv","1867","a5240b16a9fb72339f5c7bf0c3188c05693839ae5e134919b12c284264061037"
"docs/nominal_multitask_standard_move_leftmost_cube_to_bowl.csv","1890","33307f02506c942563cd54ae1ce63dffcb4ad670b34223b7a1f8cac465f25f1b"
"docs/nominal_multitask_standard_place_blue_cube_blue_pad.csv","1891","4a33d2d04028d57a7077990c7fb7145a5aa5bdf772d5a7f6d9d51705ad4d4af1"
"docs/nominal_multitask_standard_place_blue_cube_red_pad.csv","1863","48cdda9ef26a315253fb93fa51f41926240ac5ea09d347e84c5656de0d41432d"
"docs/nominal_multitask_standard_place_red_cube_red_pad.csv","1838","06bfcf6f7dee0cf63e9c6a68889b1a37f6d7df2667ca5be5296ae60bd57f66e2"
"docs/phase_weighted_torch_act_report.csv","2366","fb642967cc9b177c1241cc98f74993cbf05b3b2f0e44d50442020e8b3cea40f9"
"docs/preference_contact_aware_trajectory_post_training_report.csv","3127","b6c55496272e015f94b8802b1ccc384506fa60cddb2073adfc7bb4623f6ac348"
"docs/preference_post_training_ablation_matrix.csv","8010","b5c1d1d470aeb8171e62f138a7fed9555739bc5075908e713ea2cd98f0143133"
"docs/preference_post_training_upgrade_gate.csv","8530","fb76d17a092a317deb3dc08f27c022dded0a0e1facb5bd5ae624b8a69cf1db5e"
"docs/preference_ranked_trajectory_post_training_report.csv","1420","c6cd22d13519c79ea27b7189be985b439c2e4feb05c7e8b9fa057d173c9435d7"
"docs/preference_trajectory_post_training_report.csv","1979","85dde888f001d91138a586f5347837a1c1162c5415ca60e5552eb3e10931fd44"
"docs/preference_trajectory_post_training_v1_ranked_fast_report.csv","2208","9758c9e9e5f63aca33209d58a99665b613990c96360e06c951b97cafb46ba7e6"
"docs/preference_trajectory_post_training_v1_ranked_objective_report.csv","2229","655485741b93d45817ca71462fde87812eaabc82af34a92ca841211020fe100b"
"docs/preference_trajectory_post_training_v1_tcp_lift_rank_report.csv","2472","c03a93b02fec744bdc082e39a946251669fb0345785797179702cc4caebd6f31"
"docs/real_widowx_validation_handoff.csv","9154","369794e70ea09ac09681a22c070ea5270ee1179a4af96028641e7e9249d783b2"
"docs/remaining_experiment_execution_board.csv","9814","f7d54f27839ff3d0badfdf38e380272927a01b38b6275fdcb4099f8ad00d6eef"
"docs/research_evidence_map.csv","11069","2d70a591a95c8988a085c874149b9895ed19771431d359f53ec3f7bca948bf57"
"docs/research_question_showcase_plan.csv","7454","e1d8ae184af7dfb9e85d05d7926dc8b37ee92d8689ee57bac447090581dd4dad"
"docs/rgb_grounding_core_v2_v1.csv","2113","8344bb1886943cc818e2a623a3e221b432755d478a2d754cf1eabd91a5bc87c1"
"docs/rgb_grounding_refinement_v1_fixed20.csv","9561","ba60a79ec9b47a77da780baa1c2957d1391ca8762dacd43a1b155db30d4c415d"
"docs/rgb_grounding_refinement_v2_fixed20.csv","9563","37a0d54d7bf36898244a572f7502f5ef92f72838b64558617abda86098c848de"
"docs/rgb_object_identity_v2_fixed20.csv","10449","0fc4ecdfeda294d5393d16a16e1dabf4e2da5193850c6319a14028dc3a580d8d"
"docs/robot_vla_remote_result_intake.csv","600","10d413e41b3e481e3bf5ee3b2ffe45585afb928ed159913d505e41713ec908c7"
"docs/stage_comparison_report.csv","6718","740056a95d7dee3aebf15aec555f109cd6befb07db6977596aa0caf3d89e1cd8"
"docs/stage_evidence_index.csv","12614","2d2254715942b5ee23110532e5a6037cd82f4a0b20978c8ecb862ac29022db6d"
"docs/stage_reproduction_runbook.csv","9474","e8f612356bad3190a8bbf92bc4844facda94699dc63b23b0db474d17e1653e29"
"docs/strict_grasp_success_audit.csv","36667","1cae42c8b9a51585f675cd5d4e04c8ea84aa91f3417388573cd9b675e1da4ee6"
"docs/task_bc_stage_report.csv","10586","9ecc3ee88659b83b92bfd37863c4d94f2e50da7bb901127f9fcf6d38ca1cdf2e"
"docs/thesis_domain_randomization_table.csv","2224","b21228b306a1cd83ecb254418604752322c74a146b4a8e482008f328a859e8c8"
"docs/thesis_method_comparison_table.csv","10104","c193f67939ccff80fee76e6bd4b3a384f6c64f0de94d01aeb50a7854d1e27e94"
"docs/thesis_visual_evidence_index.csv","14840","59ca108d24e5bbdb11a6c5c59a972cc368200240c212b9ff8a90efe3698e75b4"
"docs/timing_aware_trajectory_prior_residual_bc_report.csv","2785","3b3e9bbe11104740e0578a91e4ef36257eb97268c72d042bac5ff66e6d498df5"
"docs/timing_aware_trajectory_prior_residual_bc_scale002_report.csv","2785","3b3e9bbe11104740e0578a91e4ef36257eb97268c72d042bac5ff66e6d498df5"
"docs/timing_aware_trajectory_prior_residual_bc_scale010_report.csv","2841","310137d80bf3bcf7498efe3d5e01fc405e4cd6dd2ba81c0dbbacb5a532961d5a"
"docs/trajectory_act_conclusion_brief.csv","13026","5e494dc2ddcd3d68cc558196feaa5749c1ebb4b6936105c7a02a1bc9dc991cf0"
"docs/trajectory_act_experiment_record.csv","23124","01dac3d0452d2d17c3a92783dd2fcd64e5f6b956a43698f09ba21498336c1603"
"docs/trajectory_act_failure_diagnosis.csv","8984","7a14d3748004c938d790b562cb27f895e6dc1fa4c3dc9fcc963e415f38b04f10"
"docs/trajectory_act_slow_viewer_guide.csv","12954","bf1630732739868985fe1347994ab7873c2d844fa33c421741dc527aadfdaf84"
"docs/trajectory_act_stage_report.csv","27113","2baecc0a45f233393faef3ad9833ffeb3468978d717c03aa0d40e684e10f2bea"
"docs/trajectory_phase_template_bc_report.csv","1706","97694e82a5de2db5dae9d7b50a2801c442146ff835341f99d1d52fb4ad1afa2f"
"docs/trajectory_prior_residual_bc_report.csv","2657","6e3fd89cea99d43370271666b3b409deb91fa8a24a7b18763e24572280718ca8"
"docs/version_lineage_index.csv","32692","b12eb3eab21f84b44af2da7a64d8d25b24e5fe15ccdca7bbe3de34c6f991668d"
"docs/version_naming_and_gate_spec.csv","3342","fbea25cb882aff1422de49da695f032768a389e9c69263387ba5ee9348eb387e"
"docs/video_evidence_index.csv","35669","22fea87b90c4f479361da40ad841fe43d37218186f6ae2d755addae4668e4681"
"docs/video_quality_audit.csv","25776","12a84ff395d45e4b24078ad54ee09b0d467fd894ebcde4b751a0a5e25035f56c"
"external/wx250s_assets/assets/interbotix_black.png","1994","4cd224156bbaab1ddf1b92b90d46c54835a8b41f61bc258b2f216c2618e062cf"
"external/wx250s_assets/assets/wx250s_1_base.stl","75584","69facd590abff70fa03431497ead2c7f1aabe616d55af594288e9bf36b1fd067"
"external/wx250s_assets/assets/wx250s_10_gripper_finger.stl","22284","6a459bd4ef07eb5c4687e258bd9564004e741437e2e668af7ed31964567d8f90"
"external/wx250s_assets/assets/wx250s_11_ar_tag.stl","3884","a18a1601074d29ed1d546ead70cd18fbb063f1db7b5b96b9f0365be714f3136a"
"external/wx250s_assets/assets/wx250s_2_shoulder.stl","61884","337b4cb7e9b637ee3dca6a737becf831fe5f95b790b34f9a97e5cf11475fc222"
"external/wx250s_assets/assets/wx250s_3_upper_arm.stl","70484","b4550b3a79e83d0ca9e1a65e490ff4e25b667e8a7d8e94bab441851c96eb11fa"
"external/wx250s_assets/assets/wx250s_4_upper_forearm.stl","30084","1a64efc97dc129bc277afee75c129de27721e8fedcad45a4ec8b251f44542f23"
"external/wx250s_assets/assets/wx250s_5_lower_forearm.stl","149084","1445950b7f5ce2cf374b98711df296acd6c2b4df24c3937b413bcb6beb037603"
"external/wx250s_assets/assets/wx250s_6_wrist.stl","57684","8602fe1313765caceec64faff5ec919ec09c57c614b87f1c1c625dcef1e3df5a"
"external/wx250s_assets/assets/wx250s_7_gripper.stl","17684","6dbc189d3787ca62e09a8cf3f928ceca70c5c184a95c97ac6587805aa6a1ec6d"
"external/wx250s_assets/assets/wx250s_8_gripper_prop.stl","22684","30fcd807817b7c9df6275d2c8100cfe0e7786e2c65b574d22efe177520f1a316"
"external/wx250s_assets/assets/wx250s_9_gripper_bar.stl","36684","b54601da3f60eea180226b695bb95a9b29b187f22f5b74d9a523ac9785d9a518"
"external/wx250s_assets/LICENSE","1529","a6f1bde1043b461fa45e6a89c293c53108e592c7b019685ec4d4ac05842fcfbe"
"external/wx250s_assets/scene.xml","891","eb32fd41e7565a9481758159fb65b710d9bd1d19c14fe494f27cb74423741881"
"external/wx250s_assets/wx250s.png","1240806","1df5f35503c42cc93a5d970fec39f4b39a129e745504c2e818b7d96790af5017"
"external/wx250s_assets/wx250s.xml","7740","ba0b337501de43ed1d595559b50452773d6d803071e2d4d170d57933d0050ccd"
"kaggle/datasets/widowx_mujoco_clip_recovery_source_v1/clip_recovery_training_v1.npz","3071381","22e1e07bcd95e7b891178910b12eaf10d113514c1d32725ae8116abbb9332364"
"kaggle/datasets/widowx_mujoco_clip_recovery_source_v1/dataset-metadata.json","169","0aaf1bcdc25e340a09beaaf6dc22c683f38a9880764b41061e928b6a575aa36f"
"kaggle/datasets/widowx_mujoco_clip_recovery_source_v1/README.md","527","bd33b98539ecf40543d90bfc9519cd5ab7cf8f1100b3611a26c02ae983c1fe49"
"kaggle/datasets/widowx_mujoco_core_v2_rlds_source_v1/dataset-metadata.json","173","537367aa4a8ab9195b110e38863542da267c817ddb79adbf84c1c8d5c302a5bf"
"kaggle/datasets/widowx_mujoco_core_v2_rlds_source_v1/README.md","449","dbd0a33ccea915b2979e5b1344d85c67f8be6e9857d4506adf9aec9fdac727fd"
"kaggle/datasets/widowx_mujoco_core_v2_rlds_source_v1/widowx_mujoco_rlds_source_v1.zip","34387166","d75e8d75a2a4331fc73b1b7b29d614c5089cde25c438ebc3f11ba5b897bd08af"
"kaggle/kernels/widowx_mujoco_clip_recovery_value_v1/kernel-metadata.json","489","06130025e075b025cb1de2446155ddd64f10043d6639219789ffef4e5462b07f"
"kaggle/kernels/widowx_mujoco_clip_recovery_value_v1/README.md","480","c5bac14e2d75c8bf857c940362be5e44c7f7a337ec35e164cb3bb88575e03757"
"kaggle/kernels/widowx_mujoco_clip_recovery_value_v1/train_clip_recovery_value.py","10609","177fa5e1519a518cee3cfa59116429c724b41ae211028e4464fa5238dd3d865f"
"kaggle/kernels/widowx_mujoco_clip_semantic_adapter_v1/kernel-metadata.json","502","d1571532b395cef5c78b85a7394ac4e682d1bc91ea51dd4b3be4c1b256860cad"
"kaggle/kernels/widowx_mujoco_clip_semantic_adapter_v1/README.md","423","1adc751ca6315f92a3ebefbde7b36f5c8d03130871e4f1d40d1e5cbdc552d076"
"kaggle/kernels/widowx_mujoco_clip_semantic_adapter_v1/train_clip_semantic_adapter.py","11731","bcfe59fb8e0bc1df5942b41c94f7ae2d0b2d7e1aacaadf665329aa13f5088087"
"kaggle/kernels/widowx_mujoco_gpu_probe_v1/kernel-metadata.json","399","325156bbc8581850410fbf6f75673896a51e834b2643f1f2c72b4c66c984ef58"
"kaggle/kernels/widowx_mujoco_gpu_probe_v1/probe_gpu.py","1487","afc12c13ce9ec21ebf88370e3c79e1dd3305bd5ae6b27b0d9e7f01139c7a6d85"
"outputs/action_profile_value_proprio_v2_visual_language/clip_recovery_value_top_front_v1.npz","59845","374d1476f8cb3c1632b0bd81b7a705af99f3462679b01d6e83523ca6c242a895"
"outputs/action_profile_value_proprio_v2_visual_language/clip_recovery_value_top_v1.npz","40918","9652ac4a2cd5d6dc4762518ca5ea629ebb6aa0380dbf2f9690053b1d773a4073"
"outputs/action_profile_value_proprio_v2_visual_language/metrics.json","9699","4f6d7cc044908737d6cce15bdfe0def3f9b3bfdbe215343b45f13eba2499258e"
"outputs/action_profile_value_proprio_v2_visual_language_proprio/clip_recovery_value_top_front_v1.npz","61157","5e06e03457270e8a1540299cb0c8f430769f698ed72813b0db7bd471438fe1a0"
"outputs/action_profile_value_proprio_v2_visual_language_proprio/clip_recovery_value_top_v1.npz","42260","3108887e8cf7bc3ce41fa7157a9d7fc03bbf0200fd023d4cdddceb5232253c86"
"outputs/action_profile_value_proprio_v2_visual_language_proprio/metrics.json","11431","996bf4757dd76a3bad83522599ba93f9746d02ac2beea44238f5335807aaf3aa"
"outputs/action_profile_value_v1/action_profile_value_v1_metrics.json","9385","7ea90c824f7bb4f0612e36e46f3e2cc031c6a49b89d64d00fbb4f81a497a698b"
"outputs/action_profile_value_v1/clip_recovery_value_top_front_v1.npz","59769","520b38bdaa8c1d06970d2840996dfb9d080fcd888df07ad006df6bf0ca2c2810"
"outputs/action_profile_value_v1/clip_recovery_value_top_v1.npz","40941","67efd4e7c586eacba93f8058b36c9fead6b00b37bc3e28372be359dd774fa156"
"outputs/bc/bc_linear_20260702_035236.npz","5449","1bae0bd4044a1bfb2f480339f413cd32cc6ca19719b6bcc24a9019deb9ef51a4"
"outputs/bc/bc_linear_20260702_040005.npz","5449","eca5a3d9f808dd40d769bc808c8c493e022cdfdfe36dd4c862d5b3cb555ae097"
"outputs/bc/bc_linear_20260702_040150.npz","5892","594f67e8d8bfa96c5cb9c4b0cd4fa910d57deddc451f901c4c89426a3ba5d8f1"
"outputs/bc/bc_linear_20260702_041919.npz","5994","0a98e1f9bee291ae7e921273e55bd7fea40e8bfc849293669c63406cd9cb2e85"
"outputs/bc/bc_linear_20260702_045633.npz","6147","ba2db3d30f547e186c24809918a2dfe8d60359596527fe4705b167f9709949fc"
"outputs/bc/bc_linear_20260702_050646.npz","6329","6dacb130d048a6409f4fc8bc45923f17e2bbd35ebb7cecb5268ff63fe2a95549"
"outputs/bc/bc_linear_20260702_051909.npz","6323","90223de2281959b652a3f954a5b1105bb11fc4bb6d50b2fa21f4efeb440901b9"
"outputs/bc/bc_linear_20260721_101314.npz","6122","7624a31a892d75b9af778cf78df2a9b96a3fece4af402af0dcbc6abf4b3e18fa"
"outputs/bc/bc_linear_20260721_101606.npz","6112","e2059a4fe2a04af96ce5a8808f9e82f61d9a0807cc97e62a094cccec08e53d8f"
"outputs/chunk_bc/chunk_bc_20260702_072433.npz","602991","65f220538930ae091f7e00d1f02a23f224344120ae92e9e1530b4ac0781d866c"
"outputs/chunk_bc/chunk_bc_20260702_072619.npz","603264","1b0f4883bed2604311091185f9397563afe84156ca2a2f116de828a4f77b2a23"
"outputs/chunk_bc/chunk_bc_20260702_072710.npz","441753","b507955adee41e779b089ac2a5c0d9742650cf61288cdb104a5a6bf6ca913431"
"outputs/chunk_bc/chunk_bc_20260702_072852.npz","485038","1d59efac643ef18272b161db961b663e33a28810582b1a39df52c49cdd54398d"
"outputs/chunk_bc/trajectory_chunk_bc_20260720_043500.npz","1415127","253a89e65dadd9fe5aa444d279d97203679c1898e5ccb4dbbe5297d5d6f37efd"
"outputs/clip_action_head/clip_action_head_lite_20260720_074716.npz","1142476","2213b8a9793f8c7ec45451f4640368534bafacae59b666c57804eeee033dc798"
"outputs/clip_action_head/clip_action_head_lite_smoke_20260720_074629.npz","1130872","1aef04ede9902b0af18a923191e544695293bb4d2d7b98dd7877d63f0f344882"
"outputs/clip_action_head/clip_core_v2_multitask_v1_20260721_104743.npz","1133593","859bf544f1de5451d9d4b865d54b4742cc0c49641f7e8ccf3b6a6b01a9d97879"
"outputs/clip_lora_patch_pointer/smoke.json","2953","446b1592dd0a480a54588c091c61c3c502d74e55a1926f8a7317ac5d2738aab7"
"outputs/clip_lora_patch_pointer/smoke.pt","476970","9020a5bc1dbd5d967fc9ceb779d79dba713414fcde8461b0ec2fa19199dacd1f"
"outputs/clip_patch_pointer/clip_patch_pointer_core_v2_v1_20260729_103407.json","5610","a5bd0758b88b62c4984fe08bb867d21b6294158c1de68f7fe76970003cd272f7"
"outputs/clip_patch_pointer/clip_patch_pointer_core_v2_v1_20260729_103407.pt","377810","c3096b059de5baa7a7380bcdee1489131b59ef3b6c79e7c158de46acdf9bdc66"
"outputs/clip_patch_pointer/clip_patch_pointer_core_v2_v1_20260729_103453.json","4044","119c13768807eba2e421d1785da2e33f37008c710931f2fbc6590b2e891213e7"
"outputs/clip_patch_pointer/clip_patch_pointer_core_v2_v1_20260729_103453.pt","377810","1e7c8ecdc30af1e232d0b6f389e8eade20577c2a877650e340a55827fdeb65f6"
"outputs/clip_patch_pointer/clip_patch_pointer_core_v2_v2_20260729_104257.json","4064","ae0ff560b966721a655f824b5d9280eff9fb5aadf11c45fb904ab318ad13bf6f"
"outputs/clip_patch_pointer/clip_patch_pointer_core_v2_v2_20260729_104257.pt","377810","a74dab409ba38ae1a85c7e5fbbf516fb8fe5963c6094390c5d107d64c47d193c"
"outputs/clip_recovery_value/clip_recovery_value_top_front_v1.npz","40472","dd855f612485f034692d1a410ae0f121b4e220fbd191d2ede34c555ce9057c95"
"outputs/clip_recovery_value/clip_recovery_value_top_v1.npz","21596","9f1a3b9aef1dd6771812b2c4b73b0a95f8fde0341855a8bf8c44fbcf4461ca95"
"outputs/clip_recovery_value/clip_recovery_value_training_metrics_v1.json","7697","0df61dc507c72dd1127ad2351395e5196535721c50c617f80bb8dd5019961457"
"outputs/clip_recovery_value_multitask_v2/clip_recovery_value_multitask_v2_metrics.json","7891","8ee568245fac90287493570ec2e62e7f419e1b9500e86e236b6639b419b5523b"
"outputs/clip_recovery_value_multitask_v2/clip_recovery_value_top_front_v1.npz","40634","472c98cd2f5946d401759d1a0ed55809886190185c1bef77fdbe04aa3cc6d49e"
"outputs/clip_recovery_value_multitask_v2/clip_recovery_value_top_v1.npz","21735","1c159302253385e2f163152f7c51e2e30a4f12fa6db65ab24c13d0ed5c884a1e"
"outputs/clip_recovery_value_multitask_v2_visual_language/clip_recovery_value_multitask_v2_visual_language_metrics.json","8254","57ff983f5847260e8b6d59857e4e15722c0105f2ed3bc6f00d0c8141a32f1961"
"outputs/clip_recovery_value_multitask_v2_visual_language/clip_recovery_value_top_front_v1.npz","59736","77b0d1056e69a3caf47cfcca8063b1aea8d127d27b5adda6b4f9620b4453c161"
"outputs/clip_recovery_value_multitask_v2_visual_language/clip_recovery_value_top_v1.npz","40899","67d952ee233787af5a95da62b8e81e424e4d7d38256bbe32020b8389d9a4af41"
"outputs/clip_semantic_waypoint/clip_semantic_waypoint_core_v2_10eps_v1_20260721_111439.npz","24396","77c3e3751b5ba1519c128f23b2d631be41dcd129b4deba75bc4d9eefdd120884"
"outputs/clip_semantic_waypoint/clip_semantic_waypoint_core_v2_5eps_v1_20260721_111415.npz","24407","c7b1a27b54fe165784dbfc81c83af9a6b8a5a0e860592c52468724af0de2f28b"
"outputs/clip_semantic_waypoint/clip_semantic_waypoint_core_v2_semantic_alias_v1_20260722_035553.npz","24590","c14f99c6f6b445947eae11f265041a00600ead39ae8b4fc3a77acd592991ba89"
"outputs/clip_semantic_waypoint/clip_semantic_waypoint_core_v2_v1_20260721_110325.npz","24407","9a8cecfd2ed1ab29e771b4bf1c2d168d741d88ca197d25a1cd0d56cd15fbff59"
"outputs/clip_semantic_waypoint/kaggle_clip_semantic_adapter_core_v2_v1_kernel_v3.npz","71053","513171a837e3713fa1a718660c56ac79b3a2e70f0a119bd6b95f68d0968ed1f2"
"outputs/clip_waypoint_action_head/clip_waypoint_action_head_core_v2_d10_v1_20260729_101440.json","4871","f82d3ae672207f839009679b8240d1ba16d92b2c086862cca2746810f1aeb5ed"
"outputs/clip_waypoint_action_head/clip_waypoint_action_head_core_v2_d10_v1_20260729_101440.pt","281522","ba1303b5cbc81a06afd7c62af8adcd50e88ab651d4452fb001c76dba31da5ddb"
"outputs/clip_waypoint_action_head/clip_waypoint_action_head_core_v2_d5_v1_20260729_101425.json","4851","13623a84266bc1e5e5553817ee20f75999c0b85ffb11d1a0b5ae90477d44c588"
"outputs/clip_waypoint_action_head/clip_waypoint_action_head_core_v2_d5_v1_20260729_101425.pt","281384","e9dddb4deea0acce6e34fe707cd0b745ffc7ce4d4103e965add93c16d62650a0"
"outputs/clip_waypoint_action_head/clip_waypoint_action_head_core_v2_v1_20260729_101013.json","4838","1b8d10e6b6186b28027231b85f3a8b4e47b5092f1ab9e3c85ce854f683c74331"
"outputs/clip_waypoint_action_head/clip_waypoint_action_head_core_v2_v1_20260729_101013.pt","281354","dbd97c5113addf60d818c98b4028f579a3000a3beb5b1849f704c1858ef465e0"
"outputs/contact_phase_monitor/frozen_clip_proprio_contact_monitor_v1.pt","441160","1561752c3ca269a087c578daf5fe031a0eba36604e50dd1150dbb8430eb5f7e8"
"outputs/diffusion_policy/diffusion_policy_lite_20260720_042215.npz","499229","73be9ae48984307ddb8b70a75b68404c0df1834ed15b9a9339d7da54ab1a6d46"
"outputs/evaluations/action_head_control_safety_sweep_v1.json","34148","31e65a7abbbca3dc90fda7d9a8485fa0278e8ae73489c7c10b46c09e213f768d"
"outputs/evaluations/action_profile_selector_offline_v1.json","4166","32c98c0a6ab71d72fb6a4aa4fdc8b6ebdac8953447ab50d0c7e4d34353cca595"
"outputs/evaluations/action_profile_selector_visual_language_proprio_v2.json","4760","31d9b72ddbfd3581c98556b282f2587ccedd1f8387d048b3f70b90b594b97e0c"
"outputs/evaluations/action_profile_selector_visual_language_v2.json","4759","57c33871e2f9b3e97b27ad90c6d9342e1447a1e9bbb7be739414d5ef7347fe46"
"outputs/evaluations/clip_action_head_language_v1.csv","349","90be068b790d47dcafd86c87c399eddcf8777df83ef1b9f47daa09b2fa7eceea"
"outputs/evaluations/clip_action_head_language_v1.json","6475","6b07113c5e462dab6d4300ab7f26e1f3d880509c3bace9991ab44b0b55c25c67"
"outputs/evaluations/clip_lora_patch_pointer_kaggle_v1_holdout.csv","3344","2addbaf1b7caa6c2aeb2bce63f481f317585d1e811da61c6a9b855e822e97d7c"
"outputs/evaluations/clip_lora_patch_pointer_kaggle_v1_holdout.json","21215","c353208cddf373e64fc7a10009673b51b9d022c884b57fea62f7f1e40cba43d9"
"outputs/evaluations/clip_lora_patch_pointer_stage_v1.json","3751","f1b13e3be439a9c5b714f9d76a76f9082c87a89c56fe80f654c23576c0d65f5f"
"outputs/evaluations/clip_patch_pointer_core_v2_holdout_v1.json","21231","59ea0ea2a66f773c4de368d2af702c5bac8e562be891da2576d597e041b92046"
"outputs/evaluations/clip_patch_pointer_core_v2_v2_holdout.json","21209","c5ba98e1a3144d29562c4a6f093cfd59883924e0b143abc545fdf98877b89980"
"outputs/evaluations/clip_patch_pointer_kaggle_v2_cpu_holdout.csv","3351","58d23d1141be587698c3114cedac22db375a16b3acd264e4e54608c4ed373e19"
"outputs/evaluations/clip_patch_pointer_kaggle_v2_cpu_holdout.json","21123","c08ad56020d62a08d2fd75c8c764d3a543aa86044d32745b3a3a41bf52db9ecf"
"outputs/evaluations/clip_patch_pointer_stage_v1.json","27399","03fbc9f82cc78d50a8bb88ef7b1e9970c9757aa0e94f5874adf14efe165b3109"
"outputs/evaluations/clip_patch_pointer_stage_v2.json","27356","0154adc6d4045de54526c43e86cec101e322a4a862dd595cc943bfe5159e25fc"
"outputs/evaluations/clip_semantic_clip_recovery_kaggle_v1.json","284442","14e8926b76cd37bb3ee1d9f7a3aa7c44434cdebd5a227a03709fc3b07b7cb0bc"
"outputs/evaluations/clip_semantic_contact_fusion_v1.json","4249","7fc758dea2b991841671881ad491818047134f91ffbb8702d425f2200c51758e"
"outputs/evaluations/clip_semantic_multiview_gate_v1.json","255665","eadb08b8b882851f471ed5272cf1e053141b2cf96c341feb79b86316472185d8"
"outputs/evaluations/clip_semantic_recovery_head_failure_probe_v1.json","9516","9291bf4164f56d69147bd9c95732552f6afb36d7f4ed690114928fa059b16b9f"
"outputs/evaluations/clip_semantic_rgb_feedback_closed_loop_v1.json","181845","669210092c852d9535d1b249c1fd9943588ad874c32cfdcee2047e947f65d6a4"
"outputs/evaluations/clip_semantic_rgb_feedback_patch_pointer_holdout_v1.json","119157","9e6c74c1d948c355a49f22e58fa1d2b43cec9b7b83e45a380e0ce102efba2a3a"
"outputs/evaluations/clip_semantic_rgb_grounded_waypoint_core_v2_v1.json","24258","d91778290b279f1a9ff7d52a7cf0576901dff215ccec0893644cb4873529c92f"
"outputs/evaluations/clip_waypoint_action_head_core_v2_d10_holdout_v1.json","18479","ea041ecdaa55296a15fbf53c8584a6835fe33f455b2fdd9a0daa5cbeb3fc4e27"
"outputs/evaluations/clip_waypoint_action_head_core_v2_d5_holdout_v1.json","18459","c420b3833009cdc45e7c3e6f362f91539c449ae9c18abc5eae47fe670d676f42"
"outputs/evaluations/clip_waypoint_action_head_core_v2_holdout_v1.json","18446","cf59e0bdc62438b91723b05e0e61a62e1937612654b81e35d4dfb89c961b64b7"
"outputs/evaluations/clip_waypoint_action_head_data_efficiency_v1.json","3970","f1fa5daad4b4fcf4963c17694526488f658f37d9096af2930a02e54fb960a6f7"
"outputs/evaluations/contact_aware_phase_gated_torch_act_v1_candidate.json","10829","ef8081fd95fd8cf9026896e47a42e8bc2a8c4075636673878ccdfed8b5916750"
"outputs/evaluations/contact_aware_trajectory_knn_v1_candidate.json","9442","20d42c5a027477dacae041b05ae6b1757b61de28862d0646fd1d4a9d834b8485"
"outputs/evaluations/contact_hold_weighted_torch_act_v1_candidate.json","10786","3f0f60631463f630b2f05e9cabb5c7096fb94400e910fbfbbacc7d90faee52b6"
"outputs/evaluations/contact_phase_gated_torch_act_v1_candidate.json","10767","9bb91846d3a6a9cc3bdc9c1ea9a5b5bd76ae0aaeed3690500ec692176d7edb53"
"outputs/evaluations/contact_phase_monitor_branch_preflight_v1.json","3373","a7037dd9b130999e96c4e29c59ac15f0edba01b8165304a89bb130ed636e36a3"
"outputs/evaluations/contact_phase_monitor_early_success_viewer_v1.json","1744","537b472a6c4ef335a871c33cea0fb84ee3a35ec506cfad13ab6f29c55d47b74f"
"outputs/evaluations/contact_phase_monitor_heldout_v1.json","230020","6d5ec9f4141e1daae8028e40642069e9723ba70a4c2ed0949e283d839a04a0fe"
"outputs/evaluations/contact_phase_monitor_pair_preflight_v1.json","4805","0265bf1d0455adf06c1e6a074ba203b02f14bac3170078b8146d347b115acd29"
"outputs/evaluations/contact_phase_monitor_seed10000_failure_video_v1.json","1744","de7e82f33afbd703d774dc44089ec8592af12e081af97b5420dec8a982c6ed65"
"outputs/evaluations/contact_phase_monitor_viewer_preflight_v1.json","1732","e4990230c44ffdbf843001dcbf035cb0584c3db3335c44e1dd30844758b66f91"
"outputs/evaluations/contact_phase_pairs_v3_20260729_summary.json","2569","9f096dd38e9e780856e44103f7f3fcdd6548e95329031b9e295d7e6187928cec"
"outputs/evaluations/contact_profile_sensitivity_v1.json","5055","ea82f5f36878e77e40224103ea98606c25b112dc8996be9b669631b66feb1785"
"outputs/evaluations/contact_stage_demo_torch_act_v1_candidate.json","10790","df62ed3e3d46fddb32e103576e6f9b544c61f8b7062a50226f95bf1199e518dc"
"outputs/evaluations/contact_stage_phase_action_head_v1_candidate.json","11424","39c50ea6657bf2f96b2ae9f7fe2c92d4976aba62e88dcdb89f087ac4f67bbdd7"
"outputs/evaluations/contact_stage_subpolicy_v1_candidate.json","20899","37a8881a308741a429cfde9116e7abcf8eaf85124074bdcdf2616099165e99f3"
"outputs/evaluations/control_safety_sweep_v1.json","35171","c14c069cd213dad9f7e03668b62aec2e4489779a9651bd27bacfc0d4c3a32264"
"outputs/evaluations/core_task_blue_cube_blue_pad.json","23734","671a94abb9f543977f4d3f95ca9fcaba3818853af42076c667589198fa206a13"
"outputs/evaluations/core_task_blue_cube_red_pad.json","23700","bdc2a3acc7a2052971ec7af69de9ba513791a86a84f5557589a630a5a8e5af50"
"outputs/evaluations/core_task_comparison_matrix_v1.json","19204","c617108fa8ace5ecbf230e82de23bc783522491cea38a69ac6434988793ca7e7"
"outputs/evaluations/core_task_leftmost_to_bowl.json","24639","35fb363676e46eb7a2630716a3580445bfe4770b5051eae1cb8f42dd5541d752"
"outputs/evaluations/core_task_red_cube_red_pad.json","23650","a34ce3a0d5d54148b6d17dc11f13391901e2887c4b18fc7e4bf3f5febec5eb79"
"outputs/evaluations/core_v2_clip_holdout_blue_cube_blue_pad.json","6441","3e23b9b35bd348eefb8eb974a5f4fb0631d48e1c559892b56deef5e6aca9172f"
"outputs/evaluations/core_v2_clip_holdout_blue_cube_red_pad.json","6414","6d2187decfc27a7e143d3c35424b124a641e6389863f47a05e601f0d99bfc3f2"
"outputs/evaluations/core_v2_clip_holdout_leftmost_cube_to_bowl.json","6684","1efa35ee303bc82ca375a56ee02615e7af307248108986f4fab3e69da8aef609"
"outputs/evaluations/core_v2_clip_holdout_red_cube_red_pad.json","6391","ebe562ccab766b97d3b868cd1f8c788e68919befbfcc0fb00f2081b739611142"
"outputs/evaluations/core_v2_clip_semantic_contact_fusion_low_friction_diagnostic_v1.json","1976","36c3ec2fd411f4be58ab576b93dcac05c64ba638c4d35737b76d112639c1eb6e"
"outputs/evaluations/core_v2_clip_semantic_contact_fusion_low_friction_probe_v1.json","5701","6ab186bdad1ed666cfa84a6c3e3c0c28de3c9e2bbf0eed598a31fe57cd0a4e1f"
"outputs/evaluations/core_v2_clip_semantic_data_efficiency_v1.json","54177","dd99a51de9fbc2783e7a5b9e350f701df1937ccc68e2fabec044f7b4b4c49b5e"
"outputs/evaluations/core_v2_clip_semantic_holdout_blue_cube_blue_pad.json","4830","b3da59b3b73e9e629b78fc7af3108b359735deb6bf93bea3cf23fb9042c6bdcc"
"outputs/evaluations/core_v2_clip_semantic_holdout_blue_cube_red_pad.json","4814","0f46b4095a77820d5595ccd624d1887bd41d071b3329b400ac1208bb2d804c5b"
"outputs/evaluations/core_v2_clip_semantic_holdout_leftmost_cube_to_bowl.json","4838","188d438e8104d53556860652dc31514e1d8360b300480266b8ce80652e73607a"
"outputs/evaluations/core_v2_clip_semantic_holdout_red_cube_red_pad.json","4793","936437bdeb5048f35e5b78e22fc845107251874a000e724b355c0052f2087695"
"outputs/evaluations/core_v2_clip_semantic_independent_syntax_v1.json","37649","e721ccdfcc3346abaffd902dd7a1752dd4d33875582ffa248ae4063e2f8e240c"
"outputs/evaluations/core_v2_clip_semantic_low_friction_probe_v1.json","5483","eb6bb6c514edb1d4f6ce2bef4b729e96f19ddcbc73070ddb24c6d4a98b134113"
"outputs/evaluations/core_v2_clip_semantic_normalized_blue_to_blue.json","5455","f0abd4aade0905ffabaac30119471baa332920b65c08128a7e2bde021f5503f1"
"outputs/evaluations/core_v2_clip_semantic_normalized_blue_to_red.json","5434","f896d95f71a69f0906acb8155f298db23ca5c479ebcf0a71c99c33747ba925f1"
"outputs/evaluations/core_v2_clip_semantic_normalized_leftmost_cube.json","5457","35ccc215d2e85901da9d0c41c1ac7e190ad6df0262e3a0b637ec1da135573071"
"outputs/evaluations/core_v2_clip_semantic_normalized_red_to_red.json","5408","cff465370f559176bd136737af397d8c341ddc1c98c45afda58e2b3c64bb317b"
"outputs/evaluations/core_v2_clip_semantic_ood_alias_v1.json","74430","266fea3e2a0aabbacf8ec71e663ede8c94e91b1944f1d2bf9da0bccf6f0c6638"
"outputs/evaluations/core_v2_clip_semantic_ood_generalization_v1.json","72815","e22502ee8c143ecee5bc314437377fb1dd0b05c5c7a33c040f0a40b6ed9f9fa1"
"outputs/evaluations/core_v2_clip_semantic_ood_normalized_v1.json","80008","fe64a3fecbdd982f1402fa35b6adad47354834d27bc2a7e6b6be5a9a67eaee3d"
"outputs/evaluations/core_v2_clip_semantic_waypoint_v1.json","3856","15a4a7769e9a246319d0875228f49ee19a2937618e4a3baec0e4ac862339e4e6"
"outputs/evaluations/core_v2_clip_train_blue_cube_blue_pad.json","6440","0a3a065ea6c4aa41e0eafe556f50024e8b0112453cbeb32de53e5ed0d5955bea"
"outputs/evaluations/core_v2_holdout_blue_cube_blue_pad.json","38154","2f98998b4b2356b590237aba2fdefcc59780c2273d2a4330000a2d25bddb45f6"
"outputs/evaluations/core_v2_holdout_blue_cube_red_pad.json","38130","2a94742a132c9595ce328f51b3e524dedb14cd13461fc00d340b614167a46c33"
"outputs/evaluations/core_v2_holdout_comparison_matrix_v1.json","20944","dfb07a3df61ae0ae147aaacdd83c08175660d849c59374698e7d8c46fca282bc"
"outputs/evaluations/core_v2_holdout_leftmost_cube_to_bowl.json","39768","022942cc7c4b5c5600465597816b1640287da81222c517628c1e4ad98ec52e9a"
"outputs/evaluations/core_v2_holdout_red_cube_red_pad.json","38018","2b6daa4df6bab9de5d62682f6144ae7f806dfad836096385a7310ce06ff062ab"
"outputs/evaluations/core_v2_object_calibration_aggressive.json","2010","abb3a90d37e8097c6bc5bb29023b7e27d178c439840e47ee06cb391eed01e650"
"outputs/evaluations/core_v2_object_calibration_balanced.json","2036","25ec3f12fd29395cf89d50085a1e147767fc499ad82c2c8482ec7fa42b0553da"
"outputs/evaluations/core_v2_object_calibration_conservative.json","2010","dc4f1c499c0517fa0da57dd5509b6afb41621555bf57787fc7bd48206b38c4f2"
"outputs/evaluations/core_v2_oracle_blue_cube_blue_pad.json","12153","7e729fb84c585db2c0131ae58c4a90280e3daca952664a694e4494d136273c2e"
"outputs/evaluations/core_v2_oracle_blue_cube_red_pad.json","12162","2aa569ada565b4dbee736c3937cc18a1c184f5c58b8444a6e96ec088a136ab44"
"outputs/evaluations/core_v2_oracle_leftmost_cube_to_bowl.json","12711","f0fd921218bd974ca34faa621c8ddda18697820ba87e1cccce8ef21f78855aee"
"outputs/evaluations/core_v2_oracle_red_cube_red_pad.json","12141","fb3974b02bf5cf473c1862958764ecd87844361df8d07927eeee54bbf63ba275"
"outputs/evaluations/core_v2_pretrained_vlm_action_head_v1.json","5446","665966d0cc11c28678064757fcb88be359a34a1665e4ea46364c457625433292"
"outputs/evaluations/core_v2_prior_holdout_blue_cube_blue_pad.json","15435","8d84a7b44317dee9ce54d43b9b6082edacff2b8ce267d1b5dc08ea9431029ea6"
"outputs/evaluations/core_v2_prior_holdout_blue_cube_red_pad.json","15436","2f2ceec36e1f8b9a8f70c12204f09a25afe9d93395db2fcec6a60f5c078a49ec"
"outputs/evaluations/core_v2_prior_holdout_leftmost_cube_to_bowl.json","15705","34e3268be72d5b1e02aa36999e33439cec80a9838e692691c4eeb305b536d9f7"
"outputs/evaluations/core_v2_prior_holdout_red_cube_red_pad.json","15406","d568bda7222b84c76d055d4d85015158c7ec10bceb3e29dd0114a23672f61406"
"outputs/evaluations/core_v2_prior_smoke.json","3816","530457a25ec64c3380596e3e43121392160d69c696680d0979beb4c54768a489"
"outputs/evaluations/core_v2_smoke.json","9971","b4be548fc19d3a6dbc97a51ff219fff27f62ab532275f5439614cfcd5f6142d6"
"outputs/evaluations/counterfactual_intervention_pilot_v1.json","2510","431457edcb9fa6deeffe4057396d598ab0ed64edcd6ae2c28f0b83971b8541a2"
"outputs/evaluations/data_efficiency_v1.json","55085","734a7e9b7cf3de545184c29fa0b6de6490dce67aab33cbe9d1ca2c15a0a4ad42"
"outputs/evaluations/data_efficiency_v2.json","82850","3d5ba3983ffd2779c1a32fbea14702dfbc15b85811e04648f974d6075633dc8f"
"outputs/evaluations/defense_evidence_pack_v1.json","222191","b564ab427bcb6cc3150ddfdfb0bcdb224892b773c6cc53b34460ca2f13bf4bc4"
"outputs/evaluations/domain_randomization_eval_v1.json","52216","c4fccf165a0db97408999600d3e753445057a788b4ec10960e0237298be5b8bc"
"outputs/evaluations/external_dependency_readiness_audit_v1.json","34513","fa16a87beae36cb026e60fce54c2bd945ad7d72811eddfa6f59402898a1096b1"
"outputs/evaluations/final_closure_audit_v1.json","4057","692d5b3dced8d920a32b209878fe5e75ba79bca341e9a4593ffe2bac04cd0932"
"outputs/evaluations/frozen_clip_proprio_contact_monitor_v1.json","1391","5f40b4aebb9c21500a21b95919dfa366d544415f5078b105dff5513d60bdd49c"
"outputs/evaluations/frozen_clip_semantic_adapter_same_protocol_comparison_v1.json","4138","9da89243ecb35f34b14e6c548870a939f547b31f04928230bf4cbcae6dcf56f7"
"outputs/evaluations/grasp_gated_trajectory_act_v1_candidate.json","19680","c84b6af45684d3fc2512315938a5b5de084482ae567350ca2b71f5e653ab89b6"
"outputs/evaluations/grasp_gated_trajectory_knn_v1.json","17019","0480e9fbd02b388b86a36e03f443d4d32575d29e099f804d3bd05ffe595e9d2b"
"outputs/evaluations/grasp_lift_subpolicy_probe_v1_candidate.json","12356","0d0389ea1f3335ade8fae65be08731eb938d03f9ad1fd316f6b5e0eecff8108c"
"outputs/evaluations/gripper_timing_contact_probe_v1_candidate.json","36260","fe7669f48490a2456dd102270cd7ec13852e4ca8c3550fc9246e45ed4acee264"
"outputs/evaluations/isaac_domain_randomization_handoff_v1.json","13192","d4ae28c05b8d0876efcdf974b7565de324edc140ba48f17dafd419b75a14bfff"
"outputs/evaluations/kaggle_clip_semantic_adapter_core_v2_blue_blue.json","5097","7b17ce25c904f63c348e2b5b9f023f27700cab6071f17f97883819831c4a787d"
"outputs/evaluations/kaggle_clip_semantic_adapter_core_v2_blue_red.json","5073","3137b3a27e070021ac7854561b2c6784055fe05a4818b14a5d6493e1dc4b1a2f"
"outputs/evaluations/kaggle_clip_semantic_adapter_core_v2_leftmost.json","5084","d2f15c496c83ad410fea9fdc822372384722d694ff26346aa01182f54540d546"
"outputs/evaluations/kaggle_clip_semantic_adapter_core_v2_ood_v1.json","72876","aba696f6dbde1b1d41d167862ddcef57ff6abc5b35a1a668d1669f57cb9d61f9"
"outputs/evaluations/kaggle_clip_semantic_adapter_core_v2_red_red.json","5052","275d8bafb0b8cf6ddd02f3a44a25ee1bac08cef9321d3dce0074d6659c2a9a5f"
"outputs/evaluations/kaggle_clip_semantic_adapter_core_v2_v1.json","6182","ac6f913da997f6159b58d4772196e84542b5e1e7bd85db6323a43e83da2a027e"
"outputs/evaluations/kaggle_frozen_clip_patch_pointer_stage_v2.json","2588","445216bd3e0c880c0031dadab4bdcf30d5f1d747bbb7b59aed43b0a8bccc2c7d"
"outputs/evaluations/kaggle_lora_code_pack_v1.json","730","1d57f78a8b60b9a346ee76c5eb5014b47870f6f1d563b4ce0462892adc00f016"
"outputs/evaluations/kaggle_patch_pointer_pack_v1.json","882","1506786c01b5ebb912f0ec212240a52ac715bfcfe83da2523a861dc4c05db6ae"
"outputs/evaluations/kaggle_patch_pointer_pack_v2.json","976","b44c791dc8d821a29fb7c0638013696536fb09898e6bec44b3226b470c521594"
"outputs/evaluations/kaggle_spatial_data_collection_v1.json","3383","cefdced6bb795f8f402a1b3217e4983d4766b1983261f5a88245e96502aff9c6"
"outputs/evaluations/language_generalization_v1.json","99015","0273b9e3a051d11601ca8868662b435292331823e9aabd91b8467960bcb723a5"
"outputs/evaluations/language_smoke.csv","628","46fcf9d4f2756b9af5d7ae9f0f6ab290b36bf597e852e6cfb27797cc76835dc3"
"outputs/evaluations/language_smoke.json","4742","a74ab74a681fecd73a3fb8047dfe42df962e578f28461a90c12e46ce506b8892"
"outputs/evaluations/leftmost_end_to_end_preregistered_v1.json","34394","293b67ea78c15c495172ce48fbbce444ed800c5c705f1e86d288c84f9848782b"
"outputs/evaluations/leftmost_grounding_audit_v1.json","12051","8b1c039c5950894e8078e1158372be30fdcd4d913e216219668e4a0ea160bcb3"
"outputs/evaluations/low_friction_multitask_contact_fusion_move_leftmost_cube_to_bowl.json","6344","87b3438975e3e1e7c70695a890bbf0842c8d7e27fce988787ae3633ca6187768"
"outputs/evaluations/low_friction_multitask_contact_fusion_place_blue_cube_blue_pad.json","6354","5f967fdf6179c814afec01177b64deff7aba459fcb99e703bce06ba48e59c394"
"outputs/evaluations/low_friction_multitask_contact_fusion_place_blue_cube_red_pad.json","6324","6ee0928c206a8a02934c7b38171cd79847688182051d7fb34befdc55ede8a005"
"outputs/evaluations/low_friction_multitask_contact_fusion_place_red_cube_red_pad.json","6300","26351301f2548f1df4912b1545da9ed2d7dfe20910bf3a1c57b0c515787bf60b"
"outputs/evaluations/low_friction_multitask_contact_fusion_validation_move_leftmost_cube_to_bowl.json","6351","2b6e48abc83b7f4bdb20b2db28af0c7d4cfeb557b26d57a6fa97b2fecb197fc0"
"outputs/evaluations/low_friction_multitask_contact_fusion_validation_place_blue_cube_blue_pad.json","6352","bd4da60ca861bcd7f55aa76622ecde24473f48404d84c3fbcdaf7513a04d3692"
"outputs/evaluations/low_friction_multitask_contact_fusion_validation_place_blue_cube_red_pad.json","6329","16614de29305fc481ea77f6ac4510e68746171513581125196d0a3701a09b7ee"
"outputs/evaluations/low_friction_multitask_contact_fusion_validation_place_red_cube_red_pad.json","6304","40192a2aa49b3abf58ea475431c94fc43fccf5169b06f8ecd531d229d2105ba5"
"outputs/evaluations/low_friction_multitask_standard_move_leftmost_cube_to_bowl.json","6298","2b2345f5b4d5146f3c65c69bef2befd2a198fc7f8035bf1d1768a4faafa2bada"
"outputs/evaluations/low_friction_multitask_standard_place_blue_cube_blue_pad.json","6307","740b27b64c50bd54a28ae987d8358ce333f948c448cd1e008afa91d09f627d09"
"outputs/evaluations/low_friction_multitask_standard_place_blue_cube_red_pad.json","6279","3ffd20fdea01e6fa7a3a98e258a4d0250d9ba837a87fa21781571e3cf96698fb"
"outputs/evaluations/low_friction_multitask_standard_place_red_cube_red_pad.json","6257","a816a556cfc5d9659318b78fc0752a90253a3c1305dd0699915dc4bbb9280f0e"
"outputs/evaluations/low_friction_multitask_standard_validation_move_leftmost_cube_to_bowl.json","6298","11ce46559f06290eea725207009988b7bcd69d3f40fdb76e7f5ee09cf63ea7d9"
"outputs/evaluations/low_friction_multitask_standard_validation_place_blue_cube_blue_pad.json","6307","648649075c48d7a5a7aa557269c259b964e6f18b1983d004a895a613ce67aa77"
"outputs/evaluations/low_friction_multitask_standard_validation_place_blue_cube_red_pad.json","6279","958889e9d127de75894aca05d8aececa93608e81dde64d9643edac4cae099061"
"outputs/evaluations/low_friction_multitask_standard_validation_place_red_cube_red_pad.json","6255","4d2b1510a69ae4887e32c503b73954f7875edd70d2f2df1161153e5cdbdb4740"
"outputs/evaluations/nominal_multitask_contact_fusion_move_leftmost_cube_to_bowl.json","6319","58ec27e4b61a9a7d968a515badc72bea650c97ab00aaf7fe670072c710d383ae"
"outputs/evaluations/nominal_multitask_contact_fusion_place_blue_cube_blue_pad.json","6333","c0fcef565040cfa7bd841baeb349f120dd99462a08c58209a52f6bdd8cdb9069"
"outputs/evaluations/nominal_multitask_contact_fusion_place_blue_cube_red_pad.json","6301","7c16976d63fe60423e27c38a7baceaa7f1d84cf5c33cae439705c75ad081ef03"
"outputs/evaluations/nominal_multitask_contact_fusion_place_red_cube_red_pad.json","6277","d3d3e9f14459f902dd3bb2749bbd9080cbd99fc289955afd84456f7e230a0a54"
"outputs/evaluations/nominal_multitask_standard_move_leftmost_cube_to_bowl.json","6276","76906c35fbecf22b339916bc815d677f5b5bc2e591dc709c18d19b7deb1e0444"
"outputs/evaluations/nominal_multitask_standard_place_blue_cube_blue_pad.json","6285","98def79c1eafe95f73c8863ffaae7d65afcb621974d18e456fe5ec4d593b9b1b"
"outputs/evaluations/nominal_multitask_standard_place_blue_cube_red_pad.json","6251","b1835806f9711bbbde20fd2b15835b1f19be55942d9f38e1732295965950e8d2"
"outputs/evaluations/nominal_multitask_standard_place_red_cube_red_pad.json","6226","a932c4b989db0471f8603e420e5baeab348d5e2e84d2176bcf98a63a44de3bf0"
"outputs/evaluations/openvla_dataset_bridge_v1.json","1010","983dd2b465a990fd54f5b22e97ec7777c006f3208fee5b087eb60d9217d69312"
"outputs/evaluations/openvla_feasibility_check_v1.json","3334","63011e1714fe150d65b74a3a04a19a26ebc24ebc982e825ec8222868f8d136c8"
"outputs/evaluations/peft_language_rows.csv","604","46270fcc9944288212ba0ce67b7a2c6b3a67cf2020b23c86a31c4868a66d5fd8"
"outputs/evaluations/peft_language_rows.json","12820","f0baf61171ae41c45f8a3712bce0d93d8bab49504d16cefb779c7e8324c04f21"
"outputs/evaluations/phase_language_tmp.csv","379","d615a896966e7bb7529d6f6d901f4bcae4df9aee6215fa6f0483d0b3d918e870"
"outputs/evaluations/phase_language_tmp.json","7628","5d2d71eaa7b56651e7d9210f0fbb8af68ab73f3f81f1373dff70ac00fe8d7218"
"outputs/evaluations/phase_weighted_torch_act_v1_candidate.json","9380","8b58479547339d5adc23e2de2d377c965fcf395b17b6bd3c63496e5cf93b40c0"
"outputs/evaluations/preference_contact_aware_trajectory_post_training_v1_candidate.json","9724","e1b6343090f8ebe314a11c8972627b435ba0640a9033ad4ad29546b22cfbc3ca"
"outputs/evaluations/preference_post_training_upgrade_gate_v1.json","12033","99ff3a1de2b014a38f03cb6aa4e76d16f0948242987fbb510a2534f942914434"
"outputs/evaluations/preference_ranked_trajectory_post_training_v1_candidate.json","4560","e89dbfd18697adb2e8c07db143e0f549edc34a5b1703fb6d4cb8e961b7cf0b59"
"outputs/evaluations/preference_trajectory_post_training_v1.json","17351","cf628fb558220861b6447bbe19d7f0635044fcfbe991101799404d78e439a68b"
"outputs/evaluations/preference_trajectory_post_training_v1_ranked_fast_candidate.json","21623","8e6066c4eb55eb6bb0138987887cdd7cff8ceb24ef9439bb274ccd297e4975cf"
"outputs/evaluations/preference_trajectory_post_training_v1_ranked_objective_candidate.json","21684","9868b637e2e3d013452786a6713f1480817bb997dedc74f12581bdd9c79a9dd3"
"outputs/evaluations/preference_trajectory_post_training_v1_tcp_lift_rank_candidate.json","22366","f855ce07486accc117640580838dc2ad6ad66f0bbe0f3eaf1db7d67ebd35d605"
"outputs/evaluations/real_widowx_validation_handoff_v1.json","20439","dd3a0fe9c4725c15641844ec0a87d4c8b14064cf3d08d82087f907ff3eebe1ba"
"outputs/evaluations/recovery_budget_preregistered_v1.json","12869","56016fef679a5c4e9b172c53dbd34cf893dc704ce8f5c5e73c68952df420ee51"
"outputs/evaluations/recovery_profile_contact_sweep_v1.json","6306","4a4d9900e06bc1a55b7acf31f65a5a768dff7f1610209a2fa7ac4d01389ccb90"
"outputs/evaluations/recovery_profile_heldout_v1.json","13781","324d8f3a2c935a243f77d4bfde844a1e79ff347776bb85ca21f83d281384f7dd"
"outputs/evaluations/reward_weighted_action_head_language_v1.csv","393","d8e5aa5d3d93d33438cb6951bf1fd25d6a9cd5dec9877b35f61a63fe6ec68d16"
"outputs/evaluations/reward_weighted_action_head_language_v1.json","6640","61805bb7f8486ae06fad3f256082ebfde576108fcc43e4d1c3856cb2fc8f8a20"
"outputs/evaluations/rgb_frontend_audit_independent_v1.json","12353","cbe555d9d764c18cb6e60b3415bb745a2b341f21becbdfa0b05e33fe55527759"
"outputs/evaluations/rgb_frontend_audit_preregistered_v1.json","12564","30b0a821d070e4e3ca02bd04d4d0249c0d339cd63ff3ae65a7ea466f86781d12"
"outputs/evaluations/rgb_frontend_end_to_end_preregistered_v1.json","66489","2226fad1117d08dc67afb78367bf8213e32c5135f0c835315cbc807e5d9f1e00"
"outputs/evaluations/rgb_grounding_core_v2_v1.json","6890","c741af84f18adcd73b116b8db5eecbae7b07a744e489ed24474f13730926a1be"
"outputs/evaluations/rgb_grounding_refinement_v1_fixed20.json","120438","d2f5a293b564d9e0ff8e7bf5cff3b6d594998954efe14e28fc4ef5a8e7fe83f6"
"outputs/evaluations/rgb_grounding_refinement_v2_extended_v1.json","68149","56a1a48a8fa0a94de0058368b5043f31d8f28a635fe75a26d3ca42021ed36946"
"outputs/evaluations/rgb_grounding_refinement_v2_fixed20.json","120441","9999635d5cafd8f5efb4e9696334a44e1e59238c167c8b5e6c54882dde0a838a"
"outputs/evaluations/rgb_object_identity_audit_v1.json","43868","4235cf112b78143a7f48cd7e5430ac116836449ca9f662c98f1da9542693b6d5"
"outputs/evaluations/rgb_object_identity_green_audit_v1.json","44030","fe10b0ad864029e6f5d6f6542ed6e6aace8439d3e0482406bd8865b71f785d2b"
"outputs/evaluations/rgb_object_identity_red_audit_v1.json","43697","8e954e892522bfc740768617134c55ca53b059cd7dc3b1f2dbf15fd095b3845b"
"outputs/evaluations/rgb_object_identity_v2_extended_v1.json","78032","ed1841c2262b6b911ac01f4c271d13907f0dce6326608e2d909c7970ce9e2af5"
"outputs/evaluations/rgb_object_identity_v2_fixed20.json","123346","70dc3e63af31b68e3d27fbc8d9ffd1d7e26b2804ab9060f01d8127807ea5dae2"
"outputs/evaluations/rgb_occlusion_recovery_v3_extended_v1.json","78042","32d362ffca730a2095b206530b8f3bb43506294cf96dc02440cf6b666fd1b34c"
"outputs/evaluations/rgb_occlusion_recovery_v3_failure_visibility_audit_v1.json","13467","39bdd699e50b327388498ff55e3badd76a4c72e295913de4f64ff1830d109b7b"
"outputs/evaluations/rgb_recovery_profile_heldout_v1.json","13096","34c7599a218681a1138a4c480c49ce4c4aa8fe5e2b68325fb20e816acb6469e4"
"outputs/evaluations/rgb_recovery_profile_heldout_v2.json","18645","8450fe4ccb0f3e59d90b8eab8193d51f425638d6259d8abc514fde9ef6762197"
"outputs/evaluations/rgb_recovery_profile_multidomain_preregistered_v1.json","97351","68b451f03711a0600c2e3352090f2b6ab61493542627e74f79e678f1d7be3845"
"outputs/evaluations/rgb_table_recovery_v4_extended_v1.json","78813","b3d83db47c0306d54616682bb7447221f49daafa45b473f822b9a05df8059e88"
"outputs/evaluations/rgb_table_recovery_v4_failure_visibility_audit_v1.json","11277","ec22f1b2a9561f73be38ef8a503e53d3e3b5c9dde004fae1e8c7b28cbb9f946f"
"outputs/evaluations/rgb_table_recovery_v4_source_control_v1.json","79259","2d7c74b884e2c5138e110209418e6fab0dd375c930f94ccca6f2fef0412c5283"
"outputs/evaluations/robot_vla_action_head_handoff_v1.json","4340","364d51e822eabd374094e3834b63ee0d6874f04188de073f5b7908dd633ecbdb"
"outputs/evaluations/robot_vla_remote_result_intake_v1.json","2245","6429b3ec868b529a59d0f9658052c9cd079e7fde00da20ff8124ddcbc2902089"
"outputs/evaluations/robot_vla_remote_run_pack_v1.json","807213","036dfefea84e9109f96f90de3e6d000b1541e651ddfedcec3ff61b3fee037ad6"
"outputs/evaluations/runtime_capability_v1.json","3881","38e9b0ce12074eeaee3432d81a390c44ccdbd1510d84cd3db3c4ed42c00b1869"
"outputs/evaluations/strict_grasp_success_audit_v1.json","53918","8384abd2e125e27a222101560a1989532cc63446dab46c1e26cd6d649b234773"
"outputs/evaluations/structured_waypoint_policy_language_v1.csv","374","0cfcf29c0e7aa45f8edc35c473b70734a2d1736a9187d9459fe8bbd8efecb2ac"
"outputs/evaluations/structured_waypoint_policy_language_v1.json","6446","614a3f10646e75721732ec2a8cb47866d26d5aa0618a0fc63922127217ac9be3"
"outputs/evaluations/timing_aware_trajectory_prior_residual_bc_v1_candidate.json","8845","3d27c212567ba9d6404c0593b168dc40a2e1555bee24bb57487451cac4c5def6"
"outputs/evaluations/timing_aware_trajectory_prior_residual_bc_v1_candidate_scale002.json","8845","b7ab98840e584a21be937fa09acd34e172776f90fce1353b39cc11b9403205b9"
"outputs/evaluations/timing_aware_trajectory_prior_residual_bc_v1_candidate_scale010.json","8894","d5f576afefc6aaa1363e1b42e5401b3835f25bd40b9bd2377a1608125bb1d232"
"outputs/evaluations/torch_act_cvae_language_tmp.csv","345","8cd809879d18d3e130d6951fd94df8ef93576091b5a86eec4901d8020d3656d2"
"outputs/evaluations/torch_act_cvae_language_tmp.json","6479","7d6656254cefc0d085a80c634e8d05e1a1495547c992bacfd1d7454ec3e5ef0d"
"outputs/evaluations/trajectory_phase_template_bc_v1.json","15993","6be4cd73a27420d9a424ca526b329f5a92c6036705509ebef3797e4c5ab295f2"
"outputs/evaluations/trajectory_prior_residual_bc_v1_candidate.json","8578","575e7b187a92dc9f8a15b28776a4e1286c1719f1b3a42f69c364c78007377a18"
"outputs/evaluations/v4_independent_replication_v1.json","1589","8b0d05fdfdb6f08c3617239656697dc6c3cae3ec7e08a92729ae57843dc1a0d2"
"outputs/evaluations/version_naming_and_gate_spec_v1.json","4735","e31e288e8914b00de1d9413f0bd5b03cb69fbe34f6f40377a3d5d8b4bf93347f"
"outputs/evaluations/vision_language_action_head_language_v1.csv","381","3cdf7319cf930c5c862aa48dc0126ab22a56ec1767aa03d9ed6ded2702bf773f"
"outputs/evaluations/vision_language_action_head_language_v1.json","6621","f413b59626180ab3a41384a9edc26db9a1c1c5284e82a8604bf6bc5b5d7acded"
"outputs/evaluations/widowx_mujoco_rlds_source_v1.json","190089","efa15351637941557abe8b39c73f246181a600ccaaeb2551d93b56fbc824651d"
"outputs/evaluations/widowx_mujoco_rlds_source_validation_v1.json","748","f3eb577f1584cb6e00fbd3dfeaad0349fd2e708f8cda6bf0a8207ea8425d4c58"
"outputs/kaggle_remote/kaggle_clip_semantic_adapter_core_v2_v1_kernel_v3/kaggle_clip_semantic_adapter_core_v2_v1.npz","71053","513171a837e3713fa1a718660c56ac79b3a2e70f0a119bd6b95f68d0968ed1f2"
"outputs/kaggle_remote/kaggle_clip_semantic_adapter_core_v2_v1_kernel_v3/kaggle_clip_semantic_adapter_core_v2_v1_metrics.json","17440","5d93dee07819054e0a42f92101c402d3d68e9908306cb5c8ae4382b397f333d5"
"outputs/kaggle_remote/kaggle_clip_semantic_adapter_core_v2_v1_kernel_v3/kaggle_clip_semantic_adapter_core_v2_v1_predictions.csv","7743","bdc156d5e0e7c55d3451eca10fdec66b300bbfee3e3f09af17fced3f9d284586"
"outputs/kaggle_remote/widowx_mujoco_clip_recovery_value_v1/kaggle_clip_recovery_value_top_front_v1.npz","40455","38153770495983094c4064adfdfbd37c01e345a05c03a2e8f2a252542925c673"
"outputs/kaggle_remote/widowx_mujoco_clip_recovery_value_v1/kaggle_clip_recovery_value_top_v1.npz","21599","1a6343d19a68ae391d72fb7061d522a880283b1e44d4eefcc69d3f08d44352b2"
"outputs/kaggle_remote/widowx_mujoco_clip_recovery_value_v1/kaggle_clip_recovery_value_v1_metrics.json","7246","f59ed642bc317ef8fa9bf92b2a0f9a54483ac979ad5237bb25559b0ab0401963"
"outputs/kaggle_remote/widowx_mujoco_gpu_probe_v1/gpu_probe_v1.json","397","afbf13383be4d68b9b35dd9a6e9e9a76d2988bf015261ad0e6cca8a68839e216"
"outputs/kaggle_runs/clip_lora_gpu_v3_complete/clip_lora_patch_pointer_kaggle_v1.json","6587","29db8a32d6418e2ed24cd84870cd96c4c316df7895912fe920b1e5a3b7858bb8"
"outputs/kaggle_runs/clip_lora_gpu_v3_complete/clip_lora_patch_pointer_kaggle_v1.pt","478794","26d204a902c2282ffd9b188bcd780a81619f8f17a7b63b0fa32ffa70533877a9"
"outputs/kaggle_runs/patch_pointer_v2_cpu_complete/clip_patch_pointer_kaggle_v2_cpu.json","4594","2c8b21afefa4e3f2fe17e92135a0c92cc223a358de232ea6718a089b3975338e"
"outputs/kaggle_runs/patch_pointer_v2_cpu_complete/clip_patch_pointer_kaggle_v2_cpu.pt","377473","b4dc44d0c09029021f3c328fceaf209cf806e01a751f2f67b72837455cd60920"
"outputs/kaggle_runs/patch_pointer_v2_kernel_pull/kernel-metadata.json","715","7f25d3ed459326e7394089db292c08a07964f264c06ac1a53862af3d5677d3c9"
"outputs/kaggle_runs/patch_pointer_v2_kernel_pull/widowx-mujoco-frozen-clip-patch-pointer-v2-train.ipynb","1813","1b32291d73d37fa07ed6dbfbde27bd17fcec7972f18ce75e137c8a05d50ad326"
"outputs/knn_bc/knn_bc_20260702_050330.npz","4618166","ade4805a284a21aac0b52664713b64c0062d8076e06d430d0ea6173e1866a595"
"outputs/knn_bc/knn_bc_20260702_050645.npz","14681681","a0892e9bef918e4ec8472f39b716622bbe73e861ef6256f2838e703a7039acc3"
"outputs/knn_bc/knn_bc_20260702_051907.npz","15708026","376a4d500d980360759b072f258f47592f4b1f8484763cc6f423e67c7d1eb5fb"
"outputs/knn_bc/knn_bc_20260721_101314.npz","4785908","2e31adb5b3834fbb852ae9a32d254531a0b3342c66a9299941803da3294542ca"
"outputs/knn_bc/knn_bc_20260721_101605.npz","3851025","f258eb6ae7d9c9b2f1f2b789c8fcd617cc7ffc4e5e6488f9fd3afdbd4eb805fb"
"outputs/mlp_bc/mlp_bc_20260702_053322.npz","394587","b0acb22e3323e9ce8730d33d473f84b7f718a1ca9b24c1123bea053da5991960"
"outputs/multiview_value_head/recovery_candidate_top_front_v1.npz","7758","136465acd2ff09cb784c1778873ec6c8834328bab8b142333cfc4d601e85df77"
"outputs/multiview_value_head/recovery_candidate_top_v1.npz","5907","09bc417ce482b867e5ef6d2d58d70fc452f9584979495e8a4f66571c09d85ab1"
"outputs/multiview_value_head/recovery_candidate_training_metrics_v1.json","14898","bd0f518c686b48d7edaf66fb9c4b6d2c572675deddad7f89825c0aeadae05a33"
"outputs/multiview_value_head/recovery_value_top_front_v1.npz","17564","a1db26eeb9b28a2d5ecd7fdf6ee399e95a167048254415e1cf259d802453b9b2"
"outputs/multiview_value_head/recovery_value_top_v1.npz","12231","77e397c1d09a2e4a65a9d68e694761d0165669ef4a42fc688da1e2a5c9e70ee8"
"outputs/multiview_value_head/recovery_value_training_metrics_v1.json","17897","f007c99647cd6fbe141d83a659160d984a3fe1309add7eed47aa155f42875d6f"
"outputs/multiview_value_head/terminal_mixed_top_front_v1.npz","17498","d6bd9522d75ae72fc8ebf9f01fbcf3f97a99749da8b05e4674bdab39ca7a78bf"
"outputs/multiview_value_head/terminal_mixed_top_v1.npz","12119","11acd07be7b2a4eeb1da0d00ab930920c0ab12a2314a0e6a82709cdb433a8259"
"outputs/multiview_value_head/terminal_mixed_training_metrics_v1.json","15927","276947a0b6f711b34ec08a2a09dd910b71175c6cbf30cc1eac8ef3a186f9828d"
"outputs/multiview_value_head/terminal_verification_top_front_v1.npz","17492","c5725cb25f2480331d1054acba6064af43a7b27a7a90c3d310fcc4086658bd8c"
"outputs/multiview_value_head/terminal_verification_top_v1.npz","12116","f62ebd2427d9dad8f4988914d6b9a330f8eeff202e6b6d6d1658576ce240c8c8"
"outputs/multiview_value_head/terminal_verification_training_metrics_v1.json","15894","e90db962aa1dca2c72a1b164f4fafb17ad5bb0a2d0c53949fe3a40bbc9e46469"
"outputs/object_action_head/multi_task_object_action_head_lite_20260720_051025.npz","402296","db158de71cbeede83481f7cd0c44a7d60e7250451be20396a00b7b196a0a7a3c"
"outputs/object_action_head/multi_task_object_action_head_lite_20260720_051331.npz","402179","ecf3462819d7bf9b64350bebcecb24b865cb7276d0540cade3b2850770480498"
"outputs/object_action_head/object_action_head_core_v2_multitask_20260721_101345.npz","143236","a3e47d03e121d792a3af8ba24a7b63bb5cf6c33f91cc3a5c7744a53fcd2b2165"
"outputs/object_action_head/object_action_head_core_v2_train20_multitask_20260721_101627.npz","143235","4e68d5bbc181961f4937c6470923c232db7eb7e724d8cb89f39d352cddecdf39"
"outputs/object_action_head/object_action_head_lite_20260720_044426.npz","402588","4d9ef9868d5cea98352b053586b3a21c5d839be954bcaef9fa081f5176dae4c1"
"outputs/object_action_head/object_action_head_lite_20260720_044703.npz","402645","076885abdae01ef25d2676b8e9848088ebfff79494a08d2a96c8a44831694adc"
"outputs/peft_action_head/adapter_action_head_lite_20260720_072914.npz","411911","9fe36082d9fafa72776fe3050df9f5713c32491f9700b53554cf0d77e1387162"
"outputs/peft_action_head/adapter_action_head_lite_smoke_20260720_072842.npz","407899","20860ad2c4efdf8425a041c9b0eb33dff19039b5d0a0c7a76ab397e95916ab2d"
"outputs/peft_action_head/lora_action_head_lite_20260720_072913.npz","411392","561e30557ee89141429faa2eef00222735ed6c3358a42f6c9b15b80cfc7bc51b"
"outputs/peft_action_head/lora_action_head_lite_smoke_20260720_072842.npz","407491","4465025ec15916b617fd9de7c13bdb80f0b4f014200aae2f5d3b06c3d6d82108"
"outputs/phase_action_head/contact_stage_phase_action_head_v1_candidate_20260721_020941.npz","1274819","200520f17b831e8a7fdb75043b49a3407ca8c78086c685c1a9b662e1a87016a6"
"outputs/phase_action_head/phase_conditioned_action_head_lite_20260720_082827.npz","1278087","8104c52098eaa290600dbae64907fe4e8463af02d8a9b5d60e5f8da5ab802e2e"
"outputs/platform_research/adaptation/ada-20260813-035604-4d56b0/adaptation.json","7712","bf9ff10deb905384e4fd21ab74bd08d9ce7f541b26fec0877ae5e64e53818f59"
"outputs/platform_research/adaptation/ada-20260813-040144-09d28d/adaptation.json","10150","390dfdc3a5b5f93e202acdb194b1d0780fe48b3c4bfc2b10475bdbe510da3e08"
"outputs/platform_research/adaptation/ada-20260813-040407-f7ddbd/adaptation.json","10140","0f97200e6f683206ca5aef8b6bb53545d6adbaa950874eea54ad1279e22ba978"
"outputs/platform_research/adaptation/ada-20260813-041441-c7bbdd/adaptation.json","11093","133a4c23c62e1b36c72ea26ea7e80b8e2dd4ad4cc62ce2d059e7760514313dff"
"outputs/platform_research/adaptation/ada-20260813-045205-138311/adaptation.json","16939","565ca6be35457f812e6378acd0a7023923594987f411da51352bc2006f3ce5c2"
"outputs/platform_research/adaptation/ada-20260813-045439-035277/adaptation.json","17989","06a0bfa3024d01b98167c0f5bf0a60ba650a5f56b0652049d22d1033c2e9f5ba"
"outputs/platform_research/adaptation/opt-20260813-053450-f90ee0/paired_optimization.json","32521","b614b1b76a0263249dc089841b4199c9775745fad10cc75a8d9f5bb73f959eba"
"outputs/platform_research/adaptation/opt-20260813-054004-e3ae63/paired_optimization.json","32524","03d32e5c756bd4fffbad89c9b2c45cac8c90a6d87283e0266b95b578e9edae0a"
"outputs/platform_research/adaptation/opt-20260813-054029-7106a7/paired_optimization.json","33232","71362c5f67fa1a54b078995da1b3d394cf57c40a259c79ead93a7a07336aafb3"
"outputs/platform_research/adaptation/opt-20260813-054052-a97020/paired_optimization.json","32521","08c699c260c4ed4a55d138c6a1aaa957fe39b6b31014f28d50d2f8d283086776"
"outputs/platform_research/adaptation/opt-20260813-054926-8728a4/paired_optimization.json","32967","04ab66342927b397170a8ee8348e4baa1619b155e4d3277a9f9a189bf3917f50"
"outputs/platform_research/adaptation_tasks.json","361","aed139fd8be49441ed3612ad091e949b31a0027967e65bae2515aaee3b8ced5e"
"outputs/platform_research/experiment_ledger.jsonl","144247","f0a8906a5ae9f661ee6956c5be9a59f30a21f67c7541968fc8c7f97803c8e586"
"outputs/platform_research/release_registry.jsonl","363","7d4fc22963b2f580be3fa1cca38a09bfef7e8292c4da94e332b06db27a729bc1"
"outputs/platform_research/releases/rel-20260813-020429-18709558-9ae9/evidence/docs/experiment_versions.json","13642","d418587e0159909de22a1a10d0f1b380b5c80e684de3c053c58490740aa1847f"
"outputs/platform_research/releases/rel-20260813-020429-18709558-9ae9/evidence/docs/model_resource_summary.csv","8963","fae264cb04dabce541378bb0ba5a98f40415cbd01cff40f4167866a96b55b4fe"
"outputs/platform_research/releases/rel-20260813-020429-18709558-9ae9/evidence/docs/video_quality_audit.csv","25776","12a84ff395d45e4b24078ad54ee09b0d467fd894ebcde4b751a0a5e25035f56c"
"outputs/platform_research/releases/rel-20260813-020429-18709558-9ae9/evidence/outputs/platform_research/experiment_ledger.jsonl","27681","d3c23eb537562a7453ee148ed1b52853fb89dd88430612cfcf3e35ee1a4cafe0"
"outputs/platform_research/releases/rel-20260813-020429-18709558-9ae9/evidence/outputs/platform_research/study_registry.jsonl","1042","80a56e5e4c7bb3d147da3f3332b33db18590633b6bece6d1b9fb462288f601ee"
"outputs/platform_research/releases/rel-20260813-020429-18709558-9ae9/evidence/runtime_assets/final_closure_audit_v1.json","4057","692d5b3dced8d920a32b209878fe5e75ba79bca341e9a4593ffe2bac04cd0932"
"outputs/platform_research/releases/rel-20260813-020429-18709558-9ae9/manifest.json","8706","5b6e3a31643e14bcfa3f11c3f03782bef3266a5485e747ae573964b5b96546ee"
"outputs/platform_research/releases/rel-20260813-020429-18709558-9ae9/portfolio.json","37179","14f9e2008fd93043b6a914cecef458b04300e87c1cc020fd9367176567e523c9"
"outputs/platform_research/runs/ben-20260813-002753-0be1b7/benchmark.json","3726","10fb21878b86827ca12b72b422756f1b22048918a67f968b9b535bfb4be77992"
"outputs/platform_research/runs/ben-20260813-005318-a321ca/benchmark.json","3781","0702a757c1cf7ac5a6808d0c7e68fe57d27d2919fcbc24f9fda30b3a391af60c"
"outputs/platform_research/runs/ben-20260813-042107-e8ab24/benchmark.json","9487","1be886ed275741db4d84c3301134335b9da5d918693ec2aa5cfc24a531b6170b"
"outputs/platform_research/runs/sim-20260813-002753-b83ae1/run.json","1908","5167357bc00af9247aff14ab417f376f66410ca994e96711aeaeb414b1109296"
"outputs/platform_research/runs/sim-20260813-002803-f2f373/run.json","1869","2bb3988ad5330d8eace7d01241bfa7849b1afee47d3ae041615a0a2036d25a90"
"outputs/platform_research/runs/sim-20260813-003623-6e7bbb/run.json","1736","6534e647ac42f66a9f3f3f0153fd913a4721151a3ab5366d12b24ba7439958bb"
"outputs/platform_research/runs/sim-20260813-005318-8c667f/run.json","1909","2744714f758213c1dca91b62685d60c7c51689c1547ce68eb1d66369dec63fa7"
"outputs/platform_research/runs/sim-20260813-005329-925cc1/run.json","1887","4e6ba8d8987c54ee6923710f9e0cf6ffb89d0769c6b81befb2c2890387653d7a"
"outputs/platform_research/runs/sim-20260813-041949-0a9811/run.json","1917","84f05c5be69242a4af6c65683cb395233310336037dd8f477093454a585af9fa"
"outputs/platform_research/runs/sim-20260813-042107-9685d9/run.json","1905","04256e8b362443664e6d13a07b41309eb2ca9bf5cf17456731ac29cad36d9f49"
"outputs/platform_research/runs/sim-20260813-042118-0e5def/run.json","1881","966f7324680742fd910a2d47976bfc6b8be00d139c35af84d6664dcf18621027"
"outputs/platform_research/runs/sim-20260813-042129-ce7d10/run.json","1901","6a61992b16985e0a352a33b6909d0b3d18cc71795f3597318b4a9213e1b3b39c"
"outputs/platform_research/runs/sim-20260813-042139-afbb07/run.json","1877","72c2436c086055821405095ff294c6ce971ce8548e73813d567037617617afa3"
"outputs/platform_research/runs/sim-20260813-042149-68a669/run.json","1871","b1c3b11e8c1012803d4798bf6c487bbafbc1381b3e7a3a162879996e04fae59d"
"outputs/platform_research/runs/sim-20260813-042159-693c2e/run.json","1871","031758178d6e3381f44ab3aa78aabc4d0a8066bbc2346d1683b24f05ec66b7ba"
"outputs/platform_research/runs/sim-20260813-042209-dea4ea/run.json","1905","134fe634ec54a91722cfc239f16d700573e6b9e488a68ee9daa8175553e0d940"
"outputs/platform_research/runs/sim-20260813-042218-cb5456/run.json","1882","e7a23f4039df047d1fca05cd67a837f94caa00e48b4885504cb2486020d5b359"
"outputs/platform_research/study_registry.jsonl","1934","e98ebfd10b9dc29e798a60471104f6f6b053af0ce5eb89919dada2cd2279ac7c"
"outputs/platform_training/action_chunk/trajectory_chunk_bc_20260812_202147.npz","370397","275e8ffef6d2cba641d91941a2ec8fbb6e1ed1b0d7e44ed6ec83f0eecf560f70"
"outputs/platform_training/adaptation/place_green_cube_blue_pad/adapt_place_green_cube_blue_pad_20260813_035604_a4b5/lora_action_head_lite_20260813_035606.npz","405491","f887a9fda791edd7355bb85c84e0aa019bb0244393518d775eff2c4814a2e1de"
"outputs/platform_training/adaptation/place_green_cube_blue_pad/adapt_place_green_cube_blue_pad_20260813_040144_9a96/lora_action_head_lite_20260813_040145.npz","405488","32c86b3c1f87a3fe32da35f2401d5e950cdc9800dfc1faf983b9fc37c760610b"
"outputs/platform_training/adaptation/place_green_cube_blue_pad/adapt_place_green_cube_blue_pad_20260813_040407_0ddb/lora_action_head_lite_20260813_040410.npz","405484","5dd29cc4be14f2bd4942b1922eabc14e756b52516ebe69c5793e57ddd95fa653"
"outputs/platform_training/adaptation/place_green_cube_blue_pad/adapt_place_green_cube_blue_pad_20260813_041441_7564/lora_action_head_lite_20260813_041451.npz","405518","905906361c784bc7035a824221ada292b911f1cbf24906573b455e8eb724f3bd"
"outputs/platform_training/adaptation/place_green_cube_blue_pad/adapt_place_green_cube_blue_pad_20260813_045205_f2aa/registry_rgb_skill_adapter_20260813_045206.json","702","b9db81e0ebd4c7ea4f804cbe0b9f8f9fb23b926dc44492a048bce68b327181d7"
"outputs/platform_training/adaptation/place_green_cube_blue_pad/adapt_place_green_cube_blue_pad_20260813_045439_292c/registry_rgb_skill_adapter_20260813_045441.json","702","7f6ab96e29d82c347288c39a39876bca77803f227ec5f5c5a0761964e96caff2"
"outputs/platform_training/adaptation/place_green_cube_blue_pad/opt-20260813-053450-f90ee0/local_lora/lora_action_head_lite_20260813_053450.npz","405490","e94d579d5b15c47ee7bb391ac3cd705efb8c1f320392e5569c4372b5ef5e1cb6"
"outputs/platform_training/adaptation/place_green_cube_blue_pad/opt-20260813-053450-f90ee0/registry_rgb_skill/registry_rgb_skill_adapter_20260813_053453.json","702","918597550cd03bed98c4930bfa7afb211fc835d9c8b15ff02f0cf338b2d75f08"
"outputs/platform_training/adaptation/place_green_cube_blue_pad/opt-20260813-054004-e3ae63/local_lora/lora_action_head_lite_20260813_054004.npz","405488","5bbaba68b6189e0e9b938b2b632aaef1e873e33340a8df201558bce433622fd9"
"outputs/platform_training/adaptation/place_green_cube_blue_pad/opt-20260813-054004-e3ae63/registry_rgb_skill/registry_rgb_skill_adapter_20260813_054007.json","702","12337192c3bc62dca287454da5c8ccd7b125630c254538ad9e1df9585b11e001"
"outputs/platform_training/adaptation/place_green_cube_blue_pad/opt-20260813-054029-7106a7/local_lora/lora_action_head_lite_20260813_054031.npz","405487","81968197fa46bc88ebb1cc07372084ab488fdb5630e0213535902beecd1d226f"
"outputs/platform_training/adaptation/place_green_cube_blue_pad/opt-20260813-054029-7106a7/registry_rgb_skill/registry_rgb_skill_adapter_20260813_054034.json","702","a3f3fe0cb30d24d84a8ce6fb8512d33da46ffc70d5bf74e55e2330d4e010b5a0"
"outputs/platform_training/adaptation/place_green_cube_blue_pad/opt-20260813-054052-a97020/local_lora/lora_action_head_lite_20260813_054052.npz","405490","8d45a452945f7b247dd2741b58bf813894ec197444a38dd056b5fcc5263e8b7c"
"outputs/platform_training/adaptation/place_green_cube_blue_pad/opt-20260813-054052-a97020/registry_rgb_skill/registry_rgb_skill_adapter_20260813_054055.json","702","681b639aec2be71ec1016d8b9aaa1c3282a6e3b8b9992273ec9ddf909f95c14a"
"outputs/platform_training/adaptation/place_green_cube_blue_pad/opt-20260813-054926-8728a4/local_lora/lora_action_head_lite_20260813_054926.npz","405490","2769ad6863b3a6a14b252c4f007a52f05496fac52d7d5cd09d675b1982baa190"
"outputs/platform_training/adaptation/place_green_cube_blue_pad/opt-20260813-054926-8728a4/registry_rgb_skill/registry_rgb_skill_adapter_20260813_054929.json","702","7780d715918ca735d6d99e28e1df45e513b5bfb2ab2b6d5fa5f2c5cdef480eff"
"outputs/platform_training/autolab_probe/green_blue_micro/micro_probe_20260813_043404.npz","27688","f1abcb880302adb8dc658ab848f491b0acfc3ba750fa20cf37d9c37eb95268ea"
"outputs/platform_training/diffusion_lite/diffusion_policy_lite_20260812_202149.npz","190640","59e9be83be16bc46e8e9749d8d0c0b3fed49c4cacb6c4f9e229d7fab7301c84e"
"outputs/platform_training/mlp_bc/mlp_bc_20260812_200855.npz","138810","d322d25e1b260ef8434a987b9ad907f3b32887da7dbcb0891f279be2664d26f0"
"outputs/platform_training/mlp_bc/mlp_bc_20260812_231540.npz","138507","02d6e7f037ab26e6b28a6de2c07387e85ee888b1bc2d230375a8507853c473a2"
"outputs/preference_post_training/preference_contact_aware_trajectory_post_training_20260721_000449.npz","64247951","50af9c65a6ece5b684e994c37eb224020fb02e57be4163f3c510706d9d0fc428"
"outputs/preference_post_training/preference_ranked_trajectory_post_training_20260721_031024.npz","126729348","ca948f537a5b352e9662f7396ead90f87174bdc7f7d22a2e3bd9545b1e9bb347"
"outputs/preference_post_training/preference_trajectory_post_training_20260720_165005.npz","43486980","6b5bdcb53f77f2f8935b0352efd98e1efcce0b7f321a0160e0e08d9fefec4f7e"
"outputs/preference_post_training/preference_trajectory_post_training_v1_ranked_fast_candidate_20260721_075041.npz","22271610","7f837d59287f117b399e1947d3518a3f6868443e83d32a8148bb4022d235a194"
"outputs/preference_post_training/preference_trajectory_post_training_v1_ranked_objective_candidate_20260721_073626.npz","85315278","6bf681e83305802b0ac0adbb365e94b7ec8f7a06b2645d7e9b5860f78f803ed6"
"outputs/preference_post_training/preference_trajectory_post_training_v1_tcp_lift_rank_candidate_20260721_090438.npz","64247749","3a52aaab30e1e35746bd118a1b2f5ec528b2baa8d2e2708df2e5911e8dce7b31"
"outputs/probes/visual_recovery_profiles_multitask_v2.json","11172","72bc55c2689d607e2f3dbc5c5a4eb36ebb1ba83f9fa2ec5b7ba44dfdc970a50b"
"outputs/probes/visual_recovery_profiles_v1.json","1939","4a624e2e38c8211f2fe4e9b05cab97b1dbd90f18f58970b032da4e657b505602"
"outputs/real_robot/real_widowx_validation_v1_trial_template.csv","19527","d4a5135774ff0a56ce1fa3304b5e8cc285103eecdb28b5950875314161d607b4"
"outputs/reward_weighted_action_head/reward_weighted_action_head_lite_20260720_080912.npz","403226","f02a17efea03df394d756f90bf09656fd720471c702248cfc621e999fc360f5a"
"outputs/rgb_grounding/top_rgb_core_v2_calibration_v1.json","2031","bb9bfc76acd3c1cac9e16c7edcdb2a8e2ed103c932354aa9cd4a0a9e7daf44e2"
"outputs/structured_waypoint_policy/structured_waypoint_policy_20260720_065456.npz","873","9fbc090e92cd106ad9c96b97d52606d20cec03f3512711892322519feba9a4b4"
"outputs/structured_waypoint_policy/structured_waypoint_policy_core_v2_20260721_100857.npz","948","6b628fbf614e59f66512c3cff74834c37337097e76c217dcddd2040fe2572f4f"
"outputs/timing_aware_trajectory_prior_residual_bc/timing_aware_trajectory_prior_residual_bc_v1_candidate_20260721_070402.npz","3182","4b817a69e107a6e336f45915d7e8f0f6ed832cdbeda46e06cf9db863b791eda7"
"outputs/timing_aware_trajectory_prior_residual_bc/timing_aware_trajectory_prior_residual_bc_v1_candidate_20260721_070442.npz","3322","85f8e369977a4f3477a63a7d0bb61aa21cc7cc2f51f8f5975e4c0b164f3b4e54"
"outputs/torch_act/contact_aware_phase_gated_torch_act_v1_candidate_20260721_004944.pt","758953","7605d7f1efab6113c0426df5698067952464b864f3d9f9aed191bf0e6291ee07"
"outputs/torch_act/contact_hold_weighted_torch_act_v1_candidate_20260721_023759.pt","826609","015e427dc87ab6c8bbeb17937d3c4111523065f3f9db11736a9f0d47d15f8065"
"outputs/torch_act/contact_phase_gated_torch_act_v1_candidate_20260721_003304.pt","746261","904c9b892730d371b4c93de3edc44071086c407660d0be74b8237180c4dde221"
"outputs/torch_act/contact_stage_demo_torch_act_v1_candidate_20260721_014152.pt","758215","0a4b8512c6bb3e06c8cf3680e1aea7176e29987ae6e959cf7786c47255487bd9"
"outputs/torch_act/phase_conditioned_torch_act_20260720_132228.pt","744942","e899c46b34fb4718e9aed0ebe4c3b4299b0f99bde723acaf695253ddf904d54e"
"outputs/torch_act/phase_weighted_torch_act_v1_candidate_20260720_225108.pt","746214","65ff5b2faf46f88061e4f5f1e1ce0d3c87a4ad238906e604db350d7d4abae6c8"
"outputs/torch_act/torch_act_state_chunk_20260720_055409.pt","742255","7913ae60c79a3ee596070be0be5bcb4755f9e37a4ef19a2a233849943a9825d4"
"outputs/torch_act/torch_act_state_chunk_cuda_20260720_095442.pt","743138","b3c938b7597a893629ad0007101183f7ea328a77c61e6eeecb55b3944d7d1ed2"
"outputs/torch_act_cvae/torch_act_cvae_state_chunk_20260720_084713.pt","827061","16e3aeab5c7733bf9d22045515e4e0caf1f0bdb864dec2aa908cc2b36635aa30"
"outputs/torch_act_cvae/torch_act_cvae_state_chunk_20260720_084842.pt","827061","0dd30c21b11c4249272d0cc6aa34a96240aa364370d319433cc62ec720506099"
"outputs/torch_diffusion_policy/torch_diffusion_policy_smoke_20260720_101906.pt","134000","502015ff1d33a3ef9c44f045cedefb26555fcf45cb7c21d3fe64a0ccf0d2108d"
"outputs/torch_diffusion_policy/torch_diffusion_policy_state_chunk_20260720_101928.pt","767274","74ff076ef8c6ea2560d424d1c6714f5f1e760663899b051eabc0b4c0e6ea2ae6"
"outputs/trajectory_knn_bc/contact_aware_trajectory_knn_20260720_233445.npz","49297117","d4688d493dcefd3aec08b524cfb3ff1ad08a3cf57801d6589c9999976baaafeb"
"outputs/trajectory_knn_bc/trajectory_knn_chunk_bc_20260720_053423.npz","34521845","1b995eb5e94e0cd5253e99f7b6a47560179dbf62cd8cf8d203ebcea54c1b48e5"
"outputs/trajectory_knn_bc/trajectory_knn_core_v2_20260721_101314.npz","10563460","4e3706467024473e9e5726a54c6a388ad19732c5722c143b5dfe2245ca9f21b5"
"outputs/trajectory_knn_bc/trajectory_knn_core_v2_train20_20260721_101605.npz","8459592","88b991a402dfd236557d61643d47e258fce2870e80896b01e4c1a3236ac34f93"
"outputs/trajectory_phase_template_bc/trajectory_phase_template_bc_20260720_155834.npz","140806","4f54c28c4eba852eb714477245aefc24f9188d95a49d75cabc00e89cf1a5da10"
"outputs/trajectory_phase_template_bc/trajectory_phase_template_bc_20260720_160007.npz","43966","da0595c1c714cdf9ec1cb283025150d36c05760ee4cab5caff14ca5555ddd85d"
"outputs/trajectory_prior_residual_bc/trajectory_prior_residual_bc_v1_candidate_20260721_040050.npz","3004","a2bbcd43681f2a40fdf74ff382cd6369cd213940e1f9054beaf933b73eae0add"
"outputs/trajectory_prior_residual_bc/trajectory_prior_residual_core_v2_train20_20260721_102011.npz","3121","12e30339bc23b12d18f4ee9259cdabb8e0ab842ea0ba84655c4ef48d7809528c"
"outputs/vision_language_action_head/vision_language_action_head_lite_20260720_063009.npz","72137","859718645d7756f4c523d4a8a299fcdc8072f55d3c2d45655a8feb27d1ae414b"
"outputs/vision_language_action_head/vision_language_action_head_lite_20260720_063123.npz","518522","9f0d572439d2337562c75b0277af3dcdbdb2511f8f6bb2b13c2657e474f0d1a8"
"outputs/visual_act_cnn_cvae/visual_act_cnn_cvae_20260720_115104.pt","915344","c7af4b10ef622a5657520fc79cee89e16ac8ef117763db1dad99b4b71c3017a4"
"outputs/visual_feature_act/visual_feature_act_lite_20260720_091256.pt","778827","0b2dcd233281ed910ba34646fa9fbaeb89713d835f5ecd598979622bcee4a973"
"README.md","4886","2eb5e59fc875fbf902045c6be32c419ca8a560d9dc98bd253347d687c5877d94"
"requirements.txt","399","eb38c21430e67f53a6b92bc8b390c3ea7e29697b44ace3e634efe1cafab16e06"
"research_platform/__init__.py","75","6284f9ac0817ab61665d6ed3e0fb9645ccff8c399a09c8c92f7bcda2e1cf429a"
"research_platform/README.md","6159","96b0c508072cd41a5884a504ae36b4f4032feb9cdbb4dcdfaaad818caa3b3776"
"research_platform/server.py","207797","f55863aa8e8c24c761696611988ec7c712cd7d1ec2f0c781c91fd2536b8adb1c"
"research_platform/static/app.css","66607","70f38518c2be76ecb413921d3cb99061a4cb62f7707570f9f32dce8ab8417045"
"research_platform/static/app.js","98143","7511de38f541699a48bf8119b5cdb6ed86bed4c8cf13af18e03ef105cffaba1f"
"research_platform/static/index.html","46494","cc664279f7fd7c7fa5a8c9d45cd673cf84ce83d9a587bbbd923ded1ef6738eb5"
"runtime_assets/clip_semantic_waypoint_core_v2_v1_20260721_110325.npz","24407","9a8cecfd2ed1ab29e771b4bf1c2d168d741d88ca197d25a1cd0d56cd15fbff59"
"runtime_assets/final_closure_audit_v1.json","4057","692d5b3dced8d920a32b209878fe5e75ba79bca341e9a4593ffe2bac04cd0932"
"runtime_assets/README.md","841","0638e4ebe7dd8d18b34494c8c06f728e17ffcb48fef08cc4715dc4d61656e9c7"
"runtime_assets/top_rgb_core_v2_calibration_v1.json","2031","bb9bfc76acd3c1cac9e16c7edcdb2a8e2ed103c932354aa9cd4a0a9e7daf44e2"
"scripts/audit_counterfactual_intervention_pairs.py","5105","e15d6e1b6773e5a1c1f8ae2243f14c09edbca31eae7c9f6b3dfaed544b44fc63"
"scripts/audit_leftmost_grounding.py","4580","1cecb7c9bf68202e1c3cf87075b7415a6b0d031c66ea4566b1f019191e5cb464"
"scripts/audit_rgb_frontend.py","7142","51d5f5e75a2d35e64753204bba2fb327c35d6991a75b688aa111518ea9a656e7"
"scripts/audit_rgb_object_identity.py","8666","360c2f8fa6de5c58f29513d783018f9d22043cd188c15c4b9ea0dfaf91ea9b64"
"scripts/audit_v3_failure_visibility.py","7887","8e46dfe5a0fe21feba39a5c61aea9b427aed037936c08848e4ecfbd2274c0784"
"scripts/build_action_head_stage_report.py","15845","bbcc624ffd90ebda963bed96d70b592ab2df854e953613c99756c82d3dd1db9e"
"scripts/build_candidate_diagnostic_video_index.py","73035","e1795360b6cf96d3944a46ede52d528bc08c7ea1cb9e6c55cd92723541e6027e"
"scripts/build_claim_evidence_traceability.py","18043","4b238ad4530704f5bc71689fd1903e4a84cbc2779f4be4eda493755191b8df61"
"scripts/build_claim_video_playback_index.py","8897","f3876231acdc38e5a435371142408160dec0e41f3351eec348556bcaf7d265bb"
"scripts/build_clip_lora_patch_pointer_stage_report.py","9997","33e88d40538826add1277c0e57a888f0c61a51d78451c06b60944b752daa37b7"
"scripts/build_clip_patch_pointer_report.py","8458","eb52ebb7660545520a6653ba9e29866491a3a25b4e98a8029ea2b0abd1a11dba"
"scripts/build_clip_recovery_kaggle_stage_report.py","10249","417ad880d97c5c04ede545bff90e6f54f66a5d6350766052103a59c7cc4f7bfb"
"scripts/build_clip_recovery_multitask_v2_dataset.py","4307","70212d38caf0405dee895c2163db05e7ccf05ae59ad94aa585dfe9fc92d92bd1"
"scripts/build_clip_recovery_training_dataset.py","3464","fe3025c513e9399c8060bc6fa04c8d5baac6beb5da6fa493b44d8dc756c901fe"
"scripts/build_clip_semantic_contact_fusion_report.py","12688","e1d2207cfcc3e3f099de1b0bfcced5153fa2d27b001a6cf49754243703f957d9"
"scripts/build_clip_semantic_rgb_feedback_video_manifest.py","4398","e2e2040ee38d793fecc9f136e475474448d6ae53bed2c9e8ce61a148463d47f0"
"scripts/build_clip_waypoint_action_head_report.py","8942","454a84ef49e5e68d2eff6da1018981d5dd97cff321634de4e67fb49fd0a4bc13"
"scripts/build_contact_profile_sensitivity_report.py","9324","d21288251bb633db36f202a3d09f11b868e8ef2ee7686e57d296252efdb72a20"
"scripts/build_core_task_comparison_matrix.py","13195","6dfcae006025bad81116339039dcb81064a801cd9fd30ff8d312cc7373355da9"
"scripts/build_core_v2_clip_semantic_data_efficiency_report.py","7866","75cb1f04077c79003de49ba796e36665e85350db710d3bb7240e1ca9d8b60b0f"
"scripts/build_core_v2_clip_semantic_waypoint_report.py","7980","6c2634f0328556faebb6d846730a1ca4e5922185a7e5bd05f08f64614ec9b080"
"scripts/build_core_v2_comparison_matrix.py","9005","b9a139e5ff9e5fff3817207b844c9d198105d1e6fae2df66eb352bc3a2ff8785"
"scripts/build_core_v2_pretrained_vlm_report.py","9700","3b72e7c435070c5c56caa8bf311f8973338925e80d8dcdd7568d01a08366da96"
"scripts/build_defense_deck_html.py","15652","f2d18d85aaf6fe959e6dffc418f1425ce9053319d67aff92c6d1b51e61ab3f4e"
"scripts/build_defense_evidence_pack.py","37439","ea753c34abb036791eb114b03156e4e4b099f49e0bf0856a39680e71c518a5d1"
"scripts/build_defense_live_runbook.py","18907","710ae33715499f792c5b2c9d931185cfdad83253483668638a496b76ddc7a6ca"
"scripts/build_defense_qa_playbook.py","22553","f2e09661c50576b2f7e30e508afb406852ffab7df2009a8e8c7ae884da7144cc"
"scripts/build_defense_slide_outline.py","23303","614e673b00eec06c1205290288bd8c6a7447752fe566219cdae004167cc76a6e"
"scripts/build_defense_storyboard.py","25349","77dcdba4adade2f977300ca607e5130efb2ea13ef4da3c7867349512f21796b3"
"scripts/build_defense_video_cue_sheet.py","7468","d17f4fb2577d464248ce8fcbafd001e3ba955a6553971e85885c09543d9075de"
"scripts/build_defense_video_playlist.py","23506","b370c7674e4be01f0509c9035e09ec4ba6d3ca0c33301631bbcab12609dcf588"
"scripts/build_experiment_command_index.py","177667","df83ba36e8af73a665439e492d971baffd5facdb9b216f8066bbe29bb68b20ec"
"scripts/build_experiment_dashboard.py","30077","893268ddbd00f3e2732bdffa4cd03de327eb1ba694140b4b8c6d4ce69416bec7"
"scripts/build_experiment_figures.py","14955","79223f5409ed1dcb0486cc7eb319107f1d024b0e5b83fc6df778ace33d0d653d"
"scripts/build_external_dependency_readiness_audit.py","11425","e36258b4d52db67224b0f3c7aa813c3566c7b6f35da712745c88f9f2ab3a1e6b"
"scripts/build_failure_mode_taxonomy.py","11040","07a627c82435ff6a5def649bb9244b964cd79a1957c58da07306b4e09ed79802"
"scripts/build_final_artifact_manifest.py","98654","06d969facf40e6919a455f46766f6f129f0aebb062aaabcf19196755702f67a7"
"scripts/build_final_closure_audit.py","12373","cefac3ac3325a7f18641a9ac940cc2af44f3cb532fce5b6effcd0a4c01c46791"
"scripts/build_final_defense_narrative_script.py","19755","bd5e67535cdb1417e34f2aeb60a48a6fe8cf1278f90c84921808c1dc4531d153"
"scripts/build_final_method_version_index.py","11173","d3942cb9f5c5ed02618a7063fd51984d659c5d87146036e54ed9d7fb50518f88"
"scripts/build_final_showcase_handoff.py","13649","a1ea6e0e137a74ff127201ed4a1731e30da6fbd5db69e152815292c7d48c265d"
"scripts/build_frozen_clip_semantic_adapter_comparison.py","10071","9890fcc97732eb772e59af50d20e7bb33c75f78465527342a8a3596d84cd5555"
"scripts/build_glasgow_msc_thesis_and_poster_execution_guide.py","36120","ea047e77632ea64b145ac4a9b7793b80839f7e589582f01eb7198498eb14d52a"
"scripts/build_glasgow_msc_thesis_writing_guide.py","33900","005ba94e1db8117a963c2f0edac3cb336a3e75fc6cc80e946333fbcd8d887ace"
"scripts/build_goal_completion_audit.py","19444","9bae3d6f1866e85ad8902d4a8ac1b0161ff0922dfbec592f0d45f98da09e11b3"
"scripts/build_isaac_domain_randomization_handoff.py","12011","a7b09f0c3007f2aea5bf98dab7198dd5dc36509d2291ea492e0017aa871f875f"
"scripts/build_kaggle_clip_semantic_adapter_report.py","17066","6835e90934f654959a4bd0517cb5877f699dff5415dba195de793f57936b485b"
"scripts/build_kaggle_data_collection_report.py","6861","d5484acf85bac2206ab8be29b37d2149b326bfb0cc32f2d3e5c554e8568a9301"
"scripts/build_kaggle_lora_code_pack.py","2745","ee522af3ce0c8555e8bb437e1a17b948cb837312211fe5986075caf9c1616aa4"
"scripts/build_kaggle_patch_pointer_pack.py","14233","d2a349a6e749842f0715ab1ac1a848dfe3b994931ac78df8652e8152f51f820e"
"scripts/build_kaggle_patch_pointer_stage_report.py","12866","14010599aba40321f6fddf7a50f55d2910b2093f58856adce2f6867ec67db0f9"
"scripts/build_method_cards.py","14345","911412d6cddca5127a1635c787f167cf7ce9fd00b0179a3a419a5f4ba80ec3df"
"scripts/build_method_comparison_dashboard.py","19120","881f066486b928954e9abca42bb55adaacdd48d86f6cadab65c7531f3bc281ec"
"scripts/build_method_evidence_gate.py","9418","bbd9ce7fb06e4399b1e19b7bcbf1ab4b257759569d4e675bd82e1ba65dea39a4"
"scripts/build_method_stage_audit.py","15819","7a0a739e73f9c5f18f643fe851804f53541003db57e4f09973395a056426ad4f"
"scripts/build_mujoco_bilingual_research_page.py","47993","8472019f60ef0f41df2acc6b015cb0ce2b58c831f7054a5a63221ec2c2bfc93d"
"scripts/build_mujoco_html_3to4min_presentation_guide_docx.py","11459","e4a997b8760b3b5d8e600889c645925a6612dd45a02d2c8bfeb9d5ffd47051d5"
"scripts/build_mujoco_html_presentation_guide_docx.py","29048","cc8161254820e560fbd3f47d4d271796f5c6425d0401966329359ed177580188"
"scripts/build_multiview_posttraining_report.py","8374","f17c16579c85903af4b177ed3b645fe71349de7b0894ce2602dbf21aec3c3884"
"scripts/build_multiview_recovery_candidate_dataset.py","3062","1259571d5d943f999921972a0ac45e3c1636f3d6395625ace1a367dec31a6047"
"scripts/build_multiview_terminal_mixed_dataset.py","3611","024827c2a1b573f34d424c8d8a72bf22d89c35cfb774ac069d00ba0e3498dc96"
"scripts/build_next_experiment_registry.py","48347","949f186d11eba3d3080640a4ac8e8b8b6a553d4e95d15bf0c9edf4438d629ae4"
"scripts/build_openvla_bridge_gallery.py","10086","c5661109ba9636735750480ad2bce4273a681ad40e820f04bb1e9ea28539fb2e"
"scripts/build_preference_post_training_ablation_matrix.py","7961","a34f3e77f253723f9ce58801326459abc041a402770b2fa00840993ad1a6ec98"
"scripts/build_preference_post_training_upgrade_gate.py","18144","c00782d00f64d64a8066977069d82077228965dd69a912ebd85d4bed54a572b5"
"scripts/build_presentation_video_pack.py","21194","faa5356d8d8e1243bf52090e5ca4cf97f1ea67417fa48b96f05c64445205b6dc"
"scripts/build_proprio_action_stage_report.py","5290","7ab542ffec6ed18e66cafda7a7caa93d56e8754a78307ce67362de25cae4e5f7"
"scripts/build_publication_figure_suite.py","68344","678aa70d71797d7c324353b0a47cbac7c29e37e164d112a4bdf953d34198596b"
"scripts/build_real_widowx_validation_handoff.py","14598","075312dc0b18f0719b2acda6f3c5a04f8dbda14af2eb42a998559f60543b2a4e"
"scripts/build_recovery_multitask_action_stage_report.py","9540","ec5cdbd885ffd3a56c0f4f57ce4bd392ce911a2beb01a3f0fd73e6fa3069c7b9"
"scripts/build_recovery_profile_replication_report.py","9830","70fd75d93c7dadbf764c6e7d482f514c6fff312003c99062d88424501f9d4654"
"scripts/build_remaining_experiment_execution_board.py","9663","72c477ecb75a4ac0c99e3e3a082651fb4abd9e21126779af4ad9a44e7a62cd1c"
"scripts/build_research_evidence_map.py","23673","d9eaff0c274d9d5f648c2dbf1ec65656aa8d73ce3d8e1ab2f8898aefacec13f1"
"scripts/build_research_question_showcase_plan.py","10887","583ac129ddc741f18573727eb381e21a0ae76d20304d5ee18d0fbdaa50cb132a"
"scripts/build_result_matrix.py","14529","92d594b02014ec761026fb2e024165b4af576b8279e99cc37dd8220fa6480ee5"
"scripts/build_rgb_frontend_end_to_end_report.py","5433","95fef2ce14b2112fcecdc49f779542ea702e36871ae56de3f9303b14af8bde3c"
"scripts/build_rgb_grounding_refinement_v2_report.py","9572","869bf2625747fc5a4fc533266cc7d09fe22d435d0b23ba507dcb9c514f38465c"
"scripts/build_rgb_occlusion_recovery_v3_report.py","8770","d30802a0c56c003415e2b1d1aa78bd56ed44d0b456b6050fdb5cd33cdbd59a19"
"scripts/build_rgb_table_recovery_v4_report.py","7865","44286a34aa9dd41f8b60a74afd6461ac3e0af7e667d0346ba756df6d4a889f4e"
"scripts/build_robot_vla_action_head_handoff.py","12184","d3de8f3d74d0f155983d4a4071a5199c69d7c66e008e4d3a99b3efdb7b0d7f6b"
"scripts/build_robot_vla_remote_result_intake.py","10638","ce301ca47aee2e84678b036e1c883b719f590edfbc16a1bda41cc6e01c4e009a"
"scripts/build_robot_vla_remote_run_pack.py","23595","c7cfff05a3cb850d02c20a0ef8c78c2c0378353d0b5314112da521243c86c0f2"
"scripts/build_showcase_video_matrix.py","13948","9ab72511db2c367e82dc90aacb53f19ee8398ce2f5bd0df08c61285113e91129"
"scripts/build_stage_comparison_report.py","14018","406315be9ce00054fa04369ada3f11b257152dd48824de8edcf4710c85e46f76"
"scripts/build_stage_evidence_index.py","22902","05f22e9156ca7b1b5106db3de027e90fe74506a3d876e303af8692d00ec2f7b4"
"scripts/build_stage_reproduction_runbook.py","11438","645e81c41f2cd4f3dfaeebb188ff00af11fbd0d679669e4f920259fdb02d5dda"
"scripts/build_stage_showcase_index.py","23902","030863f89e26ad3619a029bf44ba48316b7d81b076740addc77dc636c20ffbfc"
"scripts/build_strict_grasp_success_audit.py","12500","3c41c6f87109783f1ca952bb61b1ec6d1d1e61f52b8fded6bbd4abd33b3d72cd"
"scripts/build_task_bc_stage_report.py","14659","082c69f3764d2d9d7788d3f8334fd2a851ad557963d74ac257540a3d05f78fbb"
"scripts/build_thesis_appendix_tables.py","13132","9c8ea514d861c91b580a75a4c46dab28f6c63b3586d04f5bce83681e6fe99b10"
"scripts/build_thesis_results_chapter.py","29649","eab7d671186eac4fe2292cfa76e764fa2f599583ef522234223d702207f96ace"
"scripts/build_thesis_visual_evidence_index.py","28543","4d576b8749ccc70fcf0b3cd7272438730a87390250e24ba3d0d91a1b83678d9c"
"scripts/build_trajectory_act_conclusion_brief.py","10631","fd1c31f10cd3c3f6798db14b83bb5a582a7302d48a6e5bbf4902baf10a322423"
"scripts/build_trajectory_act_experiment_record.py","15415","4928d9d8b4c4ca2a08d34104eaf9fad65f0c36122bbbeac270a924234cd461fc"
"scripts/build_trajectory_act_failure_diagnosis.py","12940","35eba315ebd65d9f7b06d2af4afb2b486ea90dca7b649eda10cda39fcfe762ca"
"scripts/build_trajectory_act_slow_viewer_guide.py","11109","0ebb22c0a98ab7b9b17b9e0a3340621b2e3204057114e7a2c8cb42d113748ef2"
"scripts/build_trajectory_act_stage_report.py","15846","6e38842a42a55bce94650e1019103fdb28b14614a505310222bce023d7e9a8d5"
"scripts/build_v4_independent_replication_report.py","5922","4786e1231ca50ac0655ce5f0d3f0f45c0a861b34d0e428c84ee5494865b5a8a6"
"scripts/build_version_lineage_index.py","20313","6a4c1a60a3a976dc997b24abd5d6b61e29c25c51deb1f18829fce15b41c95656"
"scripts/build_version_naming_and_gate_spec.py","9280","0ffc110b9dcb5c575653e8ffb30eb0a004a1d37f5fe1258084dc4e11607c22e6"
"scripts/build_video_evidence_gallery.py","15214","e3374c51d87ace1351d49e9c8916eb81bd9a7d57ab1e86aa38371b2ae2b12c7a"
"scripts/build_video_evidence_index.py","12144","be506636e7b305f22e4ca63e92afa5f7a8dc92ef7942851b4f6eb1d75ae14b49"
"scripts/build_video_presentation_storyboard.py","15530","42a26ac990c195962546793f75bc93c437e89c0d38a31182873c5fc7fd1d0f9e"
"scripts/build_video_quality_audit.py","8908","264711fc10cbeed3dbbccfaabef88d581fc07f78a8f95273daf98986153aaf53"
"scripts/build_video_showcase.py","15414","2f956a10d5ae596052c1b66aabed7aa934080ee589a0c634d0ab6a9f3917e6e9"
"scripts/calibrate_rgb_grounding.py","2870","20aa498731884a234efca4a1164f63489accc5be072674dc0d87b28b4f5da3e0"
"scripts/check_cuda_torch_runtime.ps1","514","7cdbc52d60eb6715515f6e49ac73e17191a48e038268083a4f3c60861498bc78"
"scripts/check_openvla_feasibility.py","11884","ed6f6b32866395afcf66e6654dcff7a5d7ff36095ddadab880a7a4b40ee82a74"
"scripts/check_runtime_capability.py","9557","3bfc06dd7664ce35c8817bac22714dc98f65dce4ca21177325b3cab460e2751b"
"scripts/clip_lora_utils.py","2394","a3b4acfaf7738cee0bf10fe3caf5614a3fc75de2feed632121a51394e054a5de"
"scripts/collect_action_profile_bank.py","11086","214dc6a17eefd1c619d593e2549d691fa3915c80f643f7dd85e933cdc0758efc"
"scripts/collect_clip_recovery_bank.py","9805","a585376da61222eb0d19bca8a2296cfb73fdef4ef40d4b15acdcf70ad93f454c"
"scripts/collect_contact_phase_pairs.py","11462","b5565ddc3f258b8718502c2f287cd4d82901e400df065d875ae72ecaf23bee0d"
"scripts/collect_contact_profile_sensitivity.py","12169","f9d29175e96eb6c1344fdf9e42776cc56dd43e062532008cbbc5d1eef3c79841"
"scripts/collect_contact_stage_demos.py","10583","155d6e7105e28b87df22ec8b7f2bfad2a1abccfba8853cbd3b220c64584b0312"
"scripts/collect_counterfactual_intervention_pairs.py","11520","dca1f387010a3de26097adb2e9f40d24ce50c6c42bc8c2bbb04207ef6d310276"
"scripts/collect_demos.py","12924","00cd2976b10348e131bdf357ea3eb30e33e2924bc38b7f95605d1565b6f6e5c9"
"scripts/collect_multiview_recovery_dataset.py","12336","40f7d604892578691d70b756b39f60123d3cfb724188e7a95e01a389c28f57ef"
"scripts/collect_multiview_terminal_dataset.py","7620","800e39f1d73be5bff79fe83e6ae7d1c967fa3456ab9f38d37065553484edd19a"
"scripts/compile_registry_rgb_skill_adapter.py","2245","2334dea836b5e67b0c4e3e230b89bcf92c62d936968b6b3e284abab9fa3140a1"
"scripts/create_demo_subset.py","2615","484ff5b992d27e2256e2b5b04ec18c5a601d7bbada63ddb5c0ada3589aa8f56a"
"scripts/debug_ik.py","4810","7aa51b2329c990a09594aeb422358fd0db07cad5ef8a4176b3beed107c18b106"
"scripts/evaluate_action_head_control_safety_sweep.py","11608","cadb393a1904d6a1f46969e16136073366271177ddc36143f9d580b30dc7c73a"
"scripts/evaluate_action_profile_selector.py","5498","005688e1b625e1b0ee4488c3dbdd5befb4ca88f86fad95b57cafbad4f024def9"
"scripts/evaluate_clip_patch_pointer.py","4659","8b0348ab1ab86f7e9c026093723fd0ec8a813114b4dea4cea8d05564f6d67caf"
"scripts/evaluate_clip_semantic_independent_syntax.py","5841","a6199f4dfcb75aad11e2bb98fa464d21c0fc830c96abe4ce6194c3c1646988dd"
"scripts/evaluate_clip_semantic_multiview_gate.py","15311","5ac3a29b299626e5bf47fc9d0a2059dffcb2e6451068438315672fdd8f7f9711"
"scripts/evaluate_clip_semantic_ood_generalization.py","13562","99ced22b878cd79b0a40be4f89a0ac6bae954011c1355c3a382be798d759eac0"
"scripts/evaluate_clip_semantic_rgb_feedback.py","16038","52b3edf622eb137278fe4ac56b382312dfe4d948dbf84b878d8341b3a32b4447"
"scripts/evaluate_clip_semantic_visual_waypoint.py","8967","29005a1889c43bb1419bc1401d19af4d0f44d3b4d1c101c1be641425254372af"
"scripts/evaluate_clip_semantic_waypoint.py","5494","fd5c07dd8a55ebd019ca621ef9e660c3f2658b747ee58489bf8a277e22827726"
"scripts/evaluate_clip_semantic_waypoint_data_efficiency.py","4488","e860cf0cd931f4e7c98d9a77a4bb17367e700c0f9633392d283b39fb701728c0"
"scripts/evaluate_clip_waypoint_action_head.py","4807","283056638f8263f212e54ee05410e945ef938c9f7e25b8a3ec370363303d58bb"
"scripts/evaluate_contact_aware_phase_gated_torch_act.py","11390","a8f64ce142d4923ea9ffd65c390800f6b6edae48fbf4b627545f02a76f67d6e2"
"scripts/evaluate_contact_aware_trajectory_knn.py","14150","3c444cbda67d2d3e5724f7a29216ab1e482a06a072dda5151303f82aa1b9bbc3"
"scripts/evaluate_contact_hold_weighted_torch_act.py","11878","af799b5c7ff3bbeaba6bc8b462b87a710e8ab987823854ab408378cec0fa1ffe"
"scripts/evaluate_contact_phase_gated_torch_act.py","15764","5c92ab7005b83a9b886ccc1a24fe7efee2093110c466f45bec0241ffe15b2a00"
"scripts/evaluate_contact_phase_monitor.py","20556","dc0653ba267173bd919ad27ad6a6d7048c0dbf570a7cf96d0f7803abf2b35942"
"scripts/evaluate_contact_stage_demo_torch_act.py","11465","26815468f62a3b347334535c22c3ba6db3e83cc248523f5d43a80dd18d61a37b"
"scripts/evaluate_contact_stage_phase_action_head.py","15682","dcabaa20b242604841529d8164813f1b3c71c1839e286022acb05f5f905e2442"
"scripts/evaluate_contact_stage_subpolicy.py","14014","e501ab4a3252e19d57ffdae1399f702fcceaaf2b520ad2a2d657ed662cfe23e6"
"scripts/evaluate_control_safety_sweep.py","13466","91caed5c4375c2ae011987e514ac9b4935aa90ed3fcc38df3757c697ceee8e9d"
"scripts/evaluate_data_efficiency.py","20175","aec03e143cb1abf81845c3d9b4403ca7e020be508a6b69c3c0dcc89b7d9b8817"
"scripts/evaluate_domain_randomization.py","18148","7d0f0c10133a75d9922281f05e7ff80be40e8c0b6a6bc2343cccd8e3c9933e20"
"scripts/evaluate_grasp_gated_trajectory_act.py","16790","4592cb79774f2e8431f5e870574527941cee982ea11377794ee6996005f16cd9"
"scripts/evaluate_grasp_gated_trajectory_knn.py","10470","1e2d65030468ff13c7f288b575d10d4a5508f2f129609f17576fc363f7209827"
"scripts/evaluate_grasp_lift_subpolicy_probe.py","18370","2fab2efc75883ddc304c0a6eca1ec5940f771426e7545a1d567d671a5c96008d"
"scripts/evaluate_gripper_timing_probe.py","16285","46a00ed1784543cd7cb4faf3f8736ffc55ac2bc23dd094b3ab1c4e6e2846b657"
"scripts/evaluate_language_generalization.py","27647","dd8fc4222ad9d973dec4e685e90cc8563b861974afc4a6275c7177b15147bc49"
"scripts/evaluate_phase_weighted_torch_act.py","14175","b544d26ade44dcc9f84f30e2a3f222c31c83b9d9d2a19e6505ad2d8211005d63"
"scripts/evaluate_preference_contact_aware_trajectory_post_training.py","15025","58cd81879a6e621851286017c9e363f75e9f175d0d8ebddd392feca2b2c6a497"
"scripts/evaluate_preference_ranked_trajectory_post_training.py","15670","734de7309b033d535daebca270fe101c13656b5bc49cbf88f3044b3486e5f40f"
"scripts/evaluate_preference_trajectory_post_training.py","13433","363c51de32db5b7ddb4cbc58ca9a0585b9b0a935933898e684e57f1143ba6a7b"
"scripts/evaluate_recovery_budget.py","5853","03757c58823c2dac5d58616bf82b4106bd12d35826ee75a5af743acab8b74c22"
"scripts/evaluate_recovery_profiles.py","6864","f6946c8bd90902d1710479d348a640258365512dd27e6b2c748e2f2d7a1e2eda"
"scripts/evaluate_rgb_frontend_end_to_end.py","7523","722fde228190d9154acc1a2827b0bcad8c296d39b3b2d8d258ac29ffd0c12607"
"scripts/evaluate_rgb_grounding.py","6168","29f68069415e64de59ebd40d1ce7c01a1848f1725178a3d47495b289f52471ab"
"scripts/evaluate_rgb_recovery_profiles.py","10309","ab0500858eed478ff59305b175b8df49ca7f7a409131754bf4ee0713bf77a65e"
"scripts/evaluate_timing_aware_trajectory_prior_residual_bc.py","14895","7717fdf204b70f200aa2d1e9d3dbe4a9ec46dba8dc72e67f76ad8549f543765f"
"scripts/evaluate_trajectory_phase_template_bc.py","10812","7b0fd1c0e28565cc291a7c147e057df290e052d78a1afc9bfe983d3f64d18f2c"
"scripts/evaluate_trajectory_prior_residual_bc.py","12841","4d24fe77e5c535809590518a9573350d5ea5692d2dd65935da75dfb4c884d62e"
"scripts/export_openvla_dataset_bridge.py","13616","360e735d52135251da4230e96c1ea2f338d6f383743f92686be4ca7f0b1f2d08"
"scripts/export_openvla_rlds_source.py","14924","ee07db678699a14040dc1d2bdd9a6eb74e521deb99dffb1d26733887089507ac"
"scripts/export_video.py","49110","d7d67eb6cfd84e8200e931a73961d85a7858b503602497f9f2855ba17e447a76"
"scripts/finalize_kaggle_patch_pointer_pack.py","3984","8e4ca7a2dbb199aab5a66da3734bbf2c400bba89699fb2c55d86bd0e6b3502b4"
"scripts/grasp_gate.py","2055","1591edfadb21642fe527f480baf5f467f630013eaf0e8bcf27ad72f58fe1f406"
"scripts/inspect_dataset.py","1720","10f2ddb63bf7f16a418ba5bd0714071d550ed17588efd43884b5506996a095bf"
"scripts/kaggle_train_patch_pointer.py","13209","2492511b448e689d3f4cef736d542a41f8039d061ef0703474fb9b7a7154785f"
"scripts/probe_visual_recovery_profiles.py","5632","81c6b006cc0e0683f0bf5bf9de7adbda5a677da3f5cc27ca50754ed97ad56bec"
"scripts/remote_openvla/widowx_mujoco_pick_place_dataset_builder.py","5218","ced12e95aacf58dbbd1c70a0d7fdb66ebdabb4e05e32519469ed94a06bf6fc66"
"scripts/replay_demo.py","7148","c7b496d6ef7b2c6fca8a367f31d4b3354b8b01a58c90340e8790aa24479eec69"
"scripts/run_bc_policy.py","12602","ac69f400a800977641d506e94220836dec12157e995fdaf7bcb26100faa48581"
"scripts/run_chunk_policy.py","12844","34900d07a905ab745f4c3637766d6388acffbcc35d86206302ae3142c39cc0ba"
"scripts/run_clip_action_head.py","11787","3066cf3d47936127ec7a9cce9ded1556f29256142ed224456ca3b297e188d5c4"
"scripts/run_clip_patch_pointer.py","9576","ec3eb8ce730a7b843e06766ad9b9d836454fa38b1c13a6986fb785abb7fe497d"
"scripts/run_clip_semantic_multiview_gate.py","15982","cffcc60d76abdfdfe3d17897f4d48a8cfd3f7e6686a3c2e5e88a053ed871e2d3"
"scripts/run_clip_semantic_rgb_feedback.py","17575","5fc44defc2e57acf59c9d8d888cb4811734fa759cc9da4bf2a9d25fee1df3cc2"
"scripts/run_clip_semantic_visual_waypoint.py","7752","bfd7b8a4be7de787d64b402330ade98fda09ecf15326c753cbd1164899922f13"
"scripts/run_clip_semantic_waypoint.py","10249","49d53158eef4b8239298518a4487d70f4d33b6dc819ab48a331bf543ccc29034"
"scripts/run_clip_waypoint_action_head.py","8503","03ed703fa99b26176da26784124900317870311fbde08517c606135b60efe800"
"scripts/run_contact_stage_subpolicy.py","12452","fd28865c973efa0cb8568f0e9ac38037e35d322e208327356cfd2bbaa58554f8"
"scripts/run_diffusion_policy.py","11148","0a266f2165c7acd2752be268ee2e1e07b90890a93d2c5d3079d22c8f7f152ae7"
"scripts/run_expert.py","6318","2c899acd44fd04ca6f7138410a9398fa7e7e219cf88eaacdc47082db2a4f683b"
"scripts/run_grasp_gated_trajectory_knn_policy.py","9862","d308bb00cb6a6ece75e92a3616a89281cb7b0a3b6cdcb15d587ef0b3d9f0a49f"
"scripts/run_gripper_timing_probe.py","15851","6ef7434f87fcc7fbbf07ac96897162ae5f282a101cd1218ef005f22aa6616680"
"scripts/run_knn_policy.py","10563","c58972fb058d993a1f4380bd2efe6173cead9cd6e49a419ff23a530671ac8a4e"
"scripts/run_mlp_policy.py","8644","5ff063141f5cf2e16527e94f81f9acbc6f1f729de1e3e02a6435d24ef3ab8aca"
"scripts/run_object_action_head.py","9058","870110d71b3e221ef4a8c1447a951d563c2e86a2bea94980126c81729d03ab34"
"scripts/run_peft_action_head.py","9629","0d6717a5d57d2c2ff77b39fbea9554861b149dacc660c5111bddce23eef3ae7e"
"scripts/run_phase_action_head.py","13239","3415019ae9200a60d390071d6617d5b347d2616711328ed452ce57ee478889a4"
"scripts/run_preference_trajectory_post_training_policy.py","12539","b55eee19eeb9a2e9ae9e6c9aaa3e708b00b646c642ee950ea5849cbeb00cf7d8"
"scripts/run_research_platform.py","245","c4a67904c19c3db36a8db6768a3e4e33436ed109bbfc2a4ac3da8ebce7ca1e54"
"scripts/run_structured_waypoint_policy.py","7064","d9481ac613be1da75d4b062cab7169122e4521d5634b57e0114f4f5d4397e7c7"
"scripts/run_timing_aware_trajectory_prior_residual_policy.py","3968","b3cfb441d0213520bf30b47cb73df9e2e797a5afd663ed44b710116e011f693d"
"scripts/run_torch_act_cvae_policy.py","11646","0ec8b3716a23d4237fbdd4e15d42e78b78240365506ab1fad25aa6f6767e5f47"
"scripts/run_torch_act_policy.py","14243","55c2995801874901f540986604f492f148c612f6855bbc58b96c779f79cff918"
"scripts/run_torch_diffusion_policy.py","13387","723a1949f54fdbedef0d50fd16878ec1da6bdb984163ae0e7da9dc75fe5713e1"
"scripts/run_trajectory_knn_policy.py","14253","bff2ff4aea147b1a8fc882556adbf2a0469b1237dd2acd628095cb14e49ce7f7"
"scripts/run_trajectory_phase_template_policy.py","9874","e1edbe9da543b99f4efab27462d8bb1b9700ee778d3420cfde2d2bb74a47b1ae"
"scripts/run_trajectory_prior_residual_policy.py","11432","bb7196594aed39649ad112ced5776b26ccb80e0ad1820e1a373c76701f0324f6"
"scripts/run_viewer.py","1989","66c79d5595a8277a2e589fad9660a04d75bb86a3140d7de0f88fa8aab410b92f"
"scripts/run_vision_language_action_head.py","9384","de4e72f6813aa7a7ee01f5a822f48dc0ee5d075f3f58eeba9c700a0a76e50fbb"
"scripts/run_visual_act_cnn_cvae_policy.py","13383","e47539b49a21e2aa1323bd5331462a0f171480609e35bb918275f61630e25bdc"
"scripts/run_visual_feature_act_policy.py","12403","48b9320913592392c437ff0fdb53762c52501f359eb55668f5527162994c235a"
"scripts/setup_cuda_torch_runtime.ps1","1863","19d3f45c39da114b52ba02bdb3708c0b253b3e793981f3d93b3d72ef93ee2da9"
"scripts/showcase_launcher.py","11225","f96534ca1e6104ed1051ffe49e70f4f71757d3f95f98f13c87a8509d492dac5f"
"scripts/smoke_test.py","1786","cbbf729056946b4581a51b43f40762b23ed85b7aa65d1637e02158f4b35c2b0a"
"scripts/summarize_contact_phase_pairs.py","4768","8ac2c6938c95e0a02af6c1215e7222bd167db2d3e412d20f7d5a180b58ae13d2"
"scripts/summarize_experiments.py","11186","012ed6b61870b114ca588701dfa5df8e762245f68923206a30e6e07b9a173e73"
"scripts/summarize_model_resources.py","18872","ca48382f67133e419c7f5344f737dded898c06c96067f31bb51221d0509cac8a"
"scripts/sweep_recovery_profiles.py","7791","a241e1435351466ea617a839fe29996ecb1eda705cd4f3c7dcbce0ca86a05632"
"scripts/timing_aware_trajectory_prior_residual_common.py","3234","52fe90f6dcb1de292cd5f005de9c92cd440100a89f4bbd9e581cec6474089d30"
"scripts/torch_runtime.py","415","a1c43bf70d61ebadefd918950c72015c16350fe0d4b88eb5d7f83aaf7bc0f3f9"
"scripts/train_bc.py","4594","cd3c7002af0b0ffcba30c0a4b5688252078911d35c9a4e980c7782faaf865009"
"scripts/train_chunk_bc.py","12011","99061a62976d15578ade59b0f707f0401cbb522f471d3b175c142ab9f7a41692"
"scripts/train_clip_action_head.py","18280","938d46a6313fcbfa835d879f6425dca8acf469b9d3300bbb9f13becabf548b7f"
"scripts/train_clip_lora_patch_pointer.py","17743","4c18ea1fa695800da35c6de91b55319dc4fd9f1983221ce65e04e02a6b08e08c"
"scripts/train_clip_patch_pointer.py","16556","b6c4e4adf2ee2693817f6766ab2a99506ceb7d1a4542d3fe8677bf13ad161157"
"scripts/train_clip_recovery_head.py","14446","489df2b03f98917e8345d53cd3138ccea9ff0b2e1248a148828d1e8f800c2c33"
"scripts/train_clip_semantic_waypoint.py","9961","eedb094d84e14a9c2c0f498654eb7b914f88347544ad3ec1e138ff10a082df17"
"scripts/train_clip_waypoint_action_head.py","13373","aad7d2f3615f69ff688030379e608f6d54f824781fc03af6b90d5dc241d0a943"
"scripts/train_contact_phase_monitor.py","9301","0a88f91c0997a2d2198c1f83c68bb37be80f0288ca378de95c86411f6fa3084a"
"scripts/train_diffusion_policy.py","8756","e14c3b17b20da8162e3f2432a1a8120d4715226871ab77d804818ff3b39037d9"
"scripts/train_knn_bc.py","2897","d56959d95277f966217bffa2515356b20d717cdf70acd9e1c7dff45adcd1e1a8"
"scripts/train_mlp_bc.py","9926","07e51c21147bdb5dd94b53ad15d21bafe8962fbc1a60c91443f4b4fec80bb71d"
"scripts/train_multiview_value_head.py","10536","203c44bb2729fff1d1bb7446c47c6d7115d099ad558388256163286cc3df7ef5"
"scripts/train_object_action_head.py","13165","ae67d0714615608b0860876e2a8ac794dabd40f6e0ece3d3e01d3ad735d795ac"
"scripts/train_peft_action_head.py","13942","0b94cd04d40d34cac24ea0b9c885035d22e0313cf527b31bf959891f29463735"
"scripts/train_phase_action_head.py","12402","6a504f5121417697111a95db99a48c8ed15994c790581906b1ac5943cfcbff1b"
"scripts/train_preference_trajectory_post_training.py","15572","d4fd57a134f4da35012a0a48b9ec381ace22636f36e0eedf5470852ebf8a234c"
"scripts/train_reward_weighted_action_head.py","12274","dd9b37180d4f1276f1ea48ed5f440cb28a6fe5b462e01c9a71e035d9a377d17d"
"scripts/train_structured_waypoint_policy.py","2898","c8ca36bc8be96f61b61af8a0316a52da6803bf205f86557b892f5abf791677a5"
"scripts/train_timing_aware_trajectory_prior_residual_bc.py","7606","f9d5e02adcab8c474c42abbdd1ef31d5a28b595fa14e91b14251bbc8d634e614"
"scripts/train_torch_act.py","17758","42a158fdfb1f1aec42b66d9fa0ab2652e2cb409e3d5ded323698381ea110c0f9"
"scripts/train_torch_act_cvae.py","15391","5ff81e6fc140f9874beb1cf9c37c0366460056adc1d9f4e1d34723e272e9cd5b"
"scripts/train_torch_diffusion_policy.py","14668","97b81804bf86e0f02049723369da09b08ea2116a17bf10c4060461a56b50ebb5"
"scripts/train_trajectory_knn_bc.py","5604","a9fbdba833f415e4919d83e3cbac513dff91cbb082b6560b81e586ddfaebf1c7"
"scripts/train_trajectory_phase_template_bc.py","8585","f162fe138c6f4937c3e441b6c58ba781792b70805cc09bce57ad3f1ab9d91fc5"
"scripts/train_trajectory_prior_residual_bc.py","8640","576ff6c9adbbabf4a8a37ed649756ec49b696f287bde7b03d5a2777b4319d39d"
"scripts/train_vision_language_action_head.py","16363","ec0c0e920ca646958707073db5b853b3b5a9e63b3a757e391836df461c288e91"
"scripts/train_visual_act_cnn_cvae.py","24059","8854ac81609013ab6f08b92946b265c8ae8077f354e61d4c94263fc39990ee78"
"scripts/train_visual_feature_act.py","14569","74a604c277f985327927601697e51e945e2c480917bfea9db94da4fc3f39fe35"
"scripts/trajectory_prior_residual_common.py","4998","65ad508fd10f7fb9446439ad07dba365aed11a40c1ae1c295b5540d1dfb9635f"
"scripts/validate_contact_phase_pairs.py","5741","b1e3a6c371e4d963d3c6ba700550742f4bee8f596bd4a3a1310d417a8fc83c6f"
"scripts/validate_openvla_rlds_source.py","7025","748c742c21ada2fa7e675a27848a740a5cc3f7eb57254362f8119bd12081866f"
"scripts/verify_experiment_artifacts.py","502906","1797c45798634e8781f67226b0d342a2cb792ef81aa4f44de0e9b6fcb9d2f682"
"scripts/verify_mujoco_research_summary.py","6676","a7f199695b539374a70458076cc597ab8995c1857dc882f810407f54f937383c"
"scripts/verify_repository_bundle.py","1831","7569f9bfbf33aae522431480f05c2d8fe4444a748151396dab9a13966eff4d49"
"scripts/verify_research_platform.py","26841","f7be8344deab768c4be08ef5e3bb4d18f4649142f674f4f419231c325541db54"
"scripts/vlm_runtime.py","286","b0fb5771fa1c9ac3c6e99b9f3db308a7c95dfb2de76fbc6dc6bc92b509d1dc79"
"widowx_env/__init__.py","93","ae51e344c1f4aa1c9199d33c3511093c374fb7847ea0f9eed35d2925d585b70a"
"widowx_env/demo_dataset.py","7242","8f8e515275b9e1387266c2927ae5cfa2883c10c6410c55577b1538852796f3d2"
"widowx_env/ik_controller.py","2626","fed928f78bb08b22f98dd9224795ef52b6fa198a981bec1b3e7d7d8312305c50"
"widowx_env/multiview_features.py","5525","e88fb365dba9ae87f6fc5908ed72c1aaeed25730b0686802f2a1ec6d65c32ce2"
"widowx_env/rollout_video.py","1907","74421d1c61c195e1616cbf31b94d4b6355f7f4dd3a7e1ffbc8a3d0f4e5b07334"
"widowx_env/scripted_expert.py","19684","aaca78319364daf428e27d6a879f2ae1e2a28c8fecc3072dfcbe6520e1b2a01b"
"widowx_env/tabletop_env.py","18964","28890f2fb76b042ad8f434a3c1064b5a5180c26b427d4b3fb5f1e81b31919cc1"
"widowx_env/vision_grounding.py","11979","d602744a8628cfc593da2e842a709cb7d11550b9fa5ed3f36167c316367acd22"
